JvmtiExport can_access_local_variables 0
JvmtiExport can_hotswap_or_post_breakpoint 0
JvmtiExport can_post_on_exceptions 0
# 376 ciObject found
instanceKlass com/intellij/openapi/progress/impl/ProgressRunner$$Lambda$819
instanceKlass org/jetbrains/plugins/groovy/lang/psi/api/statements/typedef/members/GrEnumConstantList
instanceKlass org/jetbrains/plugins/groovy/lang/psi/api/statements/typedef/members/GrEnumConstant
instanceKlass com/jetbrains/cidr/lang/search/FileNameWithoutExtensionIndex$getIndexer$1
instanceKlass com/intellij/codeInspection/bytecodeAnalysis/BytecodeAnalysisIndex$$Lambda$818
instanceKlass com/intellij/codeInspection/bytecodeAnalysis/BytecodeAnalysisIndex$HKeyDescriptor
instanceKlass com/android/tools/idea/sqlite/fileType/SqliteFileType
instanceKlass com/intellij/openapi/progress/util/ProgressDialog$$Lambda$817
instanceKlass org/jetbrains/kotlin/idea/KotlinModuleFileType
instanceKlass javax/swing/plaf/basic/BasicGraphicsUtils
instanceKlass org/jetbrains/kotlin/idea/decompiler/builtIns/KotlinBuiltInFileType
instanceKlass com/jetbrains/cidr/lang/search/FileNameWithoutExtensionIndex$getInputFilter$1
instanceKlass javax/swing/JComponent$ActionStandin
instanceKlass org/jetbrains/kotlin/idea/decompiler/js/KotlinJavaScriptMetaFileType
instanceKlass com/intellij/openapi/progress/util/ProgressDialog$$Lambda$816
instanceKlass com/intellij/openapi/progress/util/ProgressDialog$$Lambda$815
instanceKlass com/intellij/openapi/progress/util/ProgressDialog$$Lambda$814
instanceKlass com/jetbrains/jsonSchema/impl/JsonSchemaFileValuesIndex$$Lambda$813
instanceKlass com/intellij/openapi/progress/util/ProgressDialog$$Lambda$812
instanceKlass com/intellij/openapi/progress/util/ProgressDialog$1
instanceKlass com/intellij/ui/JBColor$$Lambda$811
instanceKlass com/intellij/xml/index/SchemaTypeInheritanceIndex$1
instanceKlass com/intellij/xml/index/SchemaTypeInheritanceIndex$2
instanceKlass org/jetbrains/kotlin/ide/konan/NativeDefinitionsLanguage$Companion
instanceKlass com/intellij/ui/ActiveComponent
instanceKlass com/intellij/ui/CaptionPanel$$Lambda$810
instanceKlass com/intellij/psi/PsiEnumConstant
instanceKlass com/intellij/lang/jvm/JvmEnumField
instanceKlass com/intellij/psi/PsiConstructorCall
instanceKlass javax/swing/KeyboardManager
instanceKlass com/intellij/DynamicBundle$$Lambda$809
instanceKlass javax/swing/plaf/basic/BasicButtonListener
instanceKlass com/intellij/psi/PsiCall
instanceKlass org/jetbrains/plugins/groovy/lang/psi/api/statements/expressions/GrConstructorCall
instanceKlass com/intellij/openapi/fileTypes/ex/FakeFileType
instanceKlass com/intellij/openapi/actionSystem/ex/CustomComponentAction
instanceKlass org/jetbrains/plugins/groovy/lang/psi/api/statements/expressions/GrCall
instanceKlass org/jetbrains/plugins/groovy/lang/psi/api/statements/GrField
instanceKlass org/jetbrains/plugins/groovy/lang/psi/api/statements/GrVariable
instanceKlass javax/swing/AbstractButton$Handler
instanceKlass javax/swing/DefaultButtonModel
instanceKlass javax/swing/ButtonModel
instanceKlass com/intellij/xml/index/XmlNamespaceIndex$2
instanceKlass org/jetbrains/plugins/groovy/lang/psi/api/statements/typedef/GrEnumDefinitionBody
instanceKlass com/intellij/xml/index/XmlNamespaceIndex$3
instanceKlass javax/swing/plaf/basic/BasicProgressBarUI$Handler
instanceKlass org/intellij/images/fileTypes/impl/SvgLanguage$Companion
instanceKlass com/intellij/psi/PsiModifiableCodeBlock
instanceKlass org/jetbrains/plugins/groovy/lang/psi/api/statements/blocks/GrOpenBlock
instanceKlass org/jetbrains/plugins/groovy/lang/psi/api/statements/blocks/GrClosableBlock
instanceKlass javax/swing/JProgressBar$ModelListener
instanceKlass javax/swing/event/ChangeListener
instanceKlass javax/swing/DefaultBoundedRangeModel
instanceKlass javax/swing/BoundedRangeModel
instanceKlass org/jetbrains/plugins/groovy/lang/psi/api/GrFunctionalExpression
instanceKlass com/intellij/util/ui/UIUtil$10
instanceKlass com/intellij/util/ui/AATextInfo
instanceKlass org/jetbrains/plugins/groovy/lang/psi/api/statements/expressions/GrExpression
instanceKlass org/jetbrains/plugins/groovy/lang/psi/api/statements/GrStatement
instanceKlass org/jetbrains/plugins/groovy/lang/psi/api/statements/typedef/GrClassDefinition
instanceKlass javax/swing/event/AncestorListener
instanceKlass javax/swing/AncestorNotifier
instanceKlass java/beans/VetoableChangeListener
instanceKlass javax/swing/InputVerifier
instanceKlass javax/swing/TransferHandler
instanceKlass javax/swing/TransferHandler$DropLocation
instanceKlass com/intellij/openapi/fileTypes/UIBasedFileType
instanceKlass com/intellij/codeInsight/intention/impl/QuickEditActionKeys
instanceKlass com/intellij/codeInsight/intention/LowPriorityAction
instanceKlass com/intellij/codeInsight/intention/PriorityAction
instanceKlass com/intellij/codeInsight/intention/IntentionAction
instanceKlass com/intellij/codeInsight/intention/FileModifier
instanceKlass com/intellij/openapi/application/WriteActionAware
instanceKlass com/intellij/util/MethodInvocator
instanceKlass com/intellij/util/ui/GraphicsUtil
instanceKlass com/jetbrains/cidr/lang/hmap/OCHeaderMapFileType
instanceKlass com/intellij/xml/index/XmlTagNamesIndex$1
instanceKlass javax/swing/event/HyperlinkListener
instanceKlass javax/swing/plaf/basic/BasicHTML$$Lambda$808
instanceKlass javax/swing/plaf/basic/BasicHTML
instanceKlass org/jetbrains/plugins/groovy/lang/psi/api/statements/typedef/GrTypeDefinitionBody
instanceKlass com/jetbrains/cidr/execution/debugger/formatters/natvis/NatVisFileType$Companion
instanceKlass org/jetbrains/plugins/groovy/lang/psi/api/GrBlockLambdaBody
instanceKlass org/intellij/plugins/relaxNG/model/CommonElement$Visitor
instanceKlass org/intellij/plugins/relaxNG/model/resolve/RelaxSymbolIndex$1
instanceKlass org/jetbrains/plugins/groovy/lang/psi/api/GrLambdaBody
instanceKlass sun/reflect/misc/Trampoline
instanceKlass sun/reflect/misc/MethodUtil$1
instanceKlass com/intellij/util/indexing/IndexConfiguration$$Lambda$807
instanceKlass com/intellij/util/xml/DomFileIndex$1
instanceKlass com/intellij/psi/impl/ReparseableASTNode
instanceKlass com/intellij/spellchecker/DictionaryFileType
instanceKlass com/intellij/psi/impl/include/FileIncludeIndex$StringSetDescriptor
instanceKlass com/intellij/util/xml/DomFileIndex$DomIndexKeyDescriptor
instanceKlass com/intellij/psi/impl/include/FileIncludeIndex$1
instanceKlass com/intellij/psi/impl/include/FileIncludeIndex$2
instanceKlass com/intellij/ide/highlighter/DomSupportEnabled
instanceKlass org/jetbrains/plugins/groovy/lang/psi/api/statements/blocks/GrCodeBlock
instanceKlass com/intellij/uiDesigner/core/GridConstraints
instanceKlass org/jetbrains/plugins/groovy/lang/psi/api/util/GrDeclarationHolder
instanceKlass org/jetbrains/plugins/groovy/lang/psi/api/util/GrStatementOwner
instanceKlass org/jetbrains/plugins/groovy/lang/psi/api/util/GrVariableDeclarationOwner
instanceKlass java/util/concurrent/ForkJoinPool$ManagedBlocker
instanceKlass org/jetbrains/plugins/groovy/lang/psi/GrControlFlowOwner
instanceKlass com/intellij/uiDesigner/core/DimensionInfo
instanceKlass com/intellij/uiDesigner/core/AbstractLayout
instanceKlass com/intellij/openapi/vcs/changes/patch/PatchFileType
instanceKlass com/intellij/openapi/file/exclude/EnforcedPlainTextFileType$$Lambda$806
instanceKlass com/intellij/codeInsight/template/impl/TemplateSettings$TemplateKey
instanceKlass com/intellij/openapi/file/exclude/EnforcedPlainTextFileTypeManager$1
instanceKlass com/intellij/openapi/progress/util/ProgressDialog$$Lambda$805
instanceKlass com/intellij/openapi/file/exclude/EnforcedPlainTextFileTypeManager
instanceKlass com/intellij/openapi/file/exclude/EnforcedPlainTextFileType
instanceKlass com/intellij/codeInsight/template/impl/TemplateContext$$Lambda$804
instanceKlass com/intellij/ide/highlighter/ProjectFileType
instanceKlass com/intellij/codeInsight/template/impl/TemplateContext$$Lambda$803
instanceKlass com/intellij/openapi/project/impl/ProjectManagerExImpl$openProjectAsync$2
instanceKlass java/util/stream/DistinctOps
instanceKlass com/intellij/openapi/project/impl/ProjectUiFrameAllocator$run$2
instanceKlass com/intellij/psi/impl/include/FileIncludeProvider
instanceKlass com/intellij/codeInsight/template/impl/TemplateContext$1$$Lambda$802
instanceKlass com/intellij/util/ui/components/JBComponent
instanceKlass org/jetbrains/plugins/groovy/lang/psi/api/statements/typedef/GrAnonymousClassDefinition
instanceKlass com/intellij/ide/highlighter/ModuleFileType
instanceKlass com/intellij/ui/AnchorableComponent
instanceKlass com/intellij/ide/highlighter/WorkspaceFileType
instanceKlass com/intellij/openapi/fileTypes/InternalFileType
instanceKlass com/intellij/util/indexing/FileBasedIndexImpl$$Lambda$801
instanceKlass com/intellij/openapi/progress/impl/ProgressRunner$$Lambda$800
instanceKlass com/intellij/openapi/fileTypes/ex/DetectedByContentFileType
instanceKlass com/intellij/psi/impl/include/FileIncludeIndex$3
instanceKlass com/intellij/openapi/progress/impl/ProgressResult
instanceKlass com/intellij/openapi/progress/impl/ProgressRunner$$Lambda$799
instanceKlass com/intellij/util/indexing/FileBasedIndexImpl$8
instanceKlass com/intellij/openapi/fileTypes/NativeFileType
instanceKlass com/intellij/openapi/util/text/TrigramBuilder$TrigramProcessor
instanceKlass com/intellij/openapi/fileTypes/INativeFileType
instanceKlass com/intellij/openapi/progress/impl/ProgressRunner$$Lambda$798
instanceKlass com/intellij/find/ngrams/TrigramIndex$1
instanceKlass com/intellij/openapi/progress/impl/ProgressRunner$$Lambda$797
instanceKlass com/intellij/find/ngrams/TrigramIndex$2
instanceKlass com/intellij/openapi/progress/impl/ProgressRunner$1
instanceKlass com/intellij/openapi/fileTypes/impl/FileTypeManagerImpl$$Lambda$796
instanceKlass com/intellij/openapi/progress/impl/ProgressRunner$$Lambda$795
instanceKlass com/intellij/openapi/progress/impl/ProgressRunner$$Lambda$794
instanceKlass com/intellij/openapi/fileTypes/impl/FileTypeManagerImpl$$Lambda$793
instanceKlass com/intellij/openapi/progress/util/ProgressDialog
instanceKlass com/intellij/openapi/progress/impl/ProgressRunner$$Lambda$792
instanceKlass com/intellij/openapi/progress/impl/ProgressRunner$$Lambda$791
instanceKlass com/intellij/openapi/progress/util/ProgressWindow$$Lambda$790
instanceKlass com/intellij/openapi/project/impl/ProjectUiFrameAllocator$run$progressRunner$1
instanceKlass com/intellij/openapi/progress/util/ProgressWindow$$Lambda$789
instanceKlass com/intellij/psi/stubs/StubUpdatingIndex$$Lambda$788
instanceKlass com/intellij/openapi/progress/impl/ProgressRunner
instanceKlass com/intellij/openapi/progress/util/ProgressWindow$Listener
instanceKlass com/intellij/util/indexing/impl/forward/SingleEntryIndexForwardIndexAccessor$$Lambda$787
instanceKlass com/intellij/openapi/application/impl/ApplicationImpl$$Lambda$786
instanceKlass java/lang/invoke/LambdaForm$MH
instanceKlass java/lang/invoke/LambdaForm$DMH
instanceKlass java/lang/invoke/LambdaForm$DMH
instanceKlass com/intellij/psi/stubs/StubUpdatingIndex$3
instanceKlass com/intellij/openapi/application/impl/ApplicationImpl$$Lambda$785
instanceKlass java/lang/invoke/LambdaForm$DMH
instanceKlass com/intellij/psi/stubs/StubIndexImpl$AsyncState
instanceKlass com/intellij/openapi/progress/impl/BlockingProgressIndicator
instanceKlass com/intellij/psi/stubs/StubIndex$StubIndexHolder
instanceKlass com/intellij/psi/PsiAnonymousClass
instanceKlass com/intellij/util/indexing/impl/storage/DefaultIndexStorageLayout$SingleEntryStorageLayout
instanceKlass org/jetbrains/plugins/groovy/lang/psi/api/statements/typedef/GrAnnotationTypeDefinition
instanceKlass com/intellij/psi/stubs/StubUpdatingIndex$2
instanceKlass com/intellij/ui/ScreenUtil
instanceKlass com/intellij/util/indexing/impl/perFileVersion/PersistentSubIndexerVersionEnumerator$MyEnumerator
instanceKlass com/intellij/util/indexing/impl/perFileVersion/PersistentSubIndexerVersionEnumerator
instanceKlass com/intellij/util/indexing/impl/perFileVersion/PersistentSubIndexerRetriever$$Lambda$783
instanceKlass com/intellij/idea/SplashManager$$Lambda$784
instanceKlass com/intellij/util/indexing/impl/perFileVersion/PersistentSubIndexerRetriever
instanceKlass javax/swing/ActionMap
instanceKlass com/intellij/util/indexing/snapshot/SnapshotSingleValueIndexStorage
instanceKlass com/intellij/psi/search/FileTypeIndexImpl$$Lambda$782
instanceKlass com/intellij/psi/search/FileTypeKeyDescriptor$$Lambda$781
instanceKlass org/jetbrains/plugins/groovy/lang/psi/api/statements/typedef/GrTypeDefinition
instanceKlass com/intellij/psi/search/FileTypeKeyDescriptor
instanceKlass com/intellij/psi/search/FileTypeIndexImpl$$Lambda$780
instanceKlass javax/swing/LayoutComparator
instanceKlass javax/swing/RepaintManager$PaintManager
instanceKlass com/intellij/util/indexing/GlobalIndexFilter
instanceKlass com/intellij/util/indexing/FileBasedIndexImpl$$Lambda$779
instanceKlass com/intellij/util/indexing/FileBasedIndexImpl$$Lambda$778
instanceKlass javax/swing/JRootPane$RootLayout
instanceKlass org/jetbrains/plugins/groovy/lang/psi/api/statements/typedef/members/GrMethod
instanceKlass com/intellij/util/indexing/impl/forward/IntMapForwardIndex
instanceKlass org/jetbrains/plugins/groovy/lang/groovydoc/psi/api/GrDocCommentOwner
instanceKlass com/intellij/util/indexing/impl/storage/TransientFileContentIndex$2
instanceKlass com/intellij/util/indexing/impl/forward/IntForwardIndex
instanceKlass org/jetbrains/plugins/groovy/lang/psi/api/types/GrTypeParameterListOwner
instanceKlass org/jetbrains/plugins/groovy/lang/psi/api/toplevel/GrTopStatement
instanceKlass org/jetbrains/plugins/groovy/lang/psi/api/statements/GrParameterListOwner
instanceKlass com/intellij/util/indexing/impl/storage/KeyHashLog$IntPairInArrayKeyDescriptor
instanceKlass com/sun/java/swing/SwingUtilities3
instanceKlass org/jetbrains/plugins/groovy/lang/psi/api/statements/GrParametersOwner
instanceKlass org/jetbrains/plugins/groovy/lang/psi/api/statements/typedef/members/GrMember
instanceKlass com/intellij/util/indexing/impl/storage/KeyHashLog
instanceKlass java/awt/FlowLayout
instanceKlass com/intellij/util/indexing/snapshot/CompositeHashIdDescriptor
instanceKlass org/jetbrains/plugins/groovy/lang/psi/GrNamedElement
instanceKlass com/intellij/ui/BalloonLayout
instanceKlass com/intellij/openapi/wm/impl/IdeFrameImpl$FrameDecorator
instanceKlass com/intellij/openapi/wm/impl/IdeFrameImpl$FrameHelper
instanceKlass org/jetbrains/plugins/groovy/lang/psi/api/statements/typedef/members/GrMembersDeclaration
instanceKlass com/intellij/util/indexing/impl/ValueContainerMap
instanceKlass com/intellij/openapi/wm/StatusBar
instanceKlass com/intellij/openapi/wm/StatusBarInfo
instanceKlass javax/accessibility/AccessibleComponent
instanceKlass com/intellij/util/indexing/snapshot/CompositeHashIdEnumerator
instanceKlass com/intellij/util/indexing/snapshot/SnapshotHashEnumeratorService$createHashEnumeratorHandle$handle$1
instanceKlass com/intellij/util/indexing/snapshot/SnapshotHashEnumeratorService$HashEnumeratorHandle
instanceKlass org/jetbrains/plugins/groovy/lang/psi/api/auxiliary/modifiers/annotation/GrAnnotationNameValuePair
instanceKlass com/intellij/util/CompressionUtil
instanceKlass com/intellij/util/indexing/impl/forward/IntForwardIndexAccessor
instanceKlass org/jetbrains/plugins/groovy/lang/psi/api/auxiliary/modifiers/annotation/GrAnnotationArgumentList
instanceKlass com/intellij/util/io/PersistentMapImpl$$Lambda$777
instanceKlass com/intellij/openapi/project/impl/ProjectFrameAllocatorKt
instanceKlass com/intellij/openapi/project/impl/DefaultProjectUiFrameManager
instanceKlass com/intellij/openapi/project/impl/ProjectUiFrameManager
instanceKlass org/jetbrains/plugins/groovy/lang/psi/api/auxiliary/modifiers/annotation/GrAnnotation
instanceKlass com/intellij/util/io/PersistentMapImpl$3
instanceKlass com/intellij/util/io/PersistentMapImpl$$Lambda$776
instanceKlass org/jetbrains/plugins/groovy/lang/psi/api/auxiliary/modifiers/annotation/GrAnnotationMemberValue
instanceKlass com/intellij/util/io/PersistentMapImpl$$Lambda$775
instanceKlass com/intellij/util/io/PersistentBTreeEnumerator$RecordBufferHandler$$Lambda$774
instanceKlass org/jetbrains/plugins/groovy/lang/psi/api/auxiliary/GrCondition
instanceKlass org/jetbrains/plugins/groovy/lang/psi/GroovyPsiElement
instanceKlass com/intellij/util/indexing/impl/MapIndexStorage$$Lambda$773
instanceKlass com/intellij/util/io/PersistentMapImpl$1
instanceKlass com/intellij/util/io/IOCancellationCallback
instanceKlass com/intellij/notification/impl/NotificationGroupManagerImpl$$Lambda$772
instanceKlass com/intellij/util/indexing/impl/ValueContainerExternalizer
instanceKlass java/awt/Event
instanceKlass com/intellij/notification/impl/NotificationGroupEP
instanceKlass com/intellij/util/indexing/impl/ValueContainerInputRemapping$$Lambda$771
instanceKlass com/intellij/util/indexing/impl/ValueContainerInputRemapping
instanceKlass com/intellij/notification/impl/NotificationGroupManagerImpl$$Lambda$770
instanceKlass org/jetbrains/plugins/groovy/lang/psi/GroovyElementTypes
instanceKlass com/intellij/notification/impl/NotificationGroupManagerImpl
instanceKlass com/intellij/notification/NotificationGroupManager
instanceKlass com/intellij/util/io/PersistentEnumeratorBase$DataFilter
instanceKlass com/intellij/notification/NotificationGroup$Companion
instanceKlass com/intellij/util/io/PersistentMapImpl
instanceKlass com/intellij/notification/NotificationGroup
instanceKlass com/intellij/util/indexing/impl/MapIndexStorage
instanceKlass com/intellij/facet/FacetType
instanceKlass com/intellij/util/io/AppendablePersistentMap$ValueDataAppender
instanceKlass com/intellij/util/io/PersistentHashMap
instanceKlass com/intellij/util/io/AppendablePersistentMap
instanceKlass com/intellij/ui/hover/HoverListener
instanceKlass com/intellij/openapi/actionSystem/OverridingAction
instanceKlass com/intellij/util/io/PersistentMapBase
instanceKlass com/intellij/framework/FrameworkType
instanceKlass com/intellij/util/indexing/impl/storage/TransientChangesIndexStorage
instanceKlass com/intellij/util/io/PersistentMapBuilder
instanceKlass com/intellij/util/indexing/VfsAwareIndexStorage
instanceKlass org/jetbrains/plugins/groovy/lang/lexer/GroovyTokenTypes
instanceKlass com/intellij/util/io/ByteSequenceDataExternalizer
instanceKlass com/intellij/psi/search/FilenameIndexImpl$$Lambda$769
instanceKlass com/intellij/util/io/PersistentMap
instanceKlass com/intellij/util/indexing/impl/MapReduceIndex$4
instanceKlass com/intellij/util/indexing/impl/MapReduceIndex$3
instanceKlass com/intellij/util/indexing/impl/forward/PersistentMapBasedForwardIndex
instanceKlass com/intellij/util/indexing/impl/MapReduceIndex$2
instanceKlass com/intellij/util/indexing/impl/MapReduceIndex$1
instanceKlass com/intellij/util/indexing/impl/storage/VfsAwareMapReduceIndex$$Lambda$768
instanceKlass com/intellij/psi/impl/cache/impl/id/IdIndex$2
instanceKlass com/intellij/util/indexing/impl/CollectionDataExternalizer
instanceKlass com/intellij/psi/impl/cache/impl/id/IdIndexEntriesExternalizer
instanceKlass com/intellij/util/indexing/impl/InputIndexDataExternalizer
instanceKlass com/intellij/psi/impl/cache/impl/id/IdIndex$3
instanceKlass com/intellij/util/indexing/InputMapExternalizer
instanceKlass com/intellij/util/indexing/impl/forward/AbstractForwardIndexAccessor
instanceKlass com/intellij/util/indexing/impl/forward/ForwardIndexAccessor
instanceKlass kotlin/UnsafeLazyImpl
instanceKlass com/intellij/util/indexing/impl/storage/VfsAwareMapReduceIndex$$Lambda$767
instanceKlass com/intellij/util/indexing/impl/storage/DefaultIndexStorageLayout$SnapshotMappingsStorageLayout
instanceKlass com/intellij/util/indexing/impl/forward/ForwardIndex
instanceKlass com/intellij/util/io/KeyValueStore
instanceKlass com/intellij/util/indexing/impl/storage/VfsAwareMapReduceIndex$$Lambda$766
instanceKlass com/intellij/ide/ApplicationActivationStateManager
instanceKlass com/intellij/util/indexing/impl/storage/TransientFileContentIndex$1
instanceKlass com/intellij/util/indexing/snapshot/SnapshotHashEnumeratorService$initialize$$inlined$withLock$lambda$1
instanceKlass com/intellij/util/indexing/snapshot/SnapshotHashEnumeratorService$initialize$1$1
instanceKlass com/intellij/util/indexing/snapshot/SnapshotHashEnumeratorService$1
instanceKlass com/intellij/ide/ActiveWindowsWatcher
instanceKlass com/intellij/util/indexing/snapshot/SnapshotHashEnumeratorService$Companion
instanceKlass com/intellij/util/indexing/snapshot/SnapshotHashEnumeratorService
instanceKlass com/intellij/util/indexing/impl/storage/DefaultIndexStorageLayout$DefaultStorageLayout
instanceKlass com/intellij/psi/impl/cache/impl/id/IdIndex$$Lambda$763
instanceKlass com/intellij/framework/detection/impl/FrameworkDetectorRegistryImpl$$Lambda$765
instanceKlass com/intellij/psi/impl/cache/impl/todo/TodoIndex$5
instanceKlass com/intellij/framework/detection/FrameworkDetector
instanceKlass com/intellij/util/indexing/impl/storage/DefaultIndexStorageLayout
instanceKlass java/awt/EventQueue$5
instanceKlass com/intellij/psi/search/FilenameIndexImpl$$Lambda$764
instanceKlass com/intellij/framework/detection/impl/FrameworkDetectorRegistry
instanceKlass com/intellij/util/indexing/FileBasedIndex$ProjectSpecificInputFilter
instanceKlass com/intellij/util/indexing/IndexVersion$IndexVersionDiff$1
instanceKlass com/intellij/util/indexing/IndexingStamp
instanceKlass java/lang/invoke/LambdaForm$MH
instanceKlass java/lang/invoke/LambdaForm$MH
instanceKlass java/lang/invoke/LambdaForm$MH
instanceKlass com/intellij/util/indexing/impl/InputData
instanceKlass java/lang/invoke/LambdaForm$BMH
instanceKlass java/lang/invoke/LambdaForm$DMH
instanceKlass com/intellij/util/indexing/snapshot/SnapshotInputMappings
instanceKlass com/intellij/util/indexing/snapshot/UpdatableSnapshotInputMappingIndex
instanceKlass java/lang/invoke/LambdaForm$MH
instanceKlass java/lang/invoke/LambdaForm$BMH
instanceKlass java/lang/invoke/LambdaForm$DMH
instanceKlass java/lang/invoke/LambdaForm$DMH
instanceKlass com/intellij/util/indexing/impl/IndexDebugProperties
instanceKlass com/intellij/util/indexing/impl/IndexStorage
instanceKlass sun/invoke/util/ValueConversions$1
instanceKlass com/intellij/util/indexing/snapshot/SnapshotInputMappingIndex
instanceKlass java/lang/invoke/LambdaForm$DMH
instanceKlass com/intellij/util/indexing/ValueContainer
instanceKlass com/intellij/diagnostic/ThreadDump
instanceKlass com/intellij/util/indexing/impl/KeyValueUpdateProcessor
instanceKlass com/intellij/util/indexing/impl/RemovedKeyProcessor
instanceKlass com/intellij/util/indexing/impl/MapReduceIndex
instanceKlass com/intellij/util/Alarm$Request
instanceKlass com/intellij/util/indexing/IndexDataInitializer$runParallelTasks$$inlined$map$lambda$1
instanceKlass com/intellij/psi/impl/source/tree/JavaElementType$TypeTextElementType$1
instanceKlass com/intellij/psi/impl/source/tree/JavaElementType$4$$Lambda$762
instanceKlass com/intellij/ide/ui/laf/LafManagerImpl$1
instanceKlass com/intellij/util/indexing/impl/storage/FileBasedIndexLayoutSettings
instanceKlass com/intellij/ide/ui/laf/LafManagerImpl$UIThemeEPListener
instanceKlass com/intellij/util/indexing/FileBasedIndexInfrastructureExtension
instanceKlass com/intellij/util/indexing/CorruptionMarker
instanceKlass com/jetbrains/cidr/lang/editor/completion/OCCodeContextType$LanguageInfo
instanceKlass com/intellij/openapi/fileTypes/SyntaxHighlighter
instanceKlass javax/swing/MenuElement
instanceKlass com/intellij/util/indexing/IndexVersion
instanceKlass com/intellij/util/containers/SingletonIteratorBase
instanceKlass com/intellij/util/indexing/PersistentIndicesConfiguration
instanceKlass com/intellij/util/containers/TreeTraversal$P$1
instanceKlass com/intellij/util/containers/TreeTraversal$P$$Lambda$761
instanceKlass com/android/tools/ndk/jni/service/GlobalNativeMethodIndexKt
instanceKlass com/intellij/psi/impl/source/tree/JavaElementType$3$$Lambda$760
instanceKlass com/intellij/util/containers/TreeTraversal$P
instanceKlass com/intellij/psi/impl/source/tree/JavaElementType$2$$Lambda$759
instanceKlass com/intellij/util/containers/FilteredTraverserBase$Cond$$Lambda$758
instanceKlass com/intellij/psi/impl/source/tree/JavaElementType$1$$Lambda$757
instanceKlass com/intellij/util/indexing/PsiDependentIndex
instanceKlass com/intellij/util/containers/FilteredTraverserBase$$Lambda$756
instanceKlass com/intellij/psi/impl/source/tree/JavaElementType$$Lambda$755
instanceKlass com/intellij/patterns/PatternCondition
instanceKlass com/intellij/psi/impl/source/tree/JavaElementType$$Lambda$753
instanceKlass com/intellij/util/ui/UIUtil$$Lambda$754
instanceKlass com/intellij/util/IJSwingUtilities
instanceKlass com/intellij/psi/impl/source/tree/JavaElementType$$Lambda$752
instanceKlass com/intellij/psi/impl/source/tree/JavaElementType$$Lambda$751
instanceKlass com/intellij/psi/impl/source/tree/JavaElementType$$Lambda$750
instanceKlass com/intellij/psi/impl/source/tree/JavaElementType$$Lambda$749
instanceKlass com/intellij/psi/impl/source/tree/JavaElementType$$Lambda$748
instanceKlass com/intellij/psi/impl/source/tree/JavaElementType$$Lambda$747
instanceKlass com/intellij/psi/impl/source/tree/JavaElementType$$Lambda$746
instanceKlass com/intellij/psi/impl/source/tree/JavaElementType$$Lambda$745
instanceKlass com/intellij/psi/impl/source/tree/JavaElementType$$Lambda$744
instanceKlass com/intellij/psi/impl/source/tree/JavaElementType$$Lambda$743
instanceKlass com/intellij/psi/impl/source/tree/JavaElementType$$Lambda$742
instanceKlass com/intellij/psi/impl/source/tree/JavaElementType$$Lambda$741
instanceKlass com/intellij/psi/impl/source/tree/JavaElementType$$Lambda$740
instanceKlass com/intellij/psi/impl/source/tree/JavaElementType$$Lambda$739
instanceKlass com/intellij/psi/impl/source/tree/JavaElementType$$Lambda$738
instanceKlass com/intellij/psi/impl/source/tree/JavaElementType$$Lambda$737
instanceKlass com/intellij/psi/impl/source/tree/JavaElementType$$Lambda$736
instanceKlass com/intellij/psi/impl/source/tree/JavaElementType$$Lambda$735
instanceKlass com/intellij/psi/impl/source/tree/JavaElementType$$Lambda$734
instanceKlass com/intellij/psi/impl/source/tree/JavaElementType$$Lambda$733
instanceKlass com/intellij/psi/impl/source/tree/JavaElementType$$Lambda$732
instanceKlass com/intellij/psi/impl/source/tree/JavaElementType$$Lambda$731
instanceKlass com/intellij/psi/impl/source/tree/JavaElementType$$Lambda$730
instanceKlass com/intellij/psi/impl/source/tree/JavaElementType$$Lambda$729
instanceKlass com/intellij/psi/impl/source/tree/JavaElementType$$Lambda$728
instanceKlass com/intellij/psi/impl/source/tree/JavaElementType$$Lambda$727
instanceKlass com/intellij/psi/impl/source/tree/JavaElementType$$Lambda$726
instanceKlass com/intellij/psi/impl/source/tree/JavaElementType$$Lambda$725
instanceKlass com/intellij/psi/impl/source/tree/JavaElementType$$Lambda$724
instanceKlass com/intellij/ide/ui/laf/LafManagerImpl$DefaultMenuArrowIcon$$Lambda$723
instanceKlass com/intellij/ide/ui/laf/LafManagerImpl$DefaultMenuArrowIcon$$Lambda$722
instanceKlass com/intellij/psi/impl/source/tree/JavaElementType$$Lambda$721
instanceKlass com/intellij/ide/ui/laf/LafManagerImpl$DefaultMenuArrowIcon$$Lambda$720
instanceKlass com/intellij/psi/impl/source/tree/JavaElementType$$Lambda$719
instanceKlass com/intellij/psi/impl/source/tree/JavaElementType$$Lambda$718
instanceKlass com/intellij/ide/ui/laf/LafManagerImpl$DefaultMenuArrowIcon$$Lambda$717
instanceKlass java/util/function/BooleanSupplier
instanceKlass com/intellij/psi/impl/source/tree/JavaElementType$$Lambda$716
instanceKlass java/lang/invoke/LambdaForm$DMH
instanceKlass com/intellij/psi/impl/source/tree/JavaElementType$$Lambda$715
instanceKlass com/intellij/psi/impl/source/tree/JavaElementType$$Lambda$714
instanceKlass com/intellij/ide/ui/laf/MenuArrowIcon
instanceKlass com/intellij/psi/impl/source/tree/JavaElementType$$Lambda$713
instanceKlass com/intellij/psi/impl/source/tree/JavaElementType$$Lambda$712
instanceKlass com/intellij/psi/impl/source/tree/JavaElementType$$Lambda$711
instanceKlass com/intellij/psi/impl/source/tree/JavaElementType$$Lambda$710
instanceKlass com/intellij/psi/impl/source/tree/JavaElementType$$Lambda$709
instanceKlass com/intellij/psi/impl/source/tree/JavaElementType$$Lambda$708
instanceKlass com/intellij/psi/impl/source/tree/JavaElementType$$Lambda$707
instanceKlass com/intellij/psi/impl/source/tree/JavaElementType$$Lambda$706
instanceKlass com/intellij/psi/impl/source/tree/JavaElementType$$Lambda$705
instanceKlass com/intellij/psi/impl/source/tree/JavaElementType$$Lambda$704
instanceKlass com/intellij/psi/impl/source/tree/JavaElementType$$Lambda$703
instanceKlass com/intellij/psi/impl/source/tree/JavaElementType$$Lambda$702
instanceKlass com/intellij/psi/impl/source/tree/JavaElementType$$Lambda$701
instanceKlass com/intellij/psi/impl/source/tree/JavaElementType$$Lambda$700
instanceKlass com/intellij/psi/impl/source/tree/JavaElementType$$Lambda$699
instanceKlass com/intellij/psi/impl/source/tree/JavaElementType$$Lambda$698
instanceKlass com/intellij/openapi/ui/popup/util/PopupUtil
instanceKlass com/intellij/psi/impl/source/tree/JavaElementType$$Lambda$697
instanceKlass com/intellij/psi/impl/source/tree/JavaElementType$$Lambda$696
instanceKlass com/intellij/psi/impl/source/tree/JavaElementType$$Lambda$695
instanceKlass com/intellij/psi/impl/source/tree/JavaElementType$$Lambda$694
instanceKlass com/intellij/psi/impl/source/tree/JavaElementType$$Lambda$693
instanceKlass com/intellij/psi/stubs/IndexSink
instanceKlass com/intellij/util/diff/FlyweightCapableTreeStructure
instanceKlass com/sun/xml/bind/v2/util/QNameMap$HashIterator
instanceKlass com/intellij/openapi/wm/impl/IdeGlassPaneEx
instanceKlass com/intellij/openapi/wm/IdeGlassPane
instanceKlass com/intellij/psi/stubs/LightStubBuilder
instanceKlass com/intellij/psi/StubBuilder
instanceKlass javax/swing/Popup
instanceKlass com/sun/xml/bind/v2/model/nav/SecureLoader
instanceKlass javax/swing/PopupFactory$1
instanceKlass sun/swing/SwingAccessor$PopupFactoryAccessor
instanceKlass com/intellij/openapi/keymap/impl/KeymapImplKt
instanceKlass com/intellij/ide/ui/laf/LafManagerImpl$2
instanceKlass com/intellij/ide/ui/laf/LafManagerImpl$$Lambda$692
instanceKlass com/github/benmanes/caffeine/cache/BoundedLocalCache$$Lambda$691
instanceKlass java/lang/invoke/LambdaForm$MH
instanceKlass java/lang/invoke/LambdaForm$DMH
instanceKlass java/lang/invoke/LambdaForm$DMH
instanceKlass com/github/benmanes/caffeine/cache/BoundedLocalCache$$Lambda$690
instanceKlass com/intellij/lang/java/JavaParserDefinition
instanceKlass java/lang/invoke/LambdaForm$DMH
instanceKlass com/intellij/openapi/util/IconLoader$$Lambda$689
instanceKlass com/intellij/ui/JBColor$Lazy
instanceKlass sun/reflect/generics/tree/VoidDescriptor
instanceKlass com/intellij/util/ui/JBDimension$Size2D
instanceKlass com/android/tools/idea/nav/safeargs/index/NavDestinationData
instanceKlass com/intellij/psi/impl/java/stubs/PsiImportStatementStub
instanceKlass com/intellij/psi/PsiImportStatementBase
instanceKlass com/android/tools/idea/nav/safeargs/index/MutableNavArgumentData
instanceKlass com/android/tools/idea/nav/safeargs/index/NavArgumentData
instanceKlass com/intellij/psi/impl/java/stubs/PsiClassReferenceListStub
instanceKlass com/intellij/psi/PsiReferenceList
instanceKlass com/android/tools/idea/nav/safeargs/index/MutableNavActionData
instanceKlass com/android/tools/idea/nav/safeargs/index/NavActionData
instanceKlass com/intellij/psi/impl/java/stubs/PsiFieldStub
instanceKlass com/intellij/psi/PsiField
instanceKlass javax/swing/text/LayeredHighlighter$LayerPainter
instanceKlass javax/swing/text/Highlighter$HighlightPainter
instanceKlass javax/swing/text/html/HTMLEditorKit$HTMLFactory
instanceKlass com/intellij/codeInsight/template/TemplateContextType$$Lambda$688
instanceKlass com/android/tools/idea/nav/safeargs/index/MutableNavNavigationData
instanceKlass com/android/tools/idea/nav/safeargs/index/NavNavigationData
instanceKlass com/android/tools/idea/nav/safeargs/index/MaybeNavDestinationData
instanceKlass javax/swing/text/StyledEditorKit$StyledViewFactory
instanceKlass com/android/tools/idea/nav/safeargs/index/NavXmlIndex$Companion
instanceKlass com/intellij/lang/jvm/JvmField
instanceKlass com/intellij/psi/impl/java/stubs/PsiMethodStub
instanceKlass com/intellij/psi/PsiMethod
instanceKlass javax/swing/event/CaretListener
instanceKlass javax/swing/text/html/HTMLEditorKit$Parser
instanceKlass javax/swing/text/ViewFactory
instanceKlass javax/accessibility/AccessibleContext
instanceKlass com/intellij/lang/jvm/JvmMethod
instanceKlass javax/swing/text/html/CSSBorder$StrokePainter
instanceKlass javax/swing/text/html/CSSBorder$SolidPainter
instanceKlass javax/swing/text/html/CSSBorder$NullPainter
instanceKlass javax/swing/text/html/CSSBorder$BorderPainter
instanceKlass com/intellij/psi/impl/java/stubs/PsiClassStub
instanceKlass com/android/tools/idea/databinding/index/BindingXmlIndex$Companion
instanceKlass com/intellij/psi/impl/java/stubs/PsiPackageAccessibilityStatementStub
instanceKlass javax/swing/text/html/CSS$ShorthandBorderParser
instanceKlass com/intellij/psi/PsiPackageAccessibilityStatement
instanceKlass com/intellij/psi/impl/java/stubs/PsiRecordHeaderStub
instanceKlass com/intellij/psi/PsiRecordHeader
instanceKlass com/intellij/psi/impl/java/stubs/PsiRecordComponentStub
instanceKlass com/intellij/psi/impl/java/stubs/PsiMemberStub
instanceKlass com/intellij/psi/PsiRecordComponent
instanceKlass com/android/utils/reflection/ReflectionUtilsKt
instanceKlass com/intellij/codeInsight/template/TemplateContextType
instanceKlass com/intellij/codeInsight/template/impl/TemplateContextTypes$$Lambda$687
instanceKlass com/intellij/codeInsight/template/impl/TemplateContextTypes
instanceKlass com/intellij/psi/impl/java/stubs/PsiProvidesStatementStub
instanceKlass com/intellij/psi/PsiProvidesStatement
instanceKlass com/intellij/codeInsight/template/Expression
instanceKlass com/intellij/psi/impl/java/stubs/PsiUsesStatementStub
instanceKlass com/android/tools/idea/model/AndroidManifestIndex$Companion
instanceKlass com/intellij/codeInsight/template/impl/Variable
instanceKlass com/intellij/psi/PsiUsesStatement
instanceKlass com/intellij/psi/impl/java/stubs/PsiRequiresStatementStub
instanceKlass com/intellij/psi/PsiRequiresStatement
instanceKlass com/intellij/psi/PsiStatement
instanceKlass com/intellij/codeInsight/template/impl/TemplateContext
instanceKlass com/intellij/psi/impl/java/stubs/PsiJavaModuleStub
instanceKlass com/intellij/psi/PsiJavaModule
instanceKlass com/intellij/psi/impl/java/stubs/PsiImportListStub
instanceKlass com/intellij/psi/PsiImportList
instanceKlass com/intellij/openapi/vfs/impl/local/FileWatcher$MyFileWatcherNotificationSink$$Lambda$686
instanceKlass org/jetbrains/kotlin/idea/klib/KlibMetaFileType
instanceKlass com/intellij/psi/impl/java/stubs/PsiClassInitializerStub
instanceKlass com/intellij/psi/PsiClassInitializer
instanceKlass com/intellij/psi/impl/java/stubs/PsiTypeParameterListStub
instanceKlass com/intellij/psi/PsiTypeParameterList
instanceKlass javax/swing/text/StyleContext$KeyEnumeration
instanceKlass com/intellij/psi/impl/java/stubs/PsiTypeParameterStub
instanceKlass com/intellij/psi/PsiTypeParameter
instanceKlass javax/swing/text/html/CSS$LengthUnit
instanceKlass javax/swing/text/html/CSSParser
instanceKlass javax/swing/text/html/StyleSheet$CssParser
instanceKlass javax/swing/text/html/CSSParser$CSSParserCallback
instanceKlass javax/swing/text/html/StyleSheet$SelectorMapping
instanceKlass com/intellij/openapi/options/CompoundScheme
instanceKlass javax/swing/text/html/HTML$Tag
instanceKlass com/intellij/lang/jvm/JvmTypeParameter
instanceKlass javax/swing/text/html/HTML
instanceKlass com/intellij/psi/PsiClass
instanceKlass kotlin/collections/SetsKt__SetsJVMKt
instanceKlass javax/swing/text/html/CSS$CssValue
instanceKlass com/intellij/lang/jvm/JvmClass
instanceKlass com/intellij/lang/jvm/JvmTypeDeclaration
instanceKlass com/intellij/psi/PsiQualifiedNamedElement
instanceKlass javax/swing/text/html/HTML$Attribute
instanceKlass javax/swing/text/html/CSS$Value
instanceKlass com/intellij/psi/PsiTypeParameterListOwner
instanceKlass javax/swing/text/html/CSS$Attribute
instanceKlass org/jetbrains/kotlin/name/FqNameUnsafe$1
instanceKlass com/intellij/util/containers/UtilKt
instanceKlass javax/swing/text/html/CSS
instanceKlass org/jetbrains/kotlin/name/Name
instanceKlass com/intellij/lang/jvm/JvmTypeParametersOwner
instanceKlass com/intellij/psi/PsiJvmMember
instanceKlass org/jetbrains/kotlin/name/FqNameUnsafe
instanceKlass org/jetbrains/kotlin/name/FqName
instanceKlass com/intellij/lang/jvm/JvmMember
instanceKlass com/intellij/psi/PsiDocCommentOwner
instanceKlass com/intellij/codeInsight/template/impl/TemplateSettings$$Lambda$685
instanceKlass com/intellij/codeInsight/template/impl/DefaultLiveTemplateEP
instanceKlass com/intellij/psi/PsiJavaDocumentedElement
instanceKlass com/intellij/psi/PsiMember
instanceKlass com/intellij/ide/ui/laf/darcula/ui/DarculaSpinnerBorder
instanceKlass com/intellij/codeInsight/template/impl/DefaultLiveTemplatesProvider
instanceKlass com/intellij/psi/impl/java/stubs/PsiParameterStub
instanceKlass com/intellij/psi/stubs/NamedStub
instanceKlass com/intellij/psi/PsiParameter
instanceKlass com/intellij/codeInsight/template/impl/TemplateSettings$State
instanceKlass com/intellij/psi/PsiJvmModifiersOwner
instanceKlass com/intellij/ide/ui/laf/darcula/ui/DarculaMenuBarBorder
instanceKlass com/intellij/lang/jvm/JvmParameter
instanceKlass com/intellij/lang/jvm/JvmModifiersOwner
instanceKlass com/intellij/lang/jvm/JvmAnnotatedElement
instanceKlass com/intellij/lang/jvm/JvmNamedElement
instanceKlass com/intellij/lang/jvm/JvmElement
instanceKlass com/intellij/psi/PsiVariable
instanceKlass com/intellij/pom/PomRenameableTarget
instanceKlass com/intellij/ide/ui/laf/darcula/DarculaTableHeaderBorder
instanceKlass com/intellij/pom/PomNamedTarget
instanceKlass com/intellij/ide/ui/laf/darcula/ui/DarculaMenuItemBorder
instanceKlass com/intellij/psi/PsiTarget
instanceKlass com/intellij/pom/PomTarget
instanceKlass org/jetbrains/kotlin/idea/vfilefinder/KotlinJvmModuleAnnotationsIndex$VALUE_EXTERNALIZER$1
instanceKlass com/intellij/util/ui/JBUI$CurrentTheme$Button
instanceKlass com/intellij/psi/PsiNameIdentifierOwner
instanceKlass com/intellij/ide/ui/laf/darcula/ui/DarculaButtonPainter
instanceKlass com/intellij/psi/PsiModifierListOwner
instanceKlass com/intellij/icons/AllIcons$Vcs
instanceKlass com/intellij/psi/impl/java/stubs/PsiParameterListStub
instanceKlass com/intellij/psi/PsiParameterList
instanceKlass com/intellij/util/ui/JBUI
instanceKlass com/intellij/psi/impl/java/stubs/MethodReferenceElementType$$Lambda$684
instanceKlass com/intellij/psi/PsiMethodReferenceExpression
instanceKlass com/intellij/psi/PsiReferenceExpression
instanceKlass com/intellij/openapi/options/SchemeElement
instanceKlass org/jetbrains/kotlin/idea/vfilefinder/KotlinModuleMappingIndex$VALUE_EXTERNALIZER$1
instanceKlass com/intellij/psi/PsiJavaCodeReferenceElement
instanceKlass com/intellij/codeInsight/template/Template
instanceKlass com/intellij/codeInsight/lookup/PresentableLookupValue
instanceKlass com/intellij/psi/PsiQualifiedReferenceElement
instanceKlass org/jetbrains/kotlin/idea/vfilefinder/KotlinModuleMappingIndex$STRING_KEY_DESCRIPTOR$1
instanceKlass com/intellij/ui/border/CustomLineBorder
instanceKlass com/intellij/psi/PsiQualifiedReference
instanceKlass com/intellij/psi/PsiJavaReference
instanceKlass com/intellij/psi/PsiPolyVariantReference
instanceKlass com/intellij/psi/PsiReference
instanceKlass com/intellij/util/ui/JBUI$Borders
instanceKlass com/intellij/codeInsight/template/impl/TemplateSettings
instanceKlass com/intellij/psi/PsiLambdaExpression
instanceKlass com/intellij/psi/PsiParameterListOwner
instanceKlass com/intellij/ide/ui/laf/darcula/ui/DarculaCheckBoxBorder
instanceKlass com/intellij/psi/PsiFunctionalExpression
instanceKlass com/intellij/openapi/util/IconLoader$ImageDataResolverImpl
instanceKlass com/intellij/psi/PsiLiteralExpression
instanceKlass com/intellij/codeInsight/template/impl/LiveTemplatesOptionsTopHitProvider
instanceKlass com/intellij/psi/PsiLiteral
instanceKlass com/intellij/ide/ui/laf/darcula/ui/DarculaTextBorder
instanceKlass com/intellij/openapi/ui/ErrorBorderCapable
instanceKlass com/intellij/psi/PsiLiteralValue
instanceKlass org/jetbrains/kotlin/name/ClassId
instanceKlass com/intellij/model/psi/PsiExternalReferenceHost
instanceKlass com/intellij/codeInsight/intention/impl/config/IntentionsOptionsTopHitProvider
instanceKlass com/intellij/icons/AllIcons$Actions
instanceKlass javax/swing/plaf/IconUIResource
instanceKlass com/intellij/psi/PsiExpression
instanceKlass com/intellij/icons/AllIcons$FileTypes
instanceKlass com/intellij/psi/impl/java/stubs/PsiNameValuePairStub
instanceKlass com/intellij/psi/PsiNameValuePair
instanceKlass com/intellij/lang/jvm/annotation/JvmAnnotationAttribute
instanceKlass com/intellij/psi/impl/java/stubs/PsiAnnotationParameterListStub
instanceKlass com/intellij/psi/PsiAnnotationParameterList
instanceKlass com/intellij/psi/impl/java/stubs/PsiAnnotationStub
instanceKlass com/intellij/psi/PsiAnnotation
instanceKlass com/intellij/lang/jvm/JvmAnnotation
instanceKlass org/jetbrains/kotlin/idea/vfilefinder/KotlinFileIndexBase$$Lambda$683
instanceKlass com/intellij/openapi/actionSystem/Separator$$Lambda$682
instanceKlass com/intellij/psi/PsiAnnotationMemberValue
instanceKlass org/jetbrains/kotlin/idea/vfilefinder/KotlinFileIndexBase$KEY_DESCRIPTOR$1
instanceKlass com/intellij/psi/impl/java/stubs/PsiModifierListStub
instanceKlass com/intellij/psi/PsiModifierList
instanceKlass javax/swing/text/StyleContext$SmallAttributeSet
instanceKlass com/intellij/psi/PsiAnnotationOwner
instanceKlass javax/swing/text/StyleContext$NamedStyle
instanceKlass javax/swing/text/Style
instanceKlass javax/swing/text/SimpleAttributeSet$EmptyAttributeSet
instanceKlass javax/swing/text/SimpleAttributeSet
instanceKlass javax/swing/text/MutableAttributeSet
instanceKlass javax/swing/text/AttributeSet
instanceKlass org/jetbrains/kotlin/idea/versions/KotlinJsMetadataVersionIndex$INDEXER$1
instanceKlass com/intellij/psi/impl/java/stubs/JavaStubElementTypes
instanceKlass com/intellij/psi/impl/source/tree/JavaDocElementType$3$$Lambda$681
instanceKlass javax/swing/text/StyleContext$FontKey
instanceKlass com/intellij/psi/impl/source/tree/JavaDocElementType$2$$Lambda$680
instanceKlass javax/swing/text/AttributeSet$ParagraphAttribute
instanceKlass com/intellij/psi/impl/source/tree/JavaDocElementType$1$$Lambda$679
instanceKlass javax/swing/text/AttributeSet$ColorAttribute
instanceKlass javax/swing/text/AttributeSet$FontAttribute
instanceKlass com/intellij/lang/java/parser/JavaParserUtil$ParserWrapper
instanceKlass javax/swing/text/AttributeSet$CharacterAttribute
instanceKlass com/intellij/lang/PsiBuilder
instanceKlass javax/swing/text/StyleConstants
instanceKlass com/intellij/openapi/util/UserDataHolderUnprotected
instanceKlass com/intellij/lang/SyntaxTreeBuilder
instanceKlass javax/swing/text/StyleContext
instanceKlass javax/swing/text/AbstractDocument$AttributeContext
instanceKlass com/intellij/psi/impl/source/tree/JavaDocElementType$$Lambda$678
instanceKlass com/intellij/psi/impl/source/tree/JavaDocElementType$$Lambda$677
instanceKlass com/intellij/psi/impl/source/tree/JavaDocElementType$$Lambda$676
instanceKlass com/intellij/psi/impl/source/tree/JavaDocElementType$$Lambda$675
instanceKlass com/intellij/icons/AllIcons$General
instanceKlass com/intellij/psi/stubs/ShareableStubTreeSerializer
instanceKlass com/intellij/psi/tree/IReparseableElementTypeBase
instanceKlass com/intellij/psi/impl/java/stubs/PsiJavaFileStub
instanceKlass com/intellij/psi/stubs/PsiClassHolderFileStub
instanceKlass com/intellij/psi/stubs/PsiFileStub
instanceKlass com/intellij/psi/tree/ILightLazyParseableElementType
instanceKlass com/intellij/icons/AllIcons$Nodes
instanceKlass com/intellij/psi/stubs/StubElement
instanceKlass com/intellij/ui/ColoredSideBorder
instanceKlass com/intellij/openapi/util/DifferenceFilter
instanceKlass com/intellij/openapi/util/DefaultJDOMExternalizer$JDOMFilter
instanceKlass com/intellij/codeInsight/CodeInsightSettings
instanceKlass com/intellij/psi/stubs/StubSerializer
instanceKlass com/intellij/psi/tree/ICompositeElementType
instanceKlass com/intellij/openapi/editor/ex/EditorSettingsExternalizable$OptionSet
instanceKlass com/intellij/lang/ASTNode
instanceKlass com/intellij/openapi/editor/actions/CaretStopPolicy$Companion
instanceKlass com/intellij/psi/impl/source/tree/ElementType
instanceKlass com/intellij/openapi/editor/actions/CaretStopPolicy
instanceKlass com/intellij/psi/impl/source/tree/JavaDocElementType
instanceKlass com/intellij/psi/impl/source/tree/JavaElementType
instanceKlass com/intellij/openapi/editor/actions/CaretStop$Companion
instanceKlass com/intellij/openapi/editor/actions/CaretStop
instanceKlass com/intellij/openapi/editor/actions/CaretStopBoundary$Companion
instanceKlass com/intellij/openapi/editor/actions/CaretStopBoundary
instanceKlass com/intellij/psi/JavaDocTokenType
instanceKlass com/intellij/openapi/editor/actions/CaretStopOptionsTransposed$Companion
instanceKlass com/intellij/lang/java/parser/ExpressionParser
instanceKlass com/intellij/openapi/editor/actions/CaretStopOptionsTransposed
instanceKlass com/intellij/openapi/editor/actions/CaretStopOptions
instanceKlass com/intellij/openapi/editor/ex/EditorSettingsExternalizable$OsSpecificState
instanceKlass com/intellij/patterns/ElementPattern
instanceKlass org/editorconfig/language/index/EditorConfigIdentifierIndex$Companion
instanceKlass com/intellij/openapi/editor/ex/EditorSettingsExternalizable
instanceKlass com/intellij/application/options/editor/EditorSmartKeysConfigurableKt
instanceKlass com/intellij/application/options/editor/EditorOptionsPanelKt
instanceKlass javax/swing/BorderFactory
instanceKlass com/intellij/ui/plaf/beg/BegBorders
instanceKlass com/intellij/psi/JavaTokenType
instanceKlass com/intellij/lang/properties/xml/XmlPropertiesIndex$Key
instanceKlass net/n3/nanoxml/IXMLReader
instanceKlass com/intellij/application/options/editor/EditorOptionsTopHitProvider
instanceKlass javax/swing/ArrayTable
instanceKlass javax/swing/InputMap
instanceKlass com/intellij/openapi/wm/impl/status/widget/StatusBarWidgetsOptionProvider
instanceKlass javax/swing/plaf/metal/OceanTheme$6
instanceKlass javax/swing/plaf/metal/OceanTheme$5
instanceKlass javax/swing/plaf/metal/OceanTheme$4
instanceKlass javax/swing/plaf/metal/OceanTheme$3
instanceKlass com/intellij/application/Topics
instanceKlass com/jetbrains/cidr/lang/editor/OCTypedHandlerDelegate$1
instanceKlass com/intellij/ide/ui/PluginBooleanOptionDescriptor$Notifier
instanceKlass javax/swing/plaf/metal/OceanTheme$2
instanceKlass javax/swing/plaf/metal/OceanTheme$1
instanceKlass javax/swing/plaf/metal/OceanTheme$$Lambda$674
instanceKlass com/intellij/ide/ui/search/NotABooleanOptionDescription
instanceKlass com/intellij/ide/ui/search/BooleanOptionDescription$RequiresRebuild
instanceKlass javax/swing/plaf/metal/MetalLookAndFeel$$Lambda$673
instanceKlass javax/swing/plaf/metal/MetalLookAndFeel$$Lambda$672
instanceKlass javax/swing/plaf/metal/MetalLookAndFeel$$Lambda$671
instanceKlass com/jetbrains/cidr/lang/editor/typing/OCBackwardStructureDetector
instanceKlass com/intellij/lang/BracePair
instanceKlass com/intellij/ide/ui/PluginOptionsTopHitProvider
instanceKlass javax/swing/plaf/metal/MetalLookAndFeel$$Lambda$670
instanceKlass javax/swing/plaf/metal/MetalLookAndFeel$$Lambda$669
instanceKlass com/intellij/codeInsight/highlighting/PairedBraceMatcherAdapter
instanceKlass com/intellij/psi/impl/java/JavaFunctionalExpressionIndex$1
instanceKlass com/intellij/lang/PairedBraceMatcher
instanceKlass javax/swing/plaf/metal/MetalLookAndFeel$$Lambda$668
instanceKlass javax/swing/plaf/metal/MetalLookAndFeel$$Lambda$667
instanceKlass javax/swing/plaf/metal/MetalLookAndFeel$$Lambda$666
instanceKlass javax/swing/plaf/metal/MetalLookAndFeel$$Lambda$665
instanceKlass javax/swing/plaf/metal/MetalLookAndFeel$$Lambda$664
instanceKlass com/intellij/codeInsight/highlighting/NontrivialBraceMatcher
instanceKlass com/intellij/codeInsight/highlighting/BraceMatcher
instanceKlass com/intellij/ide/ui/RegistryOptionsTopHitProvider
instanceKlass javax/swing/plaf/metal/MetalLookAndFeel$$Lambda$663
instanceKlass javax/swing/plaf/metal/MetalLookAndFeel$$Lambda$662
instanceKlass javax/swing/plaf/metal/MetalLookAndFeel$$Lambda$661
instanceKlass javax/swing/plaf/metal/MetalLookAndFeel$$Lambda$660
instanceKlass javax/swing/plaf/metal/MetalLookAndFeel$$Lambda$659
instanceKlass javax/swing/plaf/metal/MetalLookAndFeel$$Lambda$658
instanceKlass javax/swing/plaf/metal/MetalLookAndFeel$$Lambda$657
instanceKlass javax/swing/plaf/metal/MetalLookAndFeel$$Lambda$656
instanceKlass com/intellij/ide/ui/EditorOptionsTopHitProvider$Ex
instanceKlass javax/swing/plaf/metal/MetalLookAndFeel$$Lambda$655
instanceKlass javax/swing/plaf/metal/MetalLookAndFeel$$Lambda$654
instanceKlass javax/swing/plaf/metal/MetalLookAndFeel$$Lambda$653
instanceKlass javax/swing/plaf/metal/MetalLookAndFeel$$Lambda$652
instanceKlass javax/swing/plaf/metal/MetalLookAndFeel$$Lambda$651
instanceKlass javax/swing/plaf/metal/MetalLookAndFeel$$Lambda$650
instanceKlass javax/swing/plaf/metal/MetalLookAndFeel$$Lambda$649
instanceKlass com/jetbrains/cidr/lang/symbols/symtable/serialization/OCSerializer$Companion
instanceKlass com/intellij/util/text/OrdinalFormat
instanceKlass javax/swing/plaf/metal/MetalLookAndFeel$$Lambda$648
instanceKlass javax/swing/plaf/metal/MetalLookAndFeel$$Lambda$647
instanceKlass javax/swing/plaf/metal/MetalLookAndFeel$$Lambda$646
instanceKlass javax/swing/plaf/metal/MetalLookAndFeel$$Lambda$645
instanceKlass java/awt/event/MouseEvent$1
instanceKlass sun/awt/AWTAccessor$MouseEventAccessor
instanceKlass javax/swing/plaf/metal/MetalLookAndFeel$$Lambda$644
instanceKlass javax/swing/plaf/metal/MetalLookAndFeel$$Lambda$643
instanceKlass javax/swing/plaf/metal/MetalLookAndFeel$$Lambda$642
instanceKlass javax/swing/plaf/metal/MetalLookAndFeel$$Lambda$641
instanceKlass sun/awt/X11/XConstants
instanceKlass javax/swing/plaf/metal/MetalLookAndFeel$$Lambda$640
instanceKlass javax/swing/plaf/metal/MetalLookAndFeel$$Lambda$639
instanceKlass javax/swing/plaf/metal/MetalLookAndFeel$$Lambda$638
instanceKlass javax/swing/SwingHeavyWeight
instanceKlass javax/swing/plaf/metal/MetalLookAndFeel$$Lambda$637
instanceKlass javax/swing/plaf/metal/MetalLookAndFeel$$Lambda$636
instanceKlass javax/swing/plaf/metal/MetalLookAndFeel$$Lambda$635
instanceKlass javax/swing/plaf/metal/MetalLookAndFeel$$Lambda$634
instanceKlass javax/swing/plaf/metal/MetalLookAndFeel$$Lambda$633
instanceKlass javax/swing/plaf/metal/MetalLookAndFeel$$Lambda$632
instanceKlass javax/swing/plaf/metal/MetalLookAndFeel$FontActiveValue
instanceKlass javax/swing/plaf/metal/MetalLookAndFeel$$Lambda$631
instanceKlass javax/swing/plaf/metal/MetalLookAndFeel$$Lambda$630
instanceKlass javax/swing/plaf/metal/MetalLookAndFeel$$Lambda$629
instanceKlass javax/swing/plaf/metal/MetalLookAndFeel$$Lambda$628
instanceKlass javax/swing/plaf/metal/MetalLookAndFeel$$Lambda$627
instanceKlass javax/swing/plaf/metal/MetalLookAndFeel$$Lambda$626
instanceKlass javax/swing/plaf/metal/MetalLookAndFeel$$Lambda$625
instanceKlass javax/swing/plaf/metal/MetalLookAndFeel$$Lambda$624
instanceKlass javax/swing/plaf/metal/MetalLookAndFeel$$Lambda$623
instanceKlass javax/swing/plaf/metal/MetalLookAndFeel$$Lambda$622
instanceKlass javax/swing/plaf/metal/MetalLookAndFeel$$Lambda$621
instanceKlass javax/swing/plaf/metal/MetalLookAndFeel$$Lambda$620
instanceKlass javax/swing/plaf/metal/MetalLookAndFeel$$Lambda$619
instanceKlass javax/swing/plaf/metal/MetalLookAndFeel$$Lambda$618
instanceKlass javax/swing/plaf/metal/MetalLookAndFeel$$Lambda$617
instanceKlass javax/swing/plaf/metal/MetalLookAndFeel$$Lambda$616
instanceKlass javax/swing/plaf/metal/DefaultMetalTheme$FontDelegate
instanceKlass com/intellij/ide/ui/laf/darcula/DarculaLaf$$Lambda$615
instanceKlass javax/swing/plaf/ComponentUI
instanceKlass com/intellij/ide/ui/SystemOptionsTopHitProvider$$Lambda$614
instanceKlass com/esotericsoftware/kryo/Serializer
instanceKlass kotlin/jvm/internal/ArrayIterator
instanceKlass kotlin/jvm/internal/ArrayIteratorKt
instanceKlass com/intellij/openapi/application/impl/LaterInvocator$1
instanceKlass com/jetbrains/cidr/lang/symbols/symtable/serialization/OCSerializer
instanceKlass kotlin/collections/ArraysKt___ArraysKt$asSequence$$inlined$Sequence$1
instanceKlass com/intellij/psi/impl/java/stubs/index/JavaSourceModuleNameIndex$$Lambda$613
instanceKlass com/intellij/openapi/application/impl/ApplicationImpl$$Lambda$612
instanceKlass com/intellij/openapi/application/ActionsKt$invokeAndWaitIfNeeded$$inlined$computeDelegated$lambda$1
instanceKlass com/intellij/openapi/application/ActionsKt
instanceKlass com/intellij/ide/highlighter/JavaClassFileType
instanceKlass com/intellij/psi/impl/java/stubs/index/JavaAutoModuleNameIndex$$Lambda$611
instanceKlass com/intellij/util/indexing/DefaultFileTypeSpecificInputFilter
instanceKlass com/intellij/util/indexing/FileBasedIndex$FileTypeSpecificInputFilter
instanceKlass com/intellij/openapi/project/impl/ProjectFrameAllocator
instanceKlass com/intellij/openapi/actionSystem/impl/ActionManagerImpl$$Lambda$610
instanceKlass com/intellij/openapi/project/impl/ExcludeRootsCache$1
instanceKlass com/intellij/openapi/project/impl/ExcludeRootsCache
instanceKlass org/jetbrains/org/objectweb/asm/ClassVisitor
instanceKlass com/intellij/openapi/project/impl/ProjectManagerImpl$1
instanceKlass com/intellij/util/Timed$$Lambda$609
instanceKlass com/jetbrains/cidr/lang/search/FileNameWithoutExtensionIndex$Companion
instanceKlass com/intellij/util/Timed
instanceKlass com/jetbrains/jsonSchema/impl/JsonSchemaFileValuesIndex$1
instanceKlass com/intellij/openapi/actionSystem/Separator$$Lambda$608
instanceKlass com/jetbrains/cidr/lang/light/parser/OCLightParserDefinition$$Lambda$607
instanceKlass com/intellij/openapi/actionSystem/impl/ActionManagerImpl$$Lambda$606
instanceKlass sun/java2d/opengl/OGLGraphicsConfig
instanceKlass sun/java2d/pipe/hw/AccelGraphicsConfig
instanceKlass sun/java2d/pipe/hw/BufferedContextProvider
instanceKlass sun/java2d/StateTrackableDelegate$1
instanceKlass com/jetbrains/cidr/lang/light/parser/OCLightParserDefinition
instanceKlass com/intellij/openapi/actionSystem/impl/ActionManagerImpl$$Lambda$605
instanceKlass sun/awt/image/BufImgSurfaceData$ICMColorData
instanceKlass java/lang/invoke/LambdaForm$MH
instanceKlass java/lang/invoke/LambdaForm$DMH
instanceKlass com/intellij/ui/ProjectConceptBundle
instanceKlass com/intellij/html/index/Html5CustomAttributesIndex$1
instanceKlass java/lang/invoke/LambdaForm$MH
instanceKlass com/intellij/ui/IdeUICustomization
instanceKlass java/lang/invoke/LambdaForm$MH
instanceKlass java/lang/invoke/LambdaForm$MH
instanceKlass java/lang/invoke/LambdaForm$MH
instanceKlass com/intellij/util/ui/StartupUiUtil$$Lambda$604
instanceKlass java/lang/invoke/LambdaForm$MH
instanceKlass java/lang/invoke/LambdaForm$MH
instanceKlass java/lang/invoke/LambdaForm$DMH
instanceKlass java/lang/invoke/LambdaForm$BMH
instanceKlass java/lang/invoke/LambdaForm$DMH
instanceKlass com/intellij/psi/tree/IReparseableLeafElementType
instanceKlass com/intellij/util/ui/ImageUtil
instanceKlass java/lang/invoke/LambdaForm$MH
instanceKlass com/intellij/psi/TokenType
instanceKlass java/lang/invoke/LambdaForm$MH
instanceKlass com/intellij/ide/GeneralSettingsConfigurableKt
instanceKlass java/lang/invoke/LambdaForm$MH
instanceKlass java/lang/invoke/LambdaForm$MH
instanceKlass java/lang/invoke/LambdaForm$MH
instanceKlass com/intellij/ui/ComponentUtil
instanceKlass java/lang/invoke/LambdaForm$MH
instanceKlass java/lang/invoke/LambdaForm$MH
instanceKlass sun/awt/GlobalCursorManager$NativeUpdater
instanceKlass java/lang/invoke/LambdaForm$MH
instanceKlass com/intellij/ide/ui/SystemOptionsTopHitProvider
instanceKlass sun/awt/X11/XWindowPeer$3
instanceKlass java/lang/invoke/LambdaForm$MH
instanceKlass java/lang/invoke/LambdaForm$MH
instanceKlass java/lang/invoke/LambdaForm$MH
instanceKlass java/awt/SplashScreen
instanceKlass java/awt/peer/LightweightPeer
instanceKlass com/intellij/psi/tree/TokenSet
instanceKlass sun/awt/AWTIcon64_java_icon48_png
instanceKlass sun/awt/AWTIcon64_java_icon32_png
instanceKlass com/intellij/notification/impl/NotificationSettings$Companion
instanceKlass sun/awt/AWTIcon64_java_icon24_png
instanceKlass sun/awt/AWTIcon64_java_icon16_png
instanceKlass com/intellij/psi/tree/IElementType$$Lambda$603
instanceKlass com/intellij/psi/tree/IElementType$Predicate
instanceKlass sun/awt/IconInfo
instanceKlass com/intellij/psi/tree/IElementType$$Lambda$602
instanceKlass net/n3/nanoxml/IXMLBuilder
instanceKlass com/intellij/notification/impl/NotificationsConfigurationImpl$$Lambda$600
instanceKlass sun/awt/X11/XBaseWindow$1
instanceKlass com/intellij/ide/impl/ProjectUtil$$Lambda$601
instanceKlass sun/awt/X11/XAwtState
instanceKlass com/intellij/notification/impl/NotificationSettings
instanceKlass com/jetbrains/cidr/lang/parser/OCTokenTypes
instanceKlass com/intellij/notification/NotificationsConfiguration
instanceKlass com/intellij/notification/Notifications
instanceKlass com/intellij/openapi/progress/impl/CoreProgressManager$$Lambda$599
instanceKlass com/intellij/ide/impl/ProjectUtil
instanceKlass sun/awt/X11/XDragSourceProtocolListener
instanceKlass sun/awt/X11/XDropTargetEventProcessor
instanceKlass com/intellij/openapi/actionSystem/ActionInGroup
instanceKlass com/intellij/openapi/actionSystem/Anchor
instanceKlass com/intellij/ide/impl/OpenProjectTask$Companion
instanceKlass com/intellij/openapi/actionSystem/Constraints
instanceKlass com/intellij/openapi/actionSystem/impl/ActionManagerImpl$$Lambda$598
instanceKlass com/intellij/ide/impl/OpenProjectTask
instanceKlass com/jetbrains/cidr/lang/psi/OCExpression
instanceKlass com/intellij/openapi/actionSystem/impl/ActionManagerImpl$$Lambda$597
instanceKlass com/jetbrains/cidr/lang/types/OCTypeOwner
instanceKlass com/intellij/platform/PlatformProjectOpenProcessor$Companion
instanceKlass com/intellij/openapi/actionSystem/impl/ActionManagerImpl$$Lambda$596
instanceKlass sun/java2d/xr/XRDrawLine
instanceKlass sun/java2d/loops/ProcessPath$DrawHandler
instanceKlass com/jetbrains/cidr/lang/psi/OCCompoundInitializerMember
instanceKlass com/intellij/openapi/util/ThreadLocalCachedIntArray
instanceKlass sun/java2d/xr/XRRenderer
instanceKlass com/intellij/find/ngrams/TrigramIndex$$Lambda$595
instanceKlass com/intellij/platform/CommandLineProjectOpenProcessor
instanceKlass com/intellij/ide/ui/customization/CustomActionsSchema
instanceKlass sun/java2d/xr/XRMaskImage
instanceKlass com/intellij/ide/lightEdit/LightEditUtil$LightEditCommandLineOptions
instanceKlass com/intellij/codeInsight/completion/EmptyCompletionNotifier
instanceKlass com/jetbrains/cidr/lang/psi/OCElement
instanceKlass sun/java2d/xr/MutableInteger
instanceKlass sun/font/XRGlyphCache
instanceKlass sun/font/GlyphDisposedListener
instanceKlass com/intellij/openapi/actionSystem/impl/ProxyShortcutSet
instanceKlass com/intellij/openapi/actionSystem/Presentation$$Lambda$594
instanceKlass com/intellij/ide/lightEdit/LightEditUtil
instanceKlass com/jetbrains/cidr/lang/editor/typing/OCBackwardStructureDetector$TokenIterator
instanceKlass sun/java2d/xr/DirtyRegion
instanceKlass com/intellij/openapi/actionSystem/Presentation$$Lambda$593
instanceKlass sun/java2d/xr/GrowableIntArray
instanceKlass com/intellij/openapi/util/text/TextWithMnemonic
instanceKlass sun/java2d/xr/MaskTile
instanceKlass sun/java2d/xr/MaskTileManager
instanceKlass com/intellij/openapi/actionSystem/Presentation$$Lambda$592
instanceKlass com/intellij/openapi/actionSystem/Presentation$$Lambda$591
instanceKlass com/intellij/psi/stubs/StubForwardIndexExternalizer
instanceKlass com/intellij/openapi/actionSystem/Presentation$$Lambda$590
instanceKlass java/lang/invoke/LambdaForm$MH
instanceKlass sun/java2d/xr/XRSolidSrcPict
instanceKlass com/intellij/openapi/actionSystem/Presentation
instanceKlass java/lang/invoke/LambdaForm$DMH
instanceKlass com/intellij/util/indexing/SingleEntryIndexer
instanceKlass com/intellij/internal/statistic/eventLog/events/EventPair
instanceKlass com/intellij/util/indexing/impl/storage/TransientChangesIndexStorage$BufferingStateListener
instanceKlass com/intellij/psi/PsiRecursiveVisitor
instanceKlass sun/java2d/xr/XRPaints
instanceKlass sun/java2d/xr/XRCompositeManager$1
instanceKlass com/intellij/openapi/actionSystem/CustomShortcutSet
instanceKlass it/unimi/dsi/fastutil/ints/Int2LongMap$FastEntrySet
instanceKlass com/intellij/ide/CommandLineProcessor$$Lambda$589
instanceKlass sun/java2d/xr/XRBackendNative
instanceKlass sun/java2d/xr/XRBackend
instanceKlass com/intellij/psi/PsiElementVisitor
instanceKlass com/intellij/openapi/util/Computable
instanceKlass sun/java2d/xr/XRColor
instanceKlass java/lang/invoke/LambdaForm$DMH
instanceKlass sun/java2d/xr/XRCompositeManager
instanceKlass it/unimi/dsi/fastutil/ints/AbstractInt2LongFunction
instanceKlass it/unimi/dsi/fastutil/ints/Int2LongMap
instanceKlass it/unimi/dsi/fastutil/ints/Int2LongFunction
instanceKlass com/intellij/psi/search/FileTypeIndex
instanceKlass sun/java2d/xr/XRUtils
instanceKlass java/util/function/IntToLongFunction
instanceKlass sun/java2d/StateTracker$2
instanceKlass sun/java2d/StateTracker$1
instanceKlass sun/java2d/StateTracker
instanceKlass com/intellij/ide/CommandLineProcessor$$Lambda$588
instanceKlass sun/java2d/SurfaceDataProxy
instanceKlass sun/awt/image/SurfaceManager$FlushableCacheData
instanceKlass com/intellij/ide/CommandLineProcessorResult
instanceKlass sun/java2d/DefaultDisposerRecord
instanceKlass com/intellij/util/indexing/CustomImplementationFileBasedIndexExtension
instanceKlass com/intellij/ide/CliResult
instanceKlass com/intellij/featureStatistics/fusCollectors/EventsIdentityThrottle
instanceKlass com/intellij/featureStatistics/fusCollectors/EventsRateThrottle
instanceKlass com/intellij/featureStatistics/fusCollectors/LifecycleUsageTriggerCollector$$Lambda$587
instanceKlass com/intellij/ui/layout/CellKt
instanceKlass com/intellij/featureStatistics/fusCollectors/LifecycleUsageTriggerCollector$$Lambda$586
instanceKlass kotlin/jvm/JvmClassMappingKt
instanceKlass com/intellij/internal/statistic/eventLog/events/VarargEventId$Companion
instanceKlass com/intellij/ide/CommandLineProcessor
instanceKlass com/intellij/ide/ui/AppearanceOptionsTopHitProviderKt
instanceKlass com/intellij/util/indexing/CustomInputsIndexFileBasedIndexExtension
instanceKlass com/intellij/ui/layout/PropertyBinding
instanceKlass com/intellij/psi/impl/cache/impl/todo/TodoIndex$1
instanceKlass com/intellij/idea/IdeStarterKt
instanceKlass com/intellij/psi/search/IndexPatternProvider
instanceKlass com/intellij/idea/IdeStarter$main$4
instanceKlass com/intellij/psi/impl/cache/impl/todo/TodoIndex$4
instanceKlass com/intellij/util/indexing/CompositeDataIndexer
instanceKlass com/intellij/diagnostic/StartUpMeasurer$$Lambda$585
instanceKlass com/intellij/ide/SystemHealthMonitor$4
instanceKlass it/unimi/dsi/fastutil/longs/LongBinaryOperator
instanceKlass com/intellij/psi/impl/cache/impl/todo/TodoIndex$2
instanceKlass java/lang/invoke/LambdaForm$DMH
instanceKlass com/sun/jna/Function$PostCallRead
instanceKlass com/sun/jna/Library$Handler$FunctionInfo
instanceKlass com/intellij/application/options/editor/CheckboxDescriptor
instanceKlass it/unimi/dsi/fastutil/objects/Object2LongMap$FastEntrySet
instanceKlass sun/java2d/loops/GraphicsPrimitiveMgr$PrimitiveSpec
instanceKlass sun/java2d/loops/RenderLoops
instanceKlass java/util/function/LongBinaryOperator
instanceKlass com/intellij/framework/detection/impl/FrameworkDetectionIndexListener
instanceKlass com/intellij/ide/ui/AppearanceConfigurableKt
instanceKlass java/lang/invoke/LambdaForm$MH
instanceKlass com/intellij/util/indexing/DataIndexer
instanceKlass com/intellij/diagnostic/StartUpMeasurer$$Lambda$584
instanceKlass java/lang/invoke/LambdaForm$MH
instanceKlass java/lang/invoke/LambdaForm$MH
instanceKlass com/sun/jna/internal/ReflectionUtils
instanceKlass com/intellij/AbstractBundle$$Lambda$583
instanceKlass java/lang/invoke/LambdaForm$MH
instanceKlass com/intellij/ide/ui/OptionsSearchTopHitProvider$ProjectLevelProvider
instanceKlass it/unimi/dsi/fastutil/objects/AbstractObject2LongFunction
instanceKlass com/intellij/ide/ui/TopHitCache$$Lambda$582
instanceKlass java/lang/invoke/LambdaForm$MH
instanceKlass it/unimi/dsi/fastutil/objects/Object2LongMap
instanceKlass com/intellij/codeInsight/hint/HintManagerImpl$ActionToIgnore
instanceKlass com/intellij/openapi/editor/actionSystem/LatencyAwareEditorAction
instanceKlass java/lang/invoke/LambdaForm$MH
instanceKlass it/unimi/dsi/fastutil/objects/Object2LongFunction
instanceKlass com/intellij/util/indexing/FileBasedIndexDataInitialization$$Lambda$581
instanceKlass java/util/function/ToLongFunction
instanceKlass com/intellij/ide/SystemHealthMonitor$LibC$Handler$$Lambda$580
instanceKlass java/lang/invoke/LambdaForm$MH
instanceKlass java/lang/invoke/LambdaForm$DMH
instanceKlass java/lang/invoke/LambdaForm$DMH
instanceKlass java/lang/invoke/LambdaForm$MH
instanceKlass java/lang/invoke/LambdaForm$MH
instanceKlass java/lang/invoke/LambdaForm$MH
instanceKlass com/intellij/openapi/actionSystem/ActionPopupMenu
instanceKlass com/intellij/ide/plugins/PluginUtilImpl
instanceKlass com/intellij/ide/ui/TopHitCache
instanceKlass java/lang/invoke/LambdaForm$MH
instanceKlass com/intellij/openapi/actionSystem/UpdateInBackground
instanceKlass java/lang/invoke/LambdaForm$MH
instanceKlass com/intellij/util/text/Matcher
instanceKlass com/intellij/ide/plugins/PluginUtil
instanceKlass com/intellij/psi/codeStyle/NameUtil$Matcher
instanceKlass com/intellij/ide/SystemHealthMonitor$LibC$Handler
instanceKlass com/intellij/ide/ui/OptionsTopHitProvider
instanceKlass com/sun/jna/AltCallingConvention
instanceKlass java/lang/invoke/LambdaForm$MH
instanceKlass java/lang/invoke/LambdaForm$MH
instanceKlass com/sun/jna/Library$Handler
instanceKlass sun/awt/X11/XRootWindow$LazyHolder
instanceKlass com/intellij/ide/lightEdit/LightEditCompatible
instanceKlass com/intellij/ide/SystemHealthMonitor$LibC
instanceKlass com/intellij/util/messages/MessageHandler
instanceKlass it/unimi/dsi/fastutil/objects/Object2ShortMap$FastEntrySet
instanceKlass com/intellij/ide/SystemHealthMonitor$$Lambda$579
instanceKlass com/intellij/util/messages/impl/Message
instanceKlass com/intellij/openapi/actionSystem/CompactActionGroup
instanceKlass java/lang/invoke/LambdaForm$MH
instanceKlass it/unimi/dsi/fastutil/shorts/ShortCollection
instanceKlass it/unimi/dsi/fastutil/shorts/ShortIterable
instanceKlass sun/awt/X11/XWindowAttributesData
instanceKlass com/intellij/openapi/actionSystem/ActionStubBase
instanceKlass com/intellij/ide/ui/EditorOptionsTopHitProvider
instanceKlass com/intellij/diagnostic/VMOptions
instanceKlass sun/awt/RepaintArea
instanceKlass java/lang/invoke/LambdaForm$MH
instanceKlass com/intellij/ide/ui/AppearanceOptionsTopHitProvider$Companion$option$2
instanceKlass java/lang/invoke/LambdaForm$DMH
instanceKlass sun/awt/X11/MotifColorUtilities
instanceKlass java/lang/invoke/MethodHandleImpl$ArrayAccessor
instanceKlass it/unimi/dsi/fastutil/objects/AbstractObject2ShortFunction
instanceKlass com/intellij/ide/ui/AppearanceOptionsTopHitProvider$Companion
instanceKlass java/awt/SystemColor$$Lambda$578
instanceKlass com/intellij/openapi/progress/util/AbstractProgressIndicatorExBase$$Lambda$577
instanceKlass com/intellij/ide/ui/AppearanceOptionsTopHitProvider
instanceKlass sun/awt/AWTAccessor$SystemColorAccessor
instanceKlass com/intellij/ide/ui/OptionsSearchTopHitProvider$ApplicationLevelProvider
instanceKlass java/lang/invoke/MethodHandleImpl$2
instanceKlass com/intellij/ide/ui/search/OptionDescription
instanceKlass com/intellij/ide/SystemHealthMonitor$$Lambda$576
instanceKlass sun/awt/X11/XBaseWindow$StateLock
instanceKlass com/intellij/ide/ui/UISimpleSettingsProvider
instanceKlass it/unimi/dsi/fastutil/objects/Object2ShortMap
instanceKlass com/intellij/ide/ui/OptionsTopHitProvider$CoveredByToggleActions
instanceKlass com/intellij/notification/impl/NotificationFullContent
instanceKlass it/unimi/dsi/fastutil/objects/Object2ShortFunction
instanceKlass java/lang/invoke/MethodHandleImpl$LoopClauses
instanceKlass com/intellij/notification/Notification
instanceKlass com/intellij/ide/ActionsTopHitProvider
instanceKlass com/intellij/util/io/SimpleStringPersistentEnumerator
instanceKlass com/intellij/openapi/roots/impl/libraries/LibraryKindLoader$1
instanceKlass java/lang/invoke/LambdaForm$MH
instanceKlass com/intellij/openapi/actionSystem/ActionManager
instanceKlass com/intellij/ide/ui/OptionsTopHitProvider$ProjectLevelProvidersAdapter
instanceKlass com/intellij/psi/search/FilenameIndex
instanceKlass com/intellij/ide/ui/OptionsTopHitProvider$Activity$$Lambda$575
instanceKlass com/intellij/codeInsight/editorActions/TypedHandlerDelegate
instanceKlass com/intellij/util/io/VoidDataExternalizer
instanceKlass com/intellij/ide/SearchTopHitProvider
instanceKlass org/jetbrains/kotlin/idea/framework/JSLibraryType$Companion
instanceKlass com/intellij/openapi/progress/util/AbstractProgressIndicatorExBase$$Lambda$574
instanceKlass com/intellij/util/indexing/IndexInfrastructure
instanceKlass com/intellij/openapi/progress/util/AbstractProgressIndicatorExBase$$Lambda$573
instanceKlass com/intellij/util/messages/impl/MethodHandleCache$$Lambda$572
instanceKlass com/intellij/openapi/progress/util/AbstractProgressIndicatorExBase$IndicatorAction
instanceKlass com/intellij/openapi/application/Preloader$$Lambda$571
instanceKlass javax/imageio/IIOParam
instanceKlass com/intellij/util/indexing/FileBasedIndexImpl$MyShutDownTask
instanceKlass com/intellij/openapi/application/Preloader$$Lambda$570
instanceKlass com/intellij/util/indexing/FileBasedIndexDataInitialization$MyApplicationListener
instanceKlass com/intellij/util/messages/impl/MethodHandleCache
instanceKlass com/intellij/util/indexing/FileBasedIndexDataInitialization$$Lambda$569
instanceKlass com/intellij/util/messages/impl/DescriptorBasedMessageBusConnection
instanceKlass com/intellij/ide/IdeEventQueue$$Lambda$568
instanceKlass com/intellij/openapi/application/Preloader$$Lambda$567
instanceKlass org/jetbrains/kotlin/idea/framework/KotlinLibraryKind
instanceKlass com/android/tools/adtui/webp/WebpNativeLibHelper
instanceKlass com/intellij/util/messages/impl/CompositeMessageBus$$Lambda$566
instanceKlass java/time/Clock
instanceKlass java/time/Instant
instanceKlass com/intellij/openapi/updateSettings/impl/UpdateCheckerComponent$MyAppLifecycleListener
instanceKlass com/intellij/util/indexing/IndexConfiguration
instanceKlass com/intellij/internal/statistic/EventLogApplicationLifecycleListener
instanceKlass com/intellij/openapi/roots/libraries/LibraryProperties
instanceKlass com/intellij/util/indexing/IndexVersionRegistrationSink
instanceKlass com/intellij/ide/RecentProjectsManagerBase$MyAppLifecycleListener
instanceKlass com/intellij/util/messages/impl/CompositeMessageBus$$Lambda$565
instanceKlass com/intellij/openapi/roots/libraries/ui/LibraryPropertiesEditor
instanceKlass com/intellij/util/messages/impl/CompositeMessageBus$ToDirectChildrenMessagePublisher$$Lambda$564
instanceKlass com/intellij/ide/ui/OptionsSearchTopHitProvider
instanceKlass com/intellij/openapi/roots/libraries/ui/LibraryRootsComponentDescriptor
instanceKlass com/intellij/openapi/startup/StartupActivity$DumbAware
instanceKlass it/unimi/dsi/fastutil/ints/IntCollections$SynchronizedCollection
instanceKlass com/intellij/openapi/startup/StartupActivity
instanceKlass com/intellij/remoteServer/impl/configuration/deployment/DeployToServerConfigurationTypesRegistrar$1
instanceKlass com/intellij/util/containers/EmptyIterator
instanceKlass java/lang/invoke/LambdaForm$MH
instanceKlass com/android/tools/idea/stats/AndroidStudioStatisticsJobScheduler$componentsInitialized$2
instanceKlass java/lang/invoke/LambdaForm$DMH
instanceKlass com/intellij/util/indexing/IndexDataInitializer$Companion
instanceKlass java/lang/invoke/LambdaForm$DMH
instanceKlass com/intellij/ide/IdeEventQueue$$Lambda$563
instanceKlass com/android/tools/idea/stats/AndroidStudioStatisticsJobScheduler$componentsInitialized$1
instanceKlass com/intellij/util/containers/ContainerUtilRt
instanceKlass com/intellij/openapi/roots/libraries/LibraryKind
instanceKlass java/lang/invoke/LambdaForm$DMH
instanceKlass com/android/tools/idea/stats/AndroidStudioStatisticsJobScheduler
instanceKlass com/intellij/openapi/roots/libraries/LibraryPresentationProvider
instanceKlass com/intellij/idea/IdeStarter$main$2
instanceKlass com/intellij/remoteServer/impl/configuration/deployment/DeployToServerConfigurationTypesRegistrar$$Lambda$562
instanceKlass com/intellij/openapi/fileTypes/impl/associate/OSFileAssociationPreferences
instanceKlass com/intellij/internal/statistic/service/fus/collectors/FeatureUsagesCollector
instanceKlass com/intellij/execution/configurations/ConfigurationTypeBase
instanceKlass kotlin/_Assertions
instanceKlass com/intellij/vcs/commit/NonModalCommitCustomization$Companion
instanceKlass com/intellij/diagnostic/PerformanceWatcher$FreezeCheckerTask$$Lambda$561
instanceKlass com/intellij/util/indexing/IndexDataInitializer
instanceKlass com/intellij/openapi/roots/ModuleRootModel
instanceKlass com/intellij/remoteServer/ServerType
instanceKlass com/intellij/openapi/roots/impl/libraries/LibraryKindLoader
instanceKlass com/intellij/openapi/application/ImportOldConfigsUsagesCollector$ImportOldConfigsState
instanceKlass com/intellij/ide/LanguageBundleListener
instanceKlass com/intellij/openapi/util/SystemPropertyBean$$Lambda$560
instanceKlass com/intellij/remoteServer/impl/configuration/deployment/DeployToServerConfigurationTypesRegistrar
instanceKlass com/intellij/diagnostic/SamplingTask
instanceKlass com/intellij/idea/ApplicationLoader$addActivateAndWindowsCliListeners$3
instanceKlass com/intellij/openapi/application/Preloader$$Lambda$559
instanceKlass com/intellij/openapi/util/SystemPropertyBean
instanceKlass com/intellij/idea/ApplicationLoader$addActivateAndWindowsCliListeners$2
instanceKlass com/intellij/openapi/application/PreloadingActivity
instanceKlass com/intellij/vcs/commit/NonModalCommitCustomization
instanceKlass com/intellij/openapi/fileTypes/impl/associate/OSAssociateFileTypesUtil$Callback
instanceKlass com/intellij/util/indexing/RegisteredIndexes
instanceKlass com/intellij/idea/ApplicationLoader$addActivateAndWindowsCliListeners$1
instanceKlass com/intellij/openapi/fileTypes/impl/associate/OSFileAssociationStartupConfigurator
instanceKlass com/intellij/openapi/application/impl/JitSuppressor
instanceKlass com/intellij/ide/customize/CustomizeIDEWizardInteractions
instanceKlass com/intellij/idea/ApplicationLoader$startApp$7$2
instanceKlass com/intellij/openapi/application/Preloader
instanceKlass com/intellij/ide/customize/CustomizeIDEWizardCollectorActivity
instanceKlass com/intellij/ide/customize/WelcomeWizardHelper
instanceKlass com/intellij/util/indexing/FileBasedIndexLoader
instanceKlass com/intellij/openapi/application/ImportOldConfigsUsagesCollector$Trigger
instanceKlass com/intellij/idea/ApplicationLoader$startApp$7$1
instanceKlass com/intellij/ide/ApplicationInitializedListener
instanceKlass com/intellij/idea/ApplicationLoader$callAppInitialized$2$1
instanceKlass com/intellij/openapi/extensions/impl/ExtensionPointImpl$$Lambda$558
instanceKlass com/intellij/diagnostic/PerformanceWatcher$FreezeCheckerTask
instanceKlass com/intellij/idea/ApplicationLoader$callAppInitialized$2
instanceKlass com/intellij/ide/IdeEventQueue$$Lambda$557
instanceKlass com/intellij/idea/ApplicationLoader$callAppInitialized$1
instanceKlass java/lang/invoke/LambdaForm$MH
instanceKlass com/intellij/openapi/wm/ex/ProgressIndicatorEx
instanceKlass com/intellij/openapi/progress/EmptyProgressIndicator$1
instanceKlass com/intellij/internal/statistic/analytics/StudioCrashDetails
instanceKlass com/intellij/internal/statistic/analytics/StudioCrashDetection$1
instanceKlass com/intellij/internal/statistic/analytics/StudioCrashDetection
instanceKlass com/android/tools/idea/memorysettings/AndroidLowMemoryNotifier$$Lambda$556
instanceKlass com/android/tools/idea/stats/LowMemoryReporter$initComponent$2
instanceKlass com/android/tools/idea/stats/LowMemoryReporter$initComponent$1
instanceKlass com/android/tools/idea/stats/EventsLimiter
instanceKlass com/intellij/serviceContainer/MyComponentAdapter$doCreateInstance$1
instanceKlass com/intellij/execution/configurations/ConfigurationFactory
instanceKlass com/google/gct/idea/debugger/CloudDebugConfigType
instanceKlass com/intellij/execution/configurations/ConfigurationType
instanceKlass com/intellij/util/keyFMap/OneElementFMap
instanceKlass com/intellij/lang/jvm/JvmMetaLanguage$$Lambda$555
instanceKlass com/intellij/lang/jvm/source/JvmDeclarationSearcher
instanceKlass com/intellij/uast/UastMetaLanguage$Holder$$Lambda$554
instanceKlass java/lang/invoke/LambdaForm$DMH
instanceKlass org/jetbrains/uast/kotlin/KotlinUastLanguagePlugin
instanceKlass com/intellij/lang/jvm/JvmLanguage
instanceKlass org/jetbrains/plugins/groovy/lang/psi/uast/GroovyUastPlugin
instanceKlass org/jetbrains/uast/java/JavaUastLanguagePlugin
instanceKlass org/jetbrains/uast/UastLanguagePlugin$Companion
instanceKlass org/jetbrains/uast/UastLanguagePlugin
instanceKlass com/intellij/uast/UastMetaLanguage$Holder
instanceKlass com/intellij/lang/MetaLanguage$1
instanceKlass com/intellij/lang/LanguageUtil$$Lambda$553
instanceKlass com/intellij/lang/LanguageUtil$$Lambda$552
instanceKlass com/intellij/lang/LanguageUtil
instanceKlass com/jetbrains/cidr/lang/parser/OCParserDefinition$$Lambda$551
instanceKlass com/intellij/psi/tree/ILazyParseableElementTypeBase
instanceKlass com/jetbrains/cidr/lang/parser/OCRootElementType
instanceKlass com/intellij/psi/tree/IElementType
instanceKlass com/intellij/lang/PsiParser
instanceKlass com/jetbrains/cidr/lang/parser/OCParserDefinition
instanceKlass com/intellij/lang/ParserDefinition
instanceKlass com/android/tools/idea/sdk/SystemInfoStatsMonitor$1
instanceKlass com/google/wireless/android/sdk/stats/Hypervisor$HyperVState$1
instanceKlass com/google/protobuf/Internal$EnumLiteMap
instanceKlass com/google/protobuf/ProtocolMessageEnum
instanceKlass com/google/protobuf/Internal$EnumLite
instanceKlass com/android/tools/idea/sdk/SystemInfoStatsMonitor
instanceKlass com/android/repository/impl/installer/AbstractInstallerFactory
instanceKlass com/android/repository/api/Downloader
instanceKlass com/android/repository/api/InstallerFactory
instanceKlass com/android/repository/api/InstallerFactory$StatusChangeListenerFactory
instanceKlass com/android/tools/idea/sdk/install/patch/PatchInstallingRestarter
instanceKlass com/google/common/collect/AbstractMapBasedMultimap$WrappedCollection$WrappedIterator
instanceKlass com/google/common/collect/HashBiMap$Itr
instanceKlass com/android/sdklib/AndroidTargetHash
instanceKlass java/util/stream/SortedOps$RefSortingSink$$Lambda$550
instanceKlass com/android/sdklib/repository/PackageParserUtils$$Lambda$549
instanceKlass com/android/sdklib/repository/PackageParserUtils$$Lambda$548
instanceKlass com/android/sdklib/repository/PackageParserUtils
instanceKlass com/intellij/diagnostic/PerformanceWatcher$$Lambda$547
instanceKlass java/lang/invoke/LambdaForm$DMH
instanceKlass com/google/common/primitives/IntsMethodsForWeb
instanceKlass com/android/support/AndroidxNameUtils$$Lambda$546
instanceKlass kotlin/io/CloseableKt
instanceKlass com/google/common/collect/ImmutableCollection$Builder
instanceKlass org/apache/xerces/dom/NamedNodeMapImpl
instanceKlass org/apache/xerces/dom/CharacterDataImpl$1
instanceKlass com/android/utils/XmlUtils$SubTagIterator
instanceKlass org/w3c/dom/NamedNodeMap
instanceKlass org/apache/xerces/dom/DeferredDocumentImpl$RefCount
instanceKlass org/w3c/dom/traversal/NodeIterator
instanceKlass org/w3c/dom/traversal/TreeWalker
instanceKlass org/w3c/dom/ranges/Range
instanceKlass org/w3c/dom/events/MutationEvent
instanceKlass org/w3c/dom/events/Event
instanceKlass org/w3c/dom/ElementTraversal
instanceKlass org/w3c/dom/Entity
instanceKlass org/w3c/dom/Notation
instanceKlass org/w3c/dom/CDATASection
instanceKlass org/w3c/dom/Text
instanceKlass org/w3c/dom/DocumentType
instanceKlass org/w3c/dom/DocumentFragment
instanceKlass org/w3c/dom/Comment
instanceKlass org/w3c/dom/CharacterData
instanceKlass org/w3c/dom/ProcessingInstruction
instanceKlass org/w3c/dom/EntityReference
instanceKlass org/w3c/dom/DOMConfiguration
instanceKlass org/w3c/dom/TypeInfo
instanceKlass org/w3c/dom/Attr
instanceKlass org/w3c/dom/Element
instanceKlass org/apache/xerces/dom/NodeImpl
instanceKlass org/w3c/dom/events/EventTarget
instanceKlass org/w3c/dom/NodeList
instanceKlass org/w3c/dom/ranges/DocumentRange
instanceKlass org/w3c/dom/events/DocumentEvent
instanceKlass org/w3c/dom/traversal/DocumentTraversal
instanceKlass org/apache/xerces/dom/DeferredNode
instanceKlass org/w3c/dom/DOMError
instanceKlass org/apache/xerces/xs/XSSimpleTypeDefinition
instanceKlass org/apache/xerces/xs/XSTypeDefinition
instanceKlass org/apache/xerces/xs/XSObject
instanceKlass org/w3c/dom/Document
instanceKlass javax/xml/parsers/DocumentBuilder
instanceKlass javax/xml/parsers/DocumentBuilderFactory
instanceKlass com/android/utils/XmlUtils
instanceKlass com/android/support/AndroidxMigrationParserKt
instanceKlass com/android/support/AndroidxNameUtils$1
instanceKlass com/android/support/MigrationParserVisitor
instanceKlass com/android/support/AndroidxNameUtils
instanceKlass com/android/support/AndroidxName
instanceKlass com/android/SdkConstants
instanceKlass com/android/sdklib/BuildToolInfo
instanceKlass java/util/function/BinaryOperator$$Lambda$545
instanceKlass com/android/sdklib/repository/AndroidSdkHandler$$Lambda$544
instanceKlass java/lang/invoke/LambdaForm$DMH
instanceKlass com/android/sdklib/repository/AndroidSdkHandler$$Lambda$543
instanceKlass java/util/TreeMap$TreeMapSpliterator
instanceKlass com/android/sdklib/repository/AndroidSdkHandler$$Lambda$542
instanceKlass com/android/sdklib/repository/AndroidSdkHandler$$Lambda$541
instanceKlass com/android/sdklib/repository/targets/OptionalLibraryImpl
instanceKlass com/android/sdklib/repository/targets/PlatformTarget$Library
instanceKlass com/android/sdklib/repository/targets/PlatformTarget
instanceKlass com/android/sdklib/repository/targets/AndroidTargetManager$$Lambda$540
instanceKlass com/android/sdklib/repository/targets/AndroidTargetManager$$Lambda$539
instanceKlass com/android/sdklib/repository/targets/AndroidTargetManager$$Lambda$538
instanceKlass com/android/sdklib/AndroidVersion
instanceKlass com/android/sdklib/IAndroidTarget
instanceKlass com/android/sdklib/repository/targets/AndroidTargetManager
instanceKlass com/android/sdklib/repository/AndroidSdkHandler$$Lambda$537
instanceKlass com/android/repository/api/RepoManager$RepoLoadedListener
instanceKlass com/android/repository/Revision$1
instanceKlass com/google/common/collect/ComparisonChain
instanceKlass kotlin/sequences/GeneratorSequence$iterator$1
instanceKlass kotlin/sequences/GeneratorSequence
instanceKlass com/android/repository/util/RepoPackageUtilKt
instanceKlass com/google/common/collect/Iterables
instanceKlass java/util/stream/Collectors$$Lambda$536
instanceKlass java/util/stream/Collectors$$Lambda$535
instanceKlass java/lang/invoke/LambdaForm$DMH
instanceKlass java/util/stream/Collectors$$Lambda$534
instanceKlass com/android/repository/impl/meta/RepositoryPackages$$Lambda$533
instanceKlass com/google/common/hash/HashCode
instanceKlass com/google/common/hash/AbstractHasher
instanceKlass com/google/common/hash/Hasher
instanceKlass com/google/common/hash/PrimitiveSink
instanceKlass com/google/common/hash/AbstractHashFunction
instanceKlass com/google/common/hash/Hashing$Md5Holder
instanceKlass com/google/common/hash/HashFunction
instanceKlass com/google/common/hash/Hashing
instanceKlass com/sun/xml/bind/v2/runtime/unmarshaller/DefaultIDResolver$1
instanceKlass com/sun/xml/bind/DatatypeConverterImpl
instanceKlass javax/xml/bind/DatatypeConverterInterface
instanceKlass org/xml/sax/helpers/AttributesImpl
instanceKlass org/apache/xerces/impl/Constants$ArrayEnumeration
instanceKlass org/apache/xerces/impl/Constants
instanceKlass org/apache/xerces/parsers/AbstractSAXParser$LocatorProxy
instanceKlass org/xml/sax/ext/Locator2
instanceKlass org/apache/xerces/util/XMLSymbols
instanceKlass org/apache/xerces/util/XMLChar
instanceKlass org/apache/xerces/impl/XMLEntityManager$EncodingInfo
instanceKlass org/apache/xerces/xni/parser/XMLInputSource
instanceKlass org/apache/xerces/util/ErrorHandlerWrapper
instanceKlass org/apache/xerces/impl/ExternalSubsetResolver
instanceKlass org/apache/xerces/util/EntityResolverWrapper
instanceKlass org/xml/sax/ext/EntityResolver2
instanceKlass com/sun/xml/bind/v2/runtime/unmarshaller/TagName
instanceKlass com/sun/xml/bind/v2/runtime/unmarshaller/SAXConnector
instanceKlass org/apache/xerces/parsers/AbstractSAXParser$AttributesProxy
instanceKlass org/xml/sax/ext/Attributes2
instanceKlass org/apache/xerces/impl/msg/XMLMessageFormatter
instanceKlass org/apache/xerces/impl/XMLVersionDetector
instanceKlass org/apache/xerces/impl/validation/ValidationManager
instanceKlass org/apache/xerces/impl/dv/dtd/NMTOKENDatatypeValidator
instanceKlass org/apache/xerces/impl/dv/dtd/NOTATIONDatatypeValidator
instanceKlass org/apache/xerces/impl/dv/dtd/ENTITYDatatypeValidator
instanceKlass org/apache/xerces/impl/dv/dtd/ListDatatypeValidator
instanceKlass org/apache/xerces/impl/dv/dtd/IDREFDatatypeValidator
instanceKlass org/apache/xerces/impl/dv/dtd/IDDatatypeValidator
instanceKlass org/apache/xerces/impl/dv/dtd/StringDatatypeValidator
instanceKlass org/apache/xerces/impl/dv/DatatypeValidator
instanceKlass org/apache/xerces/impl/dv/SecuritySupport$3
instanceKlass org/apache/xerces/impl/dv/SecuritySupport$2
instanceKlass org/apache/xerces/impl/dv/SecuritySupport$1
instanceKlass org/apache/xerces/impl/dv/SecuritySupport$4
instanceKlass org/apache/xerces/impl/dv/SecuritySupport
instanceKlass org/apache/xerces/impl/dv/ObjectFactory
instanceKlass org/apache/xerces/impl/dv/DTDDVFactory
instanceKlass org/apache/xerces/impl/dtd/DTDGrammarBucket
instanceKlass org/apache/xerces/impl/dtd/XMLAttributeDecl
instanceKlass org/apache/xerces/impl/dtd/XMLSimpleType
instanceKlass org/apache/xerces/impl/dtd/XMLElementDecl
instanceKlass org/apache/xerces/impl/validation/ValidationState
instanceKlass org/apache/xerces/impl/dv/ValidationContext
instanceKlass org/apache/xerces/impl/dtd/DTDGrammar
instanceKlass org/apache/xerces/xni/grammars/Grammar
instanceKlass org/apache/xerces/impl/validation/EntityState
instanceKlass org/apache/xerces/impl/dtd/XMLEntityDecl
instanceKlass org/apache/xerces/impl/dtd/XMLDTDProcessor
instanceKlass org/apache/xerces/xni/parser/XMLDTDContentModelFilter
instanceKlass org/apache/xerces/xni/parser/XMLDTDFilter
instanceKlass org/apache/xerces/impl/XMLDocumentScannerImpl$TrailingMiscDispatcher
instanceKlass org/apache/xerces/impl/XMLDocumentScannerImpl$DTDDispatcher
instanceKlass org/apache/xerces/impl/XMLDocumentScannerImpl$PrologDispatcher
instanceKlass org/apache/xerces/impl/XMLDocumentScannerImpl$XMLDeclDispatcher
instanceKlass org/apache/xerces/util/NamespaceSupport
instanceKlass org/apache/xerces/util/XMLAttributesImpl$Attribute
instanceKlass org/apache/xerces/util/XMLAttributesImpl
instanceKlass org/apache/xerces/impl/XMLDocumentFragmentScannerImpl$FragmentContentDispatcher
instanceKlass org/apache/xerces/xni/QName
instanceKlass org/apache/xerces/impl/XMLDocumentFragmentScannerImpl$ElementStack
instanceKlass org/apache/xerces/xni/grammars/XMLDTDDescription
instanceKlass org/apache/xerces/xni/grammars/XMLGrammarDescription
instanceKlass org/apache/xerces/impl/XMLDocumentFragmentScannerImpl$Dispatcher
instanceKlass org/apache/xerces/xni/XMLAttributes
instanceKlass org/apache/xerces/xni/XMLString
instanceKlass org/apache/xerces/impl/XMLScanner
instanceKlass org/apache/xerces/impl/XMLEntityHandler
instanceKlass org/apache/xerces/impl/XMLErrorReporter
instanceKlass org/apache/xerces/impl/XMLEntityManager$CharacterBuffer
instanceKlass org/apache/xerces/impl/XMLEntityManager$CharacterBufferPool
instanceKlass org/apache/xerces/impl/XMLEntityManager$ByteBufferPool
instanceKlass org/apache/xerces/util/AugmentationsImpl$AugmentationsItemsContainer
instanceKlass org/apache/xerces/util/AugmentationsImpl
instanceKlass org/apache/xerces/util/XMLResourceIdentifierImpl
instanceKlass org/apache/xerces/impl/XMLEntityManager$1
instanceKlass org/apache/xerces/impl/XMLEntityScanner
instanceKlass org/apache/xerces/impl/XMLEntityManager$Entity
instanceKlass org/apache/xerces/xni/XMLResourceIdentifier
instanceKlass org/apache/xerces/xni/Augmentations
instanceKlass org/apache/xerces/impl/XMLEntityManager
instanceKlass org/apache/xerces/util/SymbolTable$Entry
instanceKlass org/apache/xerces/xni/grammars/XMLGrammarPool
instanceKlass org/apache/xerces/util/SymbolTable
instanceKlass org/apache/xerces/xni/NamespaceContext
instanceKlass org/apache/xerces/xni/parser/XMLDocumentScanner
instanceKlass org/apache/xerces/util/MessageFormatter
instanceKlass org/apache/xerces/impl/dtd/XMLDTDValidator
instanceKlass org/apache/xerces/impl/dtd/XMLDTDValidatorFilter
instanceKlass org/apache/xerces/xni/parser/XMLDTDScanner
instanceKlass org/apache/xerces/xni/parser/XMLDTDContentModelSource
instanceKlass org/apache/xerces/xni/XMLLocator
instanceKlass org/apache/xerces/util/ParserConfigurationSettings
instanceKlass org/apache/xerces/parsers/XML11Configurable
instanceKlass org/apache/xerces/xni/parser/XMLPullParserConfiguration
instanceKlass org/apache/xerces/xni/parser/XMLParserConfiguration
instanceKlass org/apache/xerces/parsers/SecuritySupport$6
instanceKlass org/apache/xerces/parsers/SecuritySupport$7
instanceKlass org/apache/xerces/parsers/SecuritySupport$3
instanceKlass org/apache/xerces/parsers/SecuritySupport$2
instanceKlass org/apache/xerces/parsers/SecuritySupport$1
instanceKlass org/apache/xerces/parsers/SecuritySupport$4
instanceKlass org/apache/xerces/parsers/SecuritySupport
instanceKlass org/apache/xerces/parsers/ObjectFactory
instanceKlass org/apache/xerces/xni/parser/XMLErrorHandler
instanceKlass org/apache/xerces/xni/parser/XMLEntityResolver
instanceKlass org/xml/sax/AttributeList
instanceKlass org/apache/xerces/parsers/XMLParser
instanceKlass org/apache/xerces/xni/XMLDTDContentModelHandler
instanceKlass org/xml/sax/Parser
instanceKlass org/apache/xerces/jaxp/TeeXMLDocumentFilterImpl
instanceKlass org/apache/xerces/impl/xs/XMLSchemaValidator
instanceKlass org/apache/xerces/impl/xs/XSElementDeclHelper
instanceKlass org/apache/xerces/impl/RevalidationHandler
instanceKlass org/apache/xerces/impl/xs/identity/FieldActivator
instanceKlass org/apache/xerces/xni/parser/XMLDocumentFilter
instanceKlass org/apache/xerces/xni/parser/XMLDocumentSource
instanceKlass org/apache/xerces/xni/XMLDocumentHandler
instanceKlass org/apache/xerces/xni/parser/XMLComponent
instanceKlass org/apache/xerces/xni/parser/XMLComponentManager
instanceKlass org/apache/xerces/xni/parser/XMLDTDSource
instanceKlass org/apache/xerces/xni/XMLDTDHandler
instanceKlass org/xml/sax/DocumentHandler
instanceKlass org/apache/xerces/xs/PSVIProvider
instanceKlass org/apache/xerces/jaxp/JAXPConstants
instanceKlass javax/xml/parsers/SAXParser
instanceKlass javax/xml/parsers/FactoryFinder$1
instanceKlass jdk/xml/internal/SecuritySupport$$Lambda$532
instanceKlass javax/xml/parsers/FactoryFinder$$Lambda$531
instanceKlass javax/xml/parsers/FactoryFinder
instanceKlass org/xml/sax/Attributes
instanceKlass org/xml/sax/helpers/XMLFilterImpl
instanceKlass org/xml/sax/InputSource
instanceKlass javax/xml/transform/sax/SAXSource
instanceKlass com/android/repository/impl/meta/SchemaModuleUtil$$Lambda$530
instanceKlass java/lang/invoke/LambdaForm$DMH
instanceKlass com/sun/xml/bind/v2/runtime/unmarshaller/UnmarshallingContext$State
instanceKlass com/sun/xml/bind/v2/runtime/unmarshaller/Scope
instanceKlass javax/xml/bind/ValidationEventLocator
instanceKlass com/sun/xml/bind/v2/runtime/unmarshaller/LocatorExWrapper
instanceKlass org/xml/sax/helpers/LocatorImpl
instanceKlass com/sun/xml/bind/v2/runtime/Coordinator
instanceKlass com/sun/xml/bind/v2/runtime/unmarshaller/XmlVisitor$TextPredictor
instanceKlass javax/xml/bind/helpers/DefaultValidationEventHandler
instanceKlass org/xml/sax/helpers/DefaultHandler
instanceKlass org/xml/sax/DTDHandler
instanceKlass org/xml/sax/EntityResolver
instanceKlass com/sun/xml/bind/IDResolver
instanceKlass com/sun/xml/bind/v2/runtime/unmarshaller/XmlVisitor
instanceKlass javax/xml/bind/UnmarshallerHandler
instanceKlass org/xml/sax/ContentHandler
instanceKlass javax/xml/bind/helpers/AbstractUnmarshallerImpl
instanceKlass javax/xml/bind/ValidationEventHandler
instanceKlass com/sun/xml/bind/v2/runtime/NameList
instanceKlass com/sun/xml/bind/v2/runtime/unmarshaller/ChildLoader
instanceKlass com/sun/xml/bind/v2/runtime/property/ArrayERProperty$ReceiverImpl
instanceKlass com/sun/xml/bind/v2/runtime/unmarshaller/StructureLoader$1
instanceKlass com/sun/xml/bind/v2/runtime/property/UnmarshallerChain
instanceKlass com/sun/xml/bind/v2/runtime/ElementBeanInfoImpl$1
instanceKlass javax/xml/bind/JAXBElement$GlobalScope
instanceKlass com/sun/xml/bind/v2/runtime/Utils$1
instanceKlass com/sun/xml/bind/v2/runtime/Utils
instanceKlass com/sun/xml/bind/v2/runtime/unmarshaller/Intercepter
instanceKlass javax/xml/bind/annotation/W3CDomHandler
instanceKlass javax/xml/bind/annotation/DomHandler
instanceKlass com/sun/xml/bind/v2/runtime/unmarshaller/Patcher
instanceKlass com/sun/xml/bind/v2/runtime/unmarshaller/LocatorEx
instanceKlass com/sun/xml/bind/v2/runtime/property/TagAndType
instanceKlass com/sun/xml/bind/v2/runtime/JaxBeanInfo$1
instanceKlass com/sun/xml/bind/v2/runtime/LifecycleMethods
instanceKlass com/sun/xml/bind/v2/runtime/Name
instanceKlass com/sun/xml/bind/v2/runtime/reflect/TransducedAccessor
instanceKlass com/sun/xml/bind/v2/ClassFactory
instanceKlass com/sun/xml/bind/v2/runtime/reflect/Lister$2
instanceKlass com/sun/xml/bind/v2/runtime/reflect/ListIterator
instanceKlass com/sun/xml/bind/v2/runtime/reflect/Lister
instanceKlass com/sun/xml/bind/v2/runtime/property/Utils$1
instanceKlass com/sun/xml/bind/v2/runtime/property/Utils
instanceKlass com/sun/xml/bind/v2/runtime/property/PropertyFactory$1
instanceKlass com/sun/xml/bind/v2/runtime/property/PropertyFactory
instanceKlass com/sun/xml/bind/v2/runtime/property/PropertyImpl
instanceKlass org/xml/sax/Locator
instanceKlass com/sun/xml/bind/v2/runtime/property/Property
instanceKlass com/sun/xml/bind/v2/runtime/property/StructureLoaderBuilder
instanceKlass com/sun/xml/bind/v2/runtime/unmarshaller/Loader
instanceKlass com/sun/xml/bind/v2/runtime/FilterTransducer
instanceKlass com/sun/xml/bind/v2/util/FlattenIterator
instanceKlass com/android/sdklib/repository/meta/DetailsTypes
instanceKlass com/android/sdklib/repository/meta/DetailsTypes$MavenType
instanceKlass com/sun/xml/bind/v2/model/impl/ElementInfoImpl$PropertyImpl
instanceKlass javax/xml/bind/annotation/XmlElementDecl$GLOBAL
instanceKlass java/lang/Package$1PackageInfoProxy
instanceKlass com/sun/xml/bind/api/impl/NameUtil
instanceKlass com/sun/xml/bind/api/impl/NameConverter
instanceKlass com/android/repository/impl/meta/Archive$HostConfig
instanceKlass com/sun/xml/bind/v2/model/impl/GetterSetterPropertySeed
instanceKlass javax/xml/bind/annotation/XmlElement$DEFAULT
instanceKlass com/android/repository/impl/meta/TypeDetails
instanceKlass com/sun/xml/bind/v2/model/nav/ReflectionNavigator$10
instanceKlass com/sun/xml/bind/v2/model/impl/AttributePropertyInfoImpl$1
instanceKlass javax/xml/bind/annotation/XmlSchemaType$DEFAULT
instanceKlass com/sun/xml/bind/v2/runtime/reflect/Utils$1
instanceKlass com/sun/xml/bind/v2/runtime/reflect/Utils
instanceKlass com/sun/xml/bind/v2/model/core/Adapter
instanceKlass javax/xml/bind/annotation/adapters/XmlAdapter
instanceKlass javax/xml/bind/annotation/adapters/XmlJavaTypeAdapter$DEFAULT
instanceKlass com/sun/xml/bind/v2/model/impl/PropertyInfoImpl$1
instanceKlass com/sun/xml/bind/v2/TODO
instanceKlass com/sun/xml/bind/annotation/XmlLocation
instanceKlass javax/xml/bind/annotation/XmlSchemaTypes
instanceKlass com/sun/xml/bind/v2/model/nav/ParameterizedTypeImpl
instanceKlass com/sun/xml/bind/v2/model/nav/ReflectionNavigator$BinderArg
instanceKlass javax/xml/bind/annotation/adapters/XmlJavaTypeAdapters
instanceKlass com/sun/xml/bind/v2/model/impl/Util
instanceKlass com/sun/xml/bind/v2/model/runtime/RuntimeTypeRef
instanceKlass com/sun/xml/bind/v2/model/impl/TypeRefImpl
instanceKlass com/sun/xml/bind/v2/model/core/TypeRef
instanceKlass com/sun/xml/bind/v2/model/impl/ClassInfoImpl$1
instanceKlass com/sun/xml/bind/v2/model/impl/FieldPropertySeed
instanceKlass com/sun/xml/bind/v2/model/impl/RuntimeClassInfoImpl$RuntimePropertySeed
instanceKlass com/sun/xml/bind/v2/model/nav/ReflectionNavigator$3
instanceKlass com/sun/xml/bind/AccessorFactoryImpl
instanceKlass com/sun/xml/bind/InternalAccessorFactory
instanceKlass javax/xml/bind/annotation/XmlAccessorOrder
instanceKlass com/sun/xml/bind/annotation/OverrideAnnotationOf
instanceKlass javax/xml/bind/annotation/XmlMixed
instanceKlass javax/xml/bind/annotation/XmlAnyElement
instanceKlass javax/xml/bind/annotation/XmlElements
instanceKlass javax/xml/bind/annotation/XmlAnyAttribute
instanceKlass javax/xml/bind/annotation/XmlList
instanceKlass javax/xml/bind/annotation/XmlElementWrapper
instanceKlass javax/xml/bind/annotation/XmlAttachmentRef
instanceKlass javax/xml/bind/annotation/XmlMimeType
instanceKlass javax/xml/bind/annotation/XmlInlineBinaryData
instanceKlass javax/xml/bind/annotation/XmlIDREF
instanceKlass javax/xml/bind/annotation/XmlID
instanceKlass javax/xml/bind/annotation/adapters/XmlJavaTypeAdapter
instanceKlass com/sun/xml/bind/AccessorFactory
instanceKlass com/sun/xml/bind/v2/model/runtime/RuntimeMapPropertyInfo
instanceKlass com/sun/xml/bind/v2/model/core/MapPropertyInfo
instanceKlass com/sun/xml/bind/v2/model/runtime/RuntimeElementPropertyInfo
instanceKlass com/sun/xml/bind/v2/model/core/ElementPropertyInfo
instanceKlass com/sun/xml/bind/v2/model/runtime/RuntimeValuePropertyInfo
instanceKlass com/sun/xml/bind/v2/model/core/ValuePropertyInfo
instanceKlass com/sun/xml/bind/v2/model/runtime/RuntimeAttributePropertyInfo
instanceKlass com/sun/xml/bind/v2/model/runtime/RuntimeNonElementRef
instanceKlass com/sun/xml/bind/v2/model/core/AttributePropertyInfo
instanceKlass com/sun/xml/bind/v2/model/core/NonElementRef
instanceKlass com/sun/xml/bind/v2/model/runtime/RuntimeReferencePropertyInfo
instanceKlass com/sun/xml/bind/v2/model/runtime/RuntimePropertyInfo
instanceKlass com/sun/xml/bind/v2/runtime/reflect/Accessor
instanceKlass com/sun/xml/bind/v2/runtime/unmarshaller/Receiver
instanceKlass com/sun/xml/bind/v2/model/impl/PropertySeed
instanceKlass com/sun/xml/bind/v2/model/impl/DummyPropertyInfo
instanceKlass com/sun/xml/bind/v2/model/core/ReferencePropertyInfo
instanceKlass com/sun/xml/bind/v2/model/impl/PropertyInfoImpl
instanceKlass com/sun/xml/bind/v2/model/core/PropertyInfo
instanceKlass com/sun/xml/bind/v2/model/annotation/AnnotationSource
instanceKlass javax/xml/bind/annotation/XmlType$DEFAULT
instanceKlass javax/xml/bind/annotation/XmlAccessorType
instanceKlass javax/xml/bind/annotation/XmlSeeAlso
instanceKlass com/sun/xml/bind/v2/model/annotation/ClassLocatable
instanceKlass com/sun/xml/bind/v2/model/annotation/MethodLocatable
instanceKlass javax/xml/bind/JAXBElement
instanceKlass com/sun/xml/bind/v2/model/nav/ReflectionNavigator$5
instanceKlass com/sun/xml/bind/v2/model/nav/ReflectionNavigator$4
instanceKlass com/sun/xml/bind/v2/model/impl/RegistryInfoImpl
instanceKlass java/lang/reflect/Proxy$$Lambda$529
instanceKlass com/sun/xml/bind/v2/model/annotation/SecureLoader
instanceKlass javax/xml/bind/annotation/XmlValue
instanceKlass javax/xml/bind/annotation/XmlType
instanceKlass javax/xml/bind/annotation/XmlTransient
instanceKlass javax/xml/bind/annotation/XmlSchemaType
instanceKlass javax/xml/bind/annotation/XmlRootElement
instanceKlass javax/xml/bind/annotation/XmlEnum
instanceKlass javax/xml/bind/annotation/XmlElementRefs
instanceKlass javax/xml/bind/annotation/XmlElementRef
instanceKlass javax/xml/bind/annotation/XmlElementDecl
instanceKlass javax/xml/bind/annotation/XmlElement
instanceKlass javax/xml/bind/annotation/XmlAttribute
instanceKlass com/sun/xml/bind/v2/model/annotation/Quick
instanceKlass com/sun/xml/bind/v2/model/annotation/Init
instanceKlass com/sun/xml/bind/v2/model/annotation/LocatableAnnotation
instanceKlass javax/xml/bind/annotation/XmlRegistry
instanceKlass com/sun/xml/bind/v2/model/core/Ref
instanceKlass com/sun/xml/bind/api/CompositeStructure
instanceKlass com/sun/xml/bind/v2/runtime/IllegalAnnotationsException$Builder
instanceKlass com/sun/xml/bind/v2/runtime/RuntimeUtil
instanceKlass com/sun/xml/bind/v2/model/impl/AnyTypeImpl
instanceKlass com/sun/xml/bind/v2/model/impl/TypeInfoSetImpl$1
instanceKlass com/sun/xml/bind/v2/model/impl/RuntimeBuiltinLeafInfoImpl$28
instanceKlass javax/xml/datatype/Duration
instanceKlass javax/xml/datatype/XMLGregorianCalendar
instanceKlass javax/activation/DataHandler
instanceKlass java/awt/datatransfer/Transferable
instanceKlass javax/activation/DataSource
instanceKlass javax/xml/bind/ValidationEvent
instanceKlass com/sun/xml/bind/v2/runtime/output/Pcdata
instanceKlass javax/xml/datatype/DatatypeConstants$Field
instanceKlass javax/xml/datatype/DatatypeConstants
instanceKlass com/sun/xml/bind/v2/model/impl/RuntimeBuiltinLeafInfoImpl$1
instanceKlass com/sun/xml/bind/v2/model/impl/LeafInfoImpl
instanceKlass com/sun/xml/bind/v2/model/runtime/RuntimeBuiltinLeafInfo
instanceKlass com/sun/xml/bind/v2/model/core/BuiltinLeafInfo
instanceKlass com/sun/xml/bind/v2/model/impl/ModelBuilder$1
instanceKlass com/sun/xml/bind/v2/model/impl/Utils$1
instanceKlass com/sun/xml/bind/v2/model/nav/TypeVisitor
instanceKlass com/sun/xml/bind/v2/model/nav/ReflectionNavigator
instanceKlass com/sun/xml/bind/v2/model/nav/Navigator
instanceKlass com/sun/xml/bind/v2/model/impl/Utils
instanceKlass com/sun/xml/bind/WhiteSpaceProcessor
instanceKlass com/sun/xml/bind/v2/model/runtime/RuntimeTypeInfoSet
instanceKlass com/sun/xml/bind/v2/model/impl/TypeInfoSetImpl
instanceKlass com/sun/xml/bind/v2/model/runtime/RuntimeArrayInfo
instanceKlass com/sun/xml/bind/v2/runtime/Location
instanceKlass com/sun/xml/bind/v2/model/core/ArrayInfo
instanceKlass com/sun/xml/bind/v2/model/runtime/RuntimeElementInfo
instanceKlass com/sun/xml/bind/v2/model/core/ElementInfo
instanceKlass com/sun/xml/bind/v2/model/runtime/RuntimeElement
instanceKlass com/sun/xml/bind/v2/model/runtime/RuntimeClassInfo
instanceKlass com/sun/xml/bind/v2/model/core/ClassInfo
instanceKlass com/sun/xml/bind/v2/runtime/Transducer
instanceKlass com/sun/xml/bind/v2/model/runtime/RuntimeEnumLeafInfo
instanceKlass com/sun/xml/bind/v2/model/impl/TypeInfoImpl
instanceKlass com/sun/xml/bind/v2/model/core/Element
instanceKlass com/sun/xml/bind/v2/model/core/EnumLeafInfo
instanceKlass com/sun/xml/bind/v2/model/core/RegistryInfo
instanceKlass com/sun/xml/bind/v2/model/impl/ModelBuilder
instanceKlass com/sun/xml/bind/v2/model/impl/ModelBuilderI
instanceKlass com/sun/xml/bind/v2/runtime/NameBuilder
instanceKlass com/sun/istack/Pool$Impl
instanceKlass com/sun/xml/bind/v2/util/QNameMap$Entry
instanceKlass com/sun/xml/bind/v2/util/QNameMap
instanceKlass com/sun/xml/bind/v2/runtime/JAXBContextImpl$6
instanceKlass com/sun/xml/bind/api/Bridge
instanceKlass com/sun/istack/Pool
instanceKlass com/sun/xml/bind/v2/runtime/AttributeAccessor
instanceKlass com/sun/xml/bind/v2/runtime/JaxBeanInfo
instanceKlass com/sun/xml/bind/v2/model/runtime/RuntimeLeafInfo
instanceKlass com/sun/xml/bind/v2/model/runtime/RuntimeNonElement
instanceKlass com/sun/xml/bind/v2/model/runtime/RuntimeTypeInfo
instanceKlass com/sun/xml/bind/v2/model/core/LeafInfo
instanceKlass com/sun/xml/bind/v2/model/core/MaybeElement
instanceKlass com/sun/xml/bind/v2/model/core/NonElement
instanceKlass com/sun/xml/bind/v2/model/core/TypeInfo
instanceKlass com/sun/xml/bind/v2/model/annotation/Locatable
instanceKlass com/sun/xml/bind/v2/model/core/TypeInfoSet
instanceKlass com/sun/xml/bind/v2/model/core/ErrorHandler
instanceKlass com/sun/xml/bind/api/RawAccessor
instanceKlass com/sun/xml/bind/api/BridgeContext
instanceKlass com/sun/xml/bind/api/ErrorListener
instanceKlass javax/xml/bind/JAXBIntrospector
instanceKlass javax/xml/bind/Binder
instanceKlass com/sun/xml/bind/unmarshaller/InfosetScanner
instanceKlass javax/xml/bind/Marshaller
instanceKlass javax/xml/bind/Unmarshaller
instanceKlass com/sun/xml/bind/v2/model/annotation/AbstractInlineAnnotationReaderImpl
instanceKlass com/sun/xml/bind/v2/runtime/JAXBContextImpl$JAXBContextBuilder
instanceKlass com/sun/xml/bind/v2/util/TypeCast
instanceKlass com/sun/xml/bind/Util
instanceKlass com/sun/xml/bind/v2/model/annotation/RuntimeAnnotationReader
instanceKlass com/sun/xml/bind/v2/model/annotation/AnnotationReader
instanceKlass com/sun/xml/bind/v2/ContextFactory
instanceKlass javax/xml/bind/ServiceLoaderUtil
instanceKlass javax/xml/bind/JAXBContextFactory
instanceKlass javax/xml/bind/ModuleUtil
instanceKlass javax/xml/bind/GetPropertyAction
instanceKlass javax/xml/bind/ServiceLoaderUtil$ExceptionHandler
instanceKlass javax/xml/bind/ContextFinder
instanceKlass javax/xml/bind/JAXBContext
instanceKlass com/google/common/base/Joiner
instanceKlass com/google/common/collect/Lists
instanceKlass org/xml/sax/ErrorHandler
instanceKlass org/xml/sax/XMLFilter
instanceKlass org/xml/sax/XMLReader
instanceKlass org/w3c/dom/ls/LSResourceResolver
instanceKlass com/android/repository/impl/meta/SchemaModuleUtil
instanceKlass com/android/repository/impl/manager/LocalRepoLoaderImpl$$Lambda$528
instanceKlass java/lang/invoke/LambdaForm$DMH
instanceKlass com/android/repository/impl/manager/LocalRepoLoaderImpl$$Lambda$527
instanceKlass java/nio/file/Files$2
instanceKlass com/android/repository/impl/manager/LocalRepoLoaderImpl
instanceKlass com/google/common/collect/PeekingIterator
instanceKlass com/google/common/collect/Iterators
instanceKlass com/android/repository/impl/manager/RepoManagerImpl$LoadTask
instanceKlass java/util/concurrent/Semaphore
instanceKlass com/android/repository/api/RepoManager$DummyProgressRunner
instanceKlass com/android/repository/api/RepoManager$$Lambda$526
instanceKlass com/google/common/collect/ForwardingObject
instanceKlass com/google/common/collect/Platform
instanceKlass com/android/sdklib/repository/legacy/local/LocalPkgInfo
instanceKlass com/android/sdklib/repository/legacy/local/LocalSdk
instanceKlass com/android/sdklib/repository/legacy/LegacyLocalRepoLoader
instanceKlass com/android/sdklib/repository/legacy/remote/internal/sources/SdkSource
instanceKlass com/android/sdklib/repository/legacy/LegacyRemoteRepoLoader
instanceKlass com/android/sdklib/repository/AndroidSdkHandler$RepoConfig$$Lambda$525
instanceKlass com/android/repository/impl/manager/RemoteRepoLoader
instanceKlass com/android/repository/impl/manager/RepoManagerImpl$RemoteRepoLoaderFactoryImpl
instanceKlass com/android/repository/impl/manager/LocalRepoLoader
instanceKlass com/android/repository/impl/manager/RepoManagerImpl$LocalRepoLoaderFactoryImpl
instanceKlass com/google/common/collect/Ordering
instanceKlass com/google/common/collect/Multiset
instanceKlass com/google/common/collect/AbstractMultimap
instanceKlass com/google/common/collect/SortedSetMultimap
instanceKlass com/google/common/collect/SetMultimap
instanceKlass com/google/common/collect/Sets
instanceKlass com/google/common/collect/Multimap
instanceKlass com/android/repository/impl/meta/RepositoryPackages
instanceKlass com/android/repository/api/ProgressRunner$ProgressRunnable
instanceKlass com/android/repository/impl/manager/RepoManagerImpl$RemoteRepoLoaderFactory
instanceKlass com/android/repository/impl/manager/RepoManagerImpl$LocalRepoLoaderFactory
instanceKlass com/google/common/collect/ObjectArrays
instanceKlass com/android/repository/impl/sources/LocalSourceProvider
instanceKlass com/android/repository/api/SimpleRepositorySource
instanceKlass com/google/common/math/IntMath$1
instanceKlass com/google/common/math/MathPreconditions
instanceKlass com/google/common/math/IntMath
instanceKlass com/android/repository/impl/generated/generic/v2/package-info
instanceKlass com/android/repository/impl/generated/generic/v1/package-info
instanceKlass com/android/repository/impl/meta/TypeDetails$GenericType
instanceKlass com/android/repository/impl/meta/GenericFactory
instanceKlass com/android/repository/impl/generated/v2/package-info
instanceKlass com/android/repository/api/Checksum
instanceKlass com/android/repository/impl/generated/v1/package-info
instanceKlass com/android/repository/impl/meta/RevisionType
instanceKlass com/android/repository/impl/meta/RemotePackageImpl$ChannelRef
instanceKlass com/android/repository/api/Channel
instanceKlass com/android/repository/impl/meta/Archive$ArchiveFile
instanceKlass com/android/repository/impl/meta/Archive$PatchesType
instanceKlass com/android/repository/impl/meta/Archive
instanceKlass com/android/repository/api/License
instanceKlass com/android/repository/api/Dependency
instanceKlass com/android/repository/impl/meta/RepoPackageImpl$UsesLicense
instanceKlass com/android/repository/impl/meta/RepoPackageImpl$Archives
instanceKlass com/android/repository/impl/meta/RepoPackageImpl$Dependencies
instanceKlass com/android/repository/api/LocalPackage
instanceKlass com/android/repository/impl/meta/RepoPackageImpl
instanceKlass com/android/repository/api/RemotePackage
instanceKlass com/android/repository/api/RepoPackage
instanceKlass com/android/repository/api/Repository
instanceKlass com/android/repository/impl/meta/CommonFactory
instanceKlass com/android/repository/api/ProgressRunner
instanceKlass com/android/repository/api/ConstantSourceProvider
instanceKlass com/android/repository/impl/sources/generated/v1/package-info
instanceKlass com/android/repository/impl/sources/generated/v1/ObjectFactory
instanceKlass com/android/repository/api/RepoManager
instanceKlass com/android/repository/api/RemoteListSourceProvider
instanceKlass com/google/common/collect/Hashing
instanceKlass com/google/common/collect/AbstractMapEntry
instanceKlass com/google/common/collect/CollectPreconditions
instanceKlass com/google/common/collect/ImmutableSet$SetBuilderImpl
instanceKlass com/google/common/collect/ImmutableMap$Builder
instanceKlass com/android/sdklib/repository/sources/generated/v5/package-info
instanceKlass com/android/sdklib/repository/sources/generated/v5/ObjectFactory
instanceKlass com/android/sdklib/repository/sources/generated/v4/package-info
instanceKlass com/android/sdklib/repository/sources/generated/v4/ObjectFactory
instanceKlass com/android/sdklib/repository/sources/generated/v3/package-info
instanceKlass com/android/sdklib/repository/sources/generated/v3/ObjectFactory
instanceKlass com/android/sdklib/repository/sources/generated/v2/package-info
instanceKlass com/android/sdklib/repository/sources/RemoteSiteType$SysImgSiteType
instanceKlass com/android/sdklib/repository/sources/generated/v2/ObjectFactory
instanceKlass com/android/sdklib/repository/sources/generated/v1/package-info
instanceKlass com/android/sdklib/repository/sources/RemoteSiteType$AddonSiteType
instanceKlass com/android/repository/api/RemoteSource
instanceKlass com/android/repository/api/RepositorySource
instanceKlass com/android/repository/impl/sources/RemoteListSourceProviderImpl$SiteList
instanceKlass com/android/sdklib/repository/sources/generated/v1/ObjectFactory
instanceKlass com/android/sdklib/repository/sources/RemoteSiteType
instanceKlass com/android/repository/api/FallbackLocalRepoLoader
instanceKlass com/android/repository/api/FallbackRemoteRepoLoader
instanceKlass com/android/repository/api/RepositorySourceProvider
instanceKlass com/android/sdklib/repository/AndroidSdkHandler$RepoConfig
instanceKlass com/android/repository/api/ProgressIndicatorAdapter
instanceKlass com/intellij/util/lang/ClassLoadingLocks$1
instanceKlass com/google/common/collect/Table
instanceKlass com/android/sdklib/devices/DeviceManager
instanceKlass com/android/repository/Revision
instanceKlass com/google/common/io/Closeables
instanceKlass com/android/sdklib/internal/project/ProjectProperties
instanceKlass org/jetbrains/android/sdk/MessageBuildingSdkLog
instanceKlass com/android/tools/idea/io/BufferingFileWrapper
instanceKlass java/security/KeyStore$ProtectionParameter
instanceKlass com/android/jarutils/SignedJarBuilder
instanceKlass com/android/io/IAbstractFile
instanceKlass com/android/io/IAbstractResource
instanceKlass org/jetbrains/android/util/AndroidBuildCommonUtils
instanceKlass com/android/repository/io/FileOp
instanceKlass com/android/repository/io/FileOpUtils
instanceKlass com/android/io/CancellableFileIo
instanceKlass com/android/prefs/QueryResult
instanceKlass kotlin/collections/CollectionsKt___CollectionsKt$asSequence$$inlined$Sequence$1
instanceKlass com/android/prefs/VariableValue
instanceKlass com/android/prefs/LocationValue
instanceKlass com/android/prefs/PathLocator$WhenMappings
instanceKlass kotlin/jvm/internal/ArrayIterator
instanceKlass kotlin/jvm/internal/ArrayIteratorKt
instanceKlass kotlin/sequences/TransformingSequence$iterator$1
instanceKlass kotlin/sequences/FlatteningSequence$iterator$1
instanceKlass kotlin/jvm/internal/CallableReference$NoReceiver
instanceKlass kotlin/jvm/internal/CallableReference
instanceKlass kotlin/sequences/FlatteningSequence
instanceKlass kotlin/sequences/TransformingSequence
instanceKlass kotlin/sequences/SequencesKt__SequenceBuilderKt
instanceKlass kotlin/collections/ArraysKt___ArraysKt$asSequence$$inlined$Sequence$1
instanceKlass kotlin/collections/ArraysKt__ArraysJVMKt
instanceKlass com/android/prefs/PathLocator
instanceKlass com/android/sdklib/repository/AndroidSdkHandler$$Lambda$524
instanceKlass com/android/sdklib/repository/generated/common/v3/package-info
instanceKlass com/android/sdklib/repository/generated/common/v2/package-info
instanceKlass com/android/sdklib/repository/generated/common/v1/package-info
instanceKlass com/android/sdklib/repository/meta/Library
instanceKlass com/android/sdklib/OptionalLibrary
instanceKlass com/android/sdklib/repository/IdDisplay
instanceKlass com/android/sdklib/repository/meta/SdkCommonFactory
instanceKlass com/android/sdklib/repository/generated/sysimg/v3/package-info
instanceKlass com/android/sdklib/repository/generated/sysimg/v2/package-info
instanceKlass com/android/sdklib/repository/generated/sysimg/v1/package-info
instanceKlass com/android/sdklib/repository/meta/DetailsTypes$SysImgDetailsType
instanceKlass com/android/sdklib/repository/meta/SysImgFactory
instanceKlass com/android/sdklib/repository/generated/repository/v3/package-info
instanceKlass com/android/sdklib/repository/generated/repository/v2/package-info
instanceKlass com/android/sdklib/repository/generated/repository/v1/package-info
instanceKlass com/android/sdklib/repository/meta/DetailsTypes$SourceDetailsType
instanceKlass com/android/sdklib/repository/meta/DetailsTypes$PlatformDetailsType$LayoutlibType
instanceKlass com/android/sdklib/repository/meta/DetailsTypes$PlatformDetailsType
instanceKlass com/android/sdklib/repository/meta/RepoFactory
instanceKlass com/android/sdklib/repository/generated/addon/v3/package-info
instanceKlass com/android/sdklib/repository/generated/addon/v2/package-info
instanceKlass javax/xml/bind/annotation/XmlNs
instanceKlass com/android/sdklib/repository/generated/addon/v1/package-info
instanceKlass java/lang/Package$$Lambda$523
instanceKlass javax/xml/bind/annotation/XmlSchema
instanceKlass com/android/repository/api/SchemaModule$SchemaModuleVersion
instanceKlass javax/xml/namespace/QName
instanceKlass com/android/sdklib/repository/meta/DetailsTypes$ExtraDetailsType
instanceKlass com/android/sdklib/repository/meta/DetailsTypes$AddonDetailsType$Libraries
instanceKlass com/android/sdklib/repository/meta/DetailsTypes$AddonDetailsType
instanceKlass com/android/sdklib/repository/meta/DetailsTypes$ApiDetailsType
instanceKlass com/android/sdklib/repository/meta/AddonFactory
instanceKlass com/android/repository/api/SchemaModule
instanceKlass com/android/sdklib/repository/AndroidSdkHandler
instanceKlass com/android/utils/StdLogger
instanceKlass com/android/utils/EnvironmentProvider$DirectEnvironmentProvider
instanceKlass com/android/utils/EnvironmentProvider
instanceKlass com/android/prefs/AbstractAndroidLocations$Companion
instanceKlass com/android/prefs/AbstractAndroidLocations
instanceKlass com/android/tools/idea/sdk/SdkPaths$ValidationResult
instanceKlass com/android/tools/idea/sdk/SdkPaths
instanceKlass com/intellij/openapi/util/io/NullAppendable
instanceKlass com/android/tools/idea/io/FilePaths
instanceKlass com/google/common/collect/SortedMapDifference
instanceKlass com/google/common/collect/MapDifference
instanceKlass com/google/common/collect/Maps$EntryTransformer
instanceKlass com/google/common/collect/BiMap
instanceKlass com/google/common/base/Converter
instanceKlass com/google/common/collect/UnmodifiableIterator
instanceKlass com/google/common/collect/ImmutableMap
instanceKlass com/google/common/base/Function
instanceKlass com/google/common/collect/Maps
instanceKlass org/jetbrains/android/sdk/AndroidSdkData
instanceKlass org/jetbrains/android/sdk/AndroidPlatform
instanceKlass com/intellij/openapi/vfs/impl/http/FileDownloadingAdapter
instanceKlass org/jetbrains/concurrency/Promise
instanceKlass com/intellij/openapi/vfs/impl/http/RemoteFileInfoImpl
instanceKlass com/intellij/openapi/vfs/impl/http/RemoteFileInfo
instanceKlass com/intellij/openapi/vfs/impl/http/RemoteContentProvider$DownloadingCallback
instanceKlass com/intellij/util/UrlUtilRt
instanceKlass com/intellij/util/UrlImpl
instanceKlass com/intellij/util/Url
instanceKlass com/intellij/util/UrlsKt
instanceKlass com/intellij/util/Urls
instanceKlass com/intellij/openapi/vfs/impl/http/LocalFileStorage
instanceKlass com/intellij/openapi/vfs/ex/http/HttpVirtualFileListener
instanceKlass com/intellij/openapi/vfs/impl/http/FileDownloadingListener
instanceKlass com/intellij/openapi/vfs/impl/http/RemoteContentProvider
instanceKlass com/intellij/openapi/vfs/impl/http/RemoteFileManager
instanceKlass org/jetbrains/android/sdk/AndroidSdkAdditionalData
instanceKlass com/intellij/openapi/projectRoots/ValidatableSdkAdditionalData
instanceKlass com/intellij/openapi/vfs/impl/VirtualFilePointerContainerImpl$$Lambda$522
instanceKlass com/intellij/openapi/projectRoots/impl/RootsAsVirtualFilePointers$$Lambda$521
instanceKlass com/intellij/openapi/vfs/newvfs/VfsImplUtil$$Lambda$520
instanceKlass com/intellij/openapi/vfs/newvfs/VfsImplUtil$$Lambda$519
instanceKlass com/intellij/openapi/vfs/newvfs/VfsImplUtil$2
instanceKlass com/intellij/openapi/vfs/newvfs/VfsImplUtil$1
instanceKlass com/intellij/openapi/vfs/impl/jar/JarFileSystemImpl$$Lambda$518
instanceKlass com/intellij/util/io/ResourceHandle
instanceKlass com/intellij/openapi/fileTypes/impl/FileTypeManagerImpl$$Lambda$517
instanceKlass com/intellij/openapi/fileTypes/impl/FileTypeManagerImpl$$Lambda$516
instanceKlass com/intellij/openapi/roots/RootModelProvider
instanceKlass com/intellij/openapi/vfs/newvfs/impl/VfsRootAccess
instanceKlass com/intellij/openapi/vfs/LocalFileProvider
instanceKlass com/intellij/openapi/vfs/JarCopyingFileSystem
instanceKlass com/intellij/openapi/vfs/IntegrityCheckCapableFileSystem
instanceKlass it/unimi/dsi/fastutil/objects/Reference2IntMap$FastEntrySet
instanceKlass it/unimi/dsi/fastutil/objects/AbstractReference2IntFunction
instanceKlass it/unimi/dsi/fastutil/objects/Reference2IntMap
instanceKlass it/unimi/dsi/fastutil/objects/Reference2IntFunction
instanceKlass com/intellij/openapi/vfs/impl/VirtualFilePointerManagerImpl$DelegatingDisposable
instanceKlass com/intellij/openapi/vfs/impl/VirtualFilePointerManagerImpl$NodeToUpdate
instanceKlass com/intellij/openapi/vfs/impl/jrt/JrtFileSystemImpl$$Lambda$515
instanceKlass com/intellij/openapi/vfs/impl/jrt/JrtFileSystemImpl$$Lambda$514
instanceKlass com/intellij/openapi/vfs/VfsUtilCore
instanceKlass com/intellij/openapi/vfs/impl/jrt/JrtFileSystemImpl$1
instanceKlass com/intellij/openapi/util/text/StringUtil$1
instanceKlass com/intellij/openapi/util/text/StringUtil$$Lambda$513
instanceKlass com/intellij/openapi/vfs/StandardFileSystems
instanceKlass com/intellij/util/text/CharArrayExternalizable
instanceKlass com/intellij/util/text/ImmutableCharSequence
instanceKlass com/intellij/util/text/CharArrayUtil
instanceKlass com/intellij/openapi/vfs/newvfs/impl/VfsData$Segment$$Lambda$512
instanceKlass it/unimi/dsi/fastutil/ints/IntCollections$UnmodifiableCollection
instanceKlass it/unimi/dsi/fastutil/ints/IntSets
instanceKlass com/intellij/openapi/vfs/newvfs/impl/FileLoadingTracker
instanceKlass com/intellij/openapi/vfs/newvfs/persistent/FSRecords$$Lambda$511
instanceKlass com/intellij/openapi/vfs/newvfs/persistent/FSRecords$$Lambda$510
instanceKlass com/intellij/openapi/vfs/newvfs/persistent/FSRecords$$Lambda$509
instanceKlass com/intellij/openapi/vfs/newvfs/persistent/FSRecords$$Lambda$508
instanceKlass java/lang/invoke/LambdaForm$MH
instanceKlass java/lang/invoke/LambdaForm$DMH
instanceKlass com/intellij/openapi/vfs/newvfs/persistent/PersistentFSImpl$$Lambda$507
instanceKlass java/lang/invoke/LambdaForm$DMH
instanceKlass com/intellij/openapi/vfs/newvfs/persistent/ListResult
instanceKlass java/lang/invoke/LambdaForm$MH
instanceKlass java/lang/invoke/LambdaForm$DMH
instanceKlass com/intellij/openapi/vfs/newvfs/impl/VirtualDirectoryImpl$$Lambda$506
instanceKlass java/lang/invoke/LambdaForm$DMH
instanceKlass com/intellij/openapi/vfs/newvfs/VfsImplUtil
instanceKlass com/intellij/openapi/vfs/newvfs/impl/FileNameCache$$Lambda$505
instanceKlass java/lang/invoke/LambdaForm$MH
instanceKlass java/lang/invoke/LambdaForm$MH
instanceKlass java/lang/invoke/LambdaForm$MH
instanceKlass java/lang/invoke/LambdaForm$MH
instanceKlass java/lang/invoke/LambdaForm$BMH
instanceKlass java/lang/invoke/LambdaForm$DMH
instanceKlass java/lang/invoke/LambdaForm$MH
instanceKlass java/lang/invoke/LambdaForm$MH
instanceKlass java/lang/invoke/LambdaForm$MH
instanceKlass java/lang/invoke/LambdaForm$MH
instanceKlass java/lang/invoke/LambdaForm$MH
instanceKlass java/lang/invoke/LambdaForm$MH
instanceKlass java/lang/invoke/LambdaForm$MH
instanceKlass java/lang/invoke/LambdaForm$MH
instanceKlass java/lang/invoke/LambdaForm$MH
instanceKlass java/lang/invoke/LambdaForm$MH
instanceKlass java/lang/invoke/LambdaForm$MH
instanceKlass java/lang/invoke/LambdaForm$MH
instanceKlass java/lang/invoke/LambdaForm$MH
instanceKlass java/lang/invoke/LambdaForm$MH
instanceKlass java/lang/invoke/LambdaForm$MH
instanceKlass java/lang/invoke/LambdaForm$MH
instanceKlass java/lang/invoke/LambdaForm$MH
instanceKlass java/lang/invoke/LambdaForm$MH
instanceKlass java/lang/invoke/LambdaForm$MH
instanceKlass java/lang/invoke/LambdaForm$MH
instanceKlass java/lang/invoke/LambdaForm$MH
instanceKlass java/lang/invoke/LambdaForm$MH
instanceKlass com/intellij/openapi/vfs/newvfs/persistent/FSRecords$$Lambda$504
instanceKlass com/intellij/openapi/vfs/newvfs/persistent/FSRecords$$Lambda$503
instanceKlass com/intellij/openapi/vfs/newvfs/impl/FileNameCache$NameComputer
instanceKlass com/intellij/openapi/vfs/newvfs/persistent/FSRecords$$Lambda$502
instanceKlass com/intellij/openapi/vfs/newvfs/impl/VfsData$Segment$$Lambda$501
instanceKlass com/intellij/util/concurrency/AtomicFieldUpdater
instanceKlass com/intellij/openapi/vfs/newvfs/impl/VfsData$DirectoryData
instanceKlass com/intellij/openapi/vfs/newvfs/impl/VfsData$Segment
instanceKlass com/intellij/util/text/ByteArrayCharSequence
instanceKlass com/intellij/openapi/vfs/newvfs/persistent/FSRecords$$Lambda$500
instanceKlass com/intellij/util/containers/IntObjectLRUMap$MapEntry
instanceKlass com/intellij/util/containers/IntObjectLRUMap
instanceKlass com/intellij/util/IntSLRUCache
instanceKlass com/intellij/openapi/vfs/newvfs/impl/FileNameCache
instanceKlass com/intellij/util/io/storage/AbstractStorage$$Lambda$499
instanceKlass com/intellij/util/io/keyStorage/InlinedKeyStorage
instanceKlass com/intellij/util/io/IntToIntBtree$BtreeIndexNodeView$$Lambda$498
instanceKlass com/intellij/openapi/vfs/newvfs/persistent/FSRecords$$Lambda$497
instanceKlass java/util/function/IntSupplier
instanceKlass com/intellij/openapi/vfs/newvfs/persistent/FSRecords$$Lambda$496
instanceKlass com/intellij/openapi/progress/util/ProgressIndicatorUtils$2
instanceKlass com/intellij/openapi/progress/util/ProgressIndicatorUtils
instanceKlass com/intellij/openapi/vfs/DiskQueryRelay$$Lambda$495
instanceKlass com/intellij/openapi/vfs/DiskQueryRelay$$Lambda$494
instanceKlass com/google/common/base/CharMatcher
instanceKlass com/google/common/base/Predicate
instanceKlass com/intellij/util/UriUtil
instanceKlass com/intellij/openapi/vfs/impl/FilePartNode$$Lambda$493
instanceKlass com/intellij/openapi/vfs/newvfs/ArchiveFileSystem$$Lambda$492
instanceKlass com/intellij/openapi/vfs/newvfs/ArchiveFileSystem$$Lambda$491
instanceKlass com/intellij/openapi/vfs/newvfs/persistent/PersistentFS$$Lambda$490
instanceKlass com/intellij/openapi/vfs/newvfs/ArchiveFileSystem$$Lambda$489
instanceKlass com/intellij/openapi/vfs/impl/VirtualFilePointerContainerImpl$$Lambda$488
instanceKlass com/intellij/openapi/vfs/impl/VirtualFilePointerContainerImpl$$Lambda$487
instanceKlass com/intellij/openapi/vfs/impl/VirtualFilePointerManagerImpl$1
instanceKlass com/intellij/openapi/util/Trinity
instanceKlass com/intellij/openapi/roots/RootPolicy
instanceKlass com/intellij/openapi/extensions/InternalIgnoreDependencyViolation
instanceKlass com/intellij/openapi/projectRoots/AdditionalDataConfigurable
instanceKlass com/intellij/openapi/vfs/impl/local/LocalFileSystemImpl$$Lambda$486
instanceKlass com/intellij/util/io/BaseDataReader$$Lambda$484
instanceKlass com/intellij/execution/process/BaseOSProcessHandler$1$$Lambda$485
instanceKlass com/intellij/util/Consumer
instanceKlass org/jetbrains/kotlin/idea/framework/KotlinSdkType$Companion
instanceKlass com/intellij/util/io/BaseDataReader$$Lambda$483
instanceKlass com/intellij/util/io/BaseDataReader$$Lambda$482
instanceKlass com/intellij/openapi/projectRoots/impl/JavaSdkImpl$1
instanceKlass com/intellij/openapi/extensions/impl/ExtensionPointImpl$$Lambda$481
instanceKlass com/intellij/execution/process/ProcessWaitFor$$Lambda$480
instanceKlass com/intellij/openapi/extensions/ExtensionPointUtil$1
instanceKlass com/intellij/execution/process/ProcessOutputTypes
instanceKlass com/intellij/openapi/extensions/ExtensionPointUtil$$Lambda$479
instanceKlass com/intellij/openapi/extensions/ExtensionPointUtil
instanceKlass com/intellij/execution/process/ProcessWaitFor$$Lambda$478
instanceKlass com/intellij/openapi/actionSystem/DataKey$$Lambda$477
instanceKlass com/intellij/openapi/util/ValueKey$BeforeIf
instanceKlass com/intellij/openapi/actionSystem/DataKey
instanceKlass com/intellij/openapi/util/ValueKey
instanceKlass com/intellij/execution/process/ProcessWaitFor
instanceKlass com/intellij/execution/CommandLineUtil
instanceKlass com/intellij/execution/process/ProcessAdapter
instanceKlass com/intellij/openapi/projectRoots/SimpleJavaSdkType$$Lambda$476
instanceKlass com/intellij/openapi/projectRoots/SimpleJavaSdkType$$Lambda$475
instanceKlass com/intellij/openapi/projectRoots/SimpleJavaSdkType$$Lambda$474
instanceKlass com/intellij/execution/process/ProcessHandler$2
instanceKlass com/intellij/util/LocalTimeCounter
instanceKlass com/intellij/util/io/BaseDataReader
instanceKlass com/intellij/openapi/vfs/ex/temp/TempFileSystem$FSItem
instanceKlass com/intellij/util/io/BaseDataReader$SleepingPolicy$2
instanceKlass com/intellij/util/io/BaseDataReader$SleepingPolicy$1
instanceKlass com/intellij/openapi/vfs/impl/local/SymbolicLinkRefresher$1
instanceKlass com/intellij/util/io/BaseDataReader$SleepingPolicy
instanceKlass com/intellij/openapi/vfs/impl/local/SymbolicLinkRefresher
instanceKlass com/intellij/openapi/vfs/impl/local/WatchRootsManager$1
instanceKlass com/intellij/util/io/BaseOutputReader$Options
instanceKlass com/intellij/openapi/vfs/impl/local/WatchRootsUtil$$Lambda$473
instanceKlass com/intellij/openapi/util/io/OSAgnosticPathUtil$$Lambda$472
instanceKlass com/intellij/openapi/util/io/OSAgnosticPathUtil
instanceKlass com/intellij/openapi/vfs/impl/local/WatchRootsUtil
instanceKlass com/intellij/openapi/vfs/impl/local/FileWatcher$$Lambda$471
instanceKlass com/intellij/openapi/vfs/LocalFileSystem$WatchRequest
instanceKlass com/intellij/openapi/vfs/local/PluggableFileWatcher
instanceKlass com/intellij/openapi/vfs/impl/local/WatchRootsManager
instanceKlass com/intellij/util/concurrency/BoundedTaskExecutor$1$$Lambda$470
instanceKlass com/intellij/openapi/vfs/impl/local/FileWatcher$$Lambda$469
instanceKlass com/intellij/openapi/vfs/impl/local/FileWatcher$DirtyPaths
instanceKlass com/intellij/openapi/vfs/impl/local/FileWatcher$MyFileWatcherNotificationSink
instanceKlass com/intellij/openapi/vfs/impl/local/CanonicalPathMap
instanceKlass com/intellij/openapi/vfs/impl/local/LocalFileSystemImpl$$Lambda$468
instanceKlass com/intellij/openapi/vfs/local/FileWatcherNotificationSink
instanceKlass com/intellij/openapi/vfs/impl/local/FileWatcher
instanceKlass com/intellij/openapi/vfs/impl/local/LocalFileSystemBase$$Lambda$467
instanceKlass com/intellij/openapi/vfs/impl/local/LocalFileSystemBase$$Lambda$466
instanceKlass com/intellij/openapi/vfs/impl/local/LocalFileSystemBase$$Lambda$465
instanceKlass com/intellij/openapi/util/KeyedExtensionCollector$$Lambda$464
instanceKlass com/intellij/openapi/vfs/impl/VirtualFileManagerImpl$LoggingListener
instanceKlass com/intellij/openapi/util/KeyedExtensionCollector$MyExtensionPointListener
instanceKlass com/intellij/openapi/vfs/LocalFileSystem$LocalFileSystemHolder
instanceKlass com/intellij/openapi/vfs/VirtualFilePointerCapableFileSystem
instanceKlass com/intellij/openapi/vfs/impl/FilePartNode
instanceKlass com/intellij/openapi/vfs/pointers/VirtualFilePointerContainer
instanceKlass com/intellij/openapi/util/TraceableDisposable
instanceKlass com/intellij/openapi/vfs/pointers/VirtualFilePointer
instanceKlass com/intellij/openapi/roots/OrderRootType
instanceKlass com/intellij/openapi/projectRoots/impl/RootsAsVirtualFilePointers
instanceKlass com/intellij/openapi/roots/RootProvider$RootSetChangedListener
instanceKlass com/intellij/openapi/roots/impl/RootProviderBaseImpl
instanceKlass com/intellij/openapi/projectRoots/ProjectRootListener
instanceKlass com/intellij/openapi/projectRoots/impl/ProjectJdkImpl$1
instanceKlass com/intellij/openapi/vfs/pointers/VirtualFilePointerListener
instanceKlass com/intellij/openapi/roots/RootProvider
instanceKlass com/intellij/openapi/projectRoots/SdkModificator
instanceKlass com/intellij/openapi/projectRoots/impl/ProjectJdkTableImpl$2
instanceKlass com/intellij/openapi/projectRoots/SdkType$$Lambda$463
instanceKlass com/intellij/openapi/projectRoots/SdkTypeId$1
instanceKlass com/intellij/openapi/fileChooser/FileChooserDescriptor
instanceKlass com/intellij/openapi/projectRoots/impl/ProjectJdkTableImpl$1
instanceKlass com/intellij/openapi/projectRoots/Sdk
instanceKlass com/intellij/openapi/components/ExportableComponent
instanceKlass com/intellij/openapi/projectRoots/ProjectJdkTable$Adapter
instanceKlass com/intellij/openapi/projectRoots/ProjectJdkTable$Listener
instanceKlass com/intellij/openapi/projectRoots/ProjectJdkTable
instanceKlass com/intellij/openapi/application/BaseActionRunnable
instanceKlass com/android/tools/idea/sdk/AndroidSdks$$Lambda$462
instanceKlass com/android/tools/idea/sdk/IdeSdks$EnvVariableSettings
instanceKlass com/intellij/openapi/projectRoots/JavaSdkType
instanceKlass com/intellij/openapi/projectRoots/SdkType
instanceKlass com/android/tools/idea/IdeInfo
instanceKlass com/android/tools/idea/gradle/util/EmbeddedDistributionPaths
instanceKlass com/android/tools/idea/sdk/Jdks
instanceKlass com/android/tools/idea/sdk/AndroidSdks
instanceKlass com/intellij/AbstractBundle$$Lambda$461
instanceKlass com/intellij/openapi/projectRoots/SdkAdditionalData
instanceKlass com/android/repository/api/ProgressIndicator
instanceKlass com/intellij/openapi/projectRoots/SdkTypeId
instanceKlass com/android/tools/idea/sdk/IdeSdks
instanceKlass com/android/tools/idea/ui/GuiTestingStatusProvider
instanceKlass com/android/tools/idea/ui/GuiTestingService
instanceKlass org/jetbrains/android/sdk/AndroidSdkUtils
instanceKlass com/intellij/projectImport/ProjectOpenProcessor
instanceKlass com/intellij/openapi/extensions/impl/ExtensionPointImpl$$Lambda$460
instanceKlass com/intellij/openapi/extensions/impl/ExtensionPointImpl$$Lambda$459
instanceKlass org/jetbrains/plugins/gradle/service/project/AbstractProjectResolverExtension
instanceKlass org/jetbrains/plugins/gradle/service/project/GradleProjectResolverExtension
instanceKlass com/intellij/openapi/externalSystem/service/ParametersEnhancer
instanceKlass com/android/prefs/AndroidLocationsProvider
instanceKlass com/android/tools/idea/startup/AndroidSdkInitializer
instanceKlass com/android/tools/idea/projectsystem/gradle/AndroidGradleDisableAutoImportInitializer
instanceKlass com/android/tools/idea/projectsystem/gradle/AndroidGradleOpenProjectProcessorInitializer
instanceKlass com/android/tools/idea/projectsystem/gradle/DisableKaptProjectResolverExtensionInitializer
instanceKlass com/intellij/internal/statistic/collectors/fus/actions/persistence/ActionsBuiltInWhitelist
instanceKlass com/intellij/ide/actions/ActionsCollector
instanceKlass com/intellij/openapi/actionSystem/ShortcutSet
instanceKlass com/intellij/openapi/keymap/KeymapUtil
instanceKlass com/intellij/ui/KeyStrokeAdapter$LazyVirtualKeys
instanceKlass com/intellij/ui/KeyStrokeAdapter$LazyModifiers
instanceKlass com/intellij/ui/KeyStrokeAdapter
instanceKlass java/util/Comparator$$Lambda$458
instanceKlass com/intellij/openapi/fileTypes/impl/RemovedMappingTracker$$Lambda$457
instanceKlass com/intellij/openapi/fileTypes/impl/RemovedMappingTracker$$Lambda$456
instanceKlass com/intellij/openapi/fileTypes/impl/FileTypeManagerImpl$$Lambda$455
instanceKlass com/intellij/openapi/fileTypes/impl/FileTypeAssocTable$$Lambda$454
instanceKlass com/intellij/openapi/fileTypes/impl/FileTypeAssocTable$$Lambda$453
instanceKlass com/intellij/openapi/fileTypes/impl/FileTypeManagerImpl$$Lambda$452
instanceKlass com/intellij/ide/highlighter/ArchiveFileType
instanceKlass com/intellij/openapi/fileTypes/impl/RemovedMappingTracker$$Lambda$451
instanceKlass com/intellij/openapi/fileTypes/impl/FileTypeManagerImpl$$Lambda$450
instanceKlass com/intellij/openapi/fileTypes/OSFileIdeAssociation
instanceKlass com/intellij/openapi/updateSettings/impl/pluginsAdvertisement/PluginsAdvertiser$Plugin
instanceKlass com/github/benmanes/caffeine/cache/Scheduler
instanceKlass com/intellij/openapi/updateSettings/impl/pluginsAdvertisement/PluginAdvertiserExtensionsStateService$State
instanceKlass com/intellij/serviceContainer/ComponentManagerImpl$getOrCreateLightService$1
instanceKlass com/intellij/openapi/updateSettings/impl/pluginsAdvertisement/PluginAdvertiserExtensionsStateService$Companion
instanceKlass com/intellij/util/containers/MultiMap$$Lambda$449
instanceKlass com/intellij/util/containers/CollectionFactory$1
instanceKlass com/intellij/openapi/fileTypes/impl/RemovedMappingTracker$1
instanceKlass com/intellij/openapi/fileTypes/impl/FileTypeManagerImpl$2
instanceKlass com/intellij/openapi/fileTypes/WildcardFileNameMatcher$SuffixMatcher
instanceKlass com/intellij/openapi/fileTypes/impl/FileTypeAssocTable$$Lambda$448
instanceKlass com/intellij/openapi/fileTypes/impl/FileTypeAssocTable$$Lambda$447
instanceKlass com/intellij/openapi/fileTypes/impl/FileTypeAssocTable$$Lambda$446
instanceKlass java/util/stream/Collectors$$Lambda$445
instanceKlass java/util/stream/Collectors$$Lambda$444
instanceKlass java/util/stream/Collectors$$Lambda$443
instanceKlass java/util/stream/Collectors$$Lambda$442
instanceKlass com/intellij/openapi/fileTypes/impl/FileTypeDetectionService$$Lambda$441
instanceKlass com/android/tools/idea/profilers/capture/MemoryCaptureFileType$Detector
instanceKlass kotlin/text/Charsets
instanceKlass com/android/tools/idea/sqlite/fileType/SqliteFileTypeDetector
instanceKlass com/intellij/util/text/CaseInsensitiveStringHashingStrategy
instanceKlass com/intellij/lexer/Lexer
instanceKlass com/jetbrains/cidr/lang/OCHeaderFileTypeDetector
instanceKlass com/intellij/ide/scratch/ScratchFileServiceImpl$Detector
instanceKlass com/intellij/openapi/fileTypes/impl/FileTypeDetectionService$$Lambda$440
instanceKlass com/intellij/openapi/fileTypes/FileTypeRegistry$FileTypeDetector
instanceKlass com/intellij/openapi/vfs/impl/VirtualFileManagerImpl$$Lambda$439
instanceKlass com/intellij/openapi/vfs/AsyncFileListener$ChangeApplier
instanceKlass com/intellij/openapi/editor/colors/impl/EditorColorsManagerImpl$1
instanceKlass com/intellij/openapi/fileTypes/impl/FileTypeDetectionService$1
instanceKlass com/intellij/openapi/fileTypes/impl/FileTypeDetectionService$$Lambda$438
instanceKlass com/intellij/openapi/editor/colors/impl/EditorColorsManagerImpl$$Lambda$437
instanceKlass com/intellij/openapi/util/io/ByteArraySequence
instanceKlass java/lang/invoke/LambdaForm$MH
instanceKlass com/intellij/openapi/vfs/DiskQueryRelay
instanceKlass com/intellij/util/containers/ConcurrentPackedBitsArrayImpl
instanceKlass com/intellij/util/containers/ConcurrentPackedBitsArray
instanceKlass com/intellij/util/containers/HashSetQueue$QueueEntry
instanceKlass com/intellij/util/containers/HashSetQueue$PositionalIterator
instanceKlass com/intellij/util/concurrency/AppExecutorUtil$$Lambda$436
instanceKlass com/intellij/openapi/editor/colors/impl/AbstractColorsScheme$$Lambda$435
instanceKlass com/intellij/openapi/editor/colors/impl/AbstractColorsScheme$$Lambda$434
instanceKlass com/intellij/openapi/util/io/ByteSequence
instanceKlass com/intellij/openapi/fileTypes/impl/FileTypeDetectionService
instanceKlass com/intellij/util/net/ssl/ConfirmingTrustManager$$Lambda$433
instanceKlass com/intellij/util/net/ssl/CertificateListener
instanceKlass javax/net/ssl/X509ExtendedTrustManager
instanceKlass sun/security/validator/TrustStoreUtil
instanceKlass com/intellij/openapi/util/KeyedExtensionCollector$$Lambda$432
instanceKlass com/intellij/util/KeyedLazyInstance
instanceKlass com/intellij/codeInsight/template/impl/editorActions/TypedActionHandlerBase
instanceKlass com/intellij/openapi/editor/actionSystem/TypedActionHandlerEx
instanceKlass com/intellij/openapi/editor/actionSystem/TypedActionHandler
instanceKlass com/intellij/util/containers/JBIterable$Stateful
instanceKlass com/intellij/util/containers/JBIterator$2
instanceKlass com/intellij/ide/highlighter/custom/impl/CustomFileTypeQuoteHandler
instanceKlass com/intellij/util/containers/JBIterator$Op
instanceKlass com/intellij/ide/highlighter/custom/impl/StandardFileTypeRegistrar$MyCommenter
instanceKlass com/intellij/codeInsight/editorActions/QuoteHandler
instanceKlass com/intellij/util/containers/JBIterable$$Lambda$431
instanceKlass com/intellij/lang/Commenter
instanceKlass com/intellij/ide/highlighter/custom/impl/StandardFileTypeRegistrar
instanceKlass com/intellij/openapi/editor/colors/impl/AbstractColorsScheme$$Lambda$430
instanceKlass com/intellij/ide/highlighter/FileTypeRegistrar
instanceKlass com/intellij/util/text/StringTokenizer
instanceKlass com/intellij/openapi/editor/colors/impl/AbstractColorsScheme$$Lambda$429
instanceKlass com/intellij/ide/highlighter/custom/SyntaxTable
instanceKlass com/intellij/openapi/options/SettingsEditor
instanceKlass com/intellij/openapi/fileTypes/UserFileType
instanceKlass com/intellij/openapi/fileTypes/PlainTextLikeFileType
instanceKlass com/intellij/openapi/fileTypes/impl/CustomSyntaxTableFileType
instanceKlass com/intellij/openapi/fileTypes/ex/ExternalizableFileType
instanceKlass com/intellij/openapi/fileTypes/impl/FileTypeManagerImpl$$Lambda$428
instanceKlass com/intellij/openapi/fileTypes/UnknownFileType
instanceKlass com/intellij/openapi/fileTypes/impl/FileTypeManagerImpl$$Lambda$427
instanceKlass com/intellij/openapi/fileTypes/impl/FileTypeManagerImpl$$Lambda$426
instanceKlass com/intellij/ide/plugins/cl/PluginClassLoader$$Lambda$425
instanceKlass com/intellij/ide/plugins/cl/PluginClassLoader$$Lambda$424
instanceKlass com/intellij/openapi/fileTypes/impl/ConflictingFileTypeMappingTracker$ResolveConflictResult
instanceKlass com/intellij/util/containers/MultiMap$1$1
instanceKlass com/intellij/openapi/fileTypes/impl/RemovedMappingTracker$$Lambda$423
instanceKlass com/intellij/openapi/fileTypes/impl/RemovedMappingTracker$$Lambda$422
instanceKlass com/intellij/openapi/fileTypes/impl/RemovedMappingTracker$RemovedMapping
instanceKlass com/android/tools/idea/mlkit/viewer/TfliteModelFileType
instanceKlass com/intellij/configurationStore/schemeManager/SchemeDataHolderImpl
instanceKlass sun/security/x509/AccessDescription
instanceKlass com/intellij/configurationStore/schemeManager/ExternalInfo
instanceKlass com/intellij/openapi/vfs/VirtualFileVisitor
instanceKlass com/intellij/history/integration/LocalHistoryEventDispatcher
instanceKlass com/intellij/util/PathUtilRt
instanceKlass com/intellij/configurationStore/schemeManager/SchemeManagerImpl$loadBundledScheme$4$attributeProvider$1
instanceKlass com/intellij/history/core/tree/Entry
instanceKlass kotlin/jvm/internal/Ref$IntRef
instanceKlass com/intellij/compiler/server/BuildManager$$Lambda$421
instanceKlass com/intellij/configurationStore/schemeManager/SchemeLoaderKt
instanceKlass com/intellij/compiler/server/BuildManager$$Lambda$420
instanceKlass com/intellij/history/integration/IdeaGateway
instanceKlass com/intellij/compiler/server/BuildManager$$Lambda$419
instanceKlass com/intellij/ide/IdeEventQueue$$Lambda$418
instanceKlass com/intellij/ide/IdeEventQueue$MyFireIdleRequest
instanceKlass com/intellij/compiler/server/BuildManager$5
instanceKlass com/intellij/compiler/server/BuildManager$4
instanceKlass com/intellij/ide/file/BatchFileChangeListener
instanceKlass com/intellij/compiler/server/BuildManager$3
instanceKlass com/intellij/compiler/server/BuildManager$ProjectWatcher
instanceKlass com/intellij/execution/target/TargetEnvironment
instanceKlass com/intellij/openapi/projectRoots/JdkUtil
instanceKlass com/intellij/util/PathUtil
instanceKlass com/intellij/history/core/changes/ChangeVisitor
instanceKlass com/android/tools/idea/util/StudioPathManager
instanceKlass com/google/protobuf/AbstractMessageLite
instanceKlass com/google/protobuf/MessageLite
instanceKlass com/intellij/history/core/revisions/Revision
instanceKlass com/intellij/history/core/LabelImpl
instanceKlass kotlin/collections/ArrayAsCollection
instanceKlass com/intellij/history/core/changes/Change
instanceKlass com/android/ide/common/util/JdkPathOpener
instanceKlass com/intellij/history/core/LocalHistoryFacade
instanceKlass org/jetbrains/jps/api/CmdlineRemoteProto$MessageOrBuilder
instanceKlass com/google/protobuf/MessageLiteOrBuilder
instanceKlass com/android/ide/common/util/FileSystemRegistry
instanceKlass com/android/flags/Flag$4
instanceKlass com/android/tools/idea/util/VirtualFileSystemOpener
instanceKlass com/android/ide/common/util/PathOpener
instanceKlass com/intellij/history/core/ChangeList
instanceKlass com/intellij/history/core/LocalHistoryStorage$$Lambda$417
instanceKlass com/intellij/history/core/LocalHistoryStorage$$Lambda$416
instanceKlass com/intellij/compiler/server/BuildManager$BuildManagerPeriodicTask$$Lambda$415
instanceKlass com/intellij/tasks/config/PasswordConversionEnforcer
instanceKlass com/intellij/configurationStore/SettingsSavingComponentJavaAdapter
instanceKlass com/intellij/compiler/server/impl/BuildProcessClasspathManager$1
instanceKlass com/intellij/compiler/server/CompileServerPlugin
instanceKlass kotlin/TuplesKt
instanceKlass com/intellij/compiler/server/impl/BuildProcessClasspathManager$Companion
instanceKlass com/intellij/compiler/server/impl/BuildProcessClasspathManager
instanceKlass com/intellij/history/core/ChangeListStorageImpl
instanceKlass org/xmlpull/mxp1/MXParser
instanceKlass org/jetbrains/android/AndroidPlugin
instanceKlass com/intellij/history/integration/LocalHistoryImpl$$Lambda$414
instanceKlass org/xmlpull/v1/XmlPullParser
instanceKlass com/intellij/openapi/util/io/DataInputOutputUtilRt
instanceKlass com/intellij/compiler/server/BuildManager$$Lambda$413
instanceKlass com/intellij/openapi/vfs/newvfs/persistent/FSRecords$$Lambda$412
instanceKlass com/intellij/util/io/DataInputOutputUtil
instanceKlass com/intellij/ide/ui/laf/LafManagerImpl$$Lambda$411
instanceKlass com/intellij/compiler/server/BuildManager$BuildManagerPeriodicTask
instanceKlass com/intellij/openapi/vfs/newvfs/persistent/PersistentFSRecordAccessor
instanceKlass kotlin/collections/EmptyList
instanceKlass kotlin/jvm/internal/markers/KMappedMarker
instanceKlass com/intellij/openapi/vfs/newvfs/persistent/PersistentFSTreeAccessor
instanceKlass org/jetbrains/jps/api/RequestFuture$CancelAction
instanceKlass com/intellij/openapi/vfs/newvfs/persistent/PersistentFSAttributeAccessor
instanceKlass com/intellij/openapi/extensions/impl/ExtensionPointImpl$$Lambda$410
instanceKlass kotlin/collections/CollectionsKt__CollectionsJVMKt
instanceKlass com/intellij/openapi/vfs/newvfs/persistent/PersistentFSContentAccessor
instanceKlass com/intellij/openapi/module/impl/ModuleTypeManagerImpl$$Lambda$409
instanceKlass com/intellij/util/ConcurrencyUtil$$Lambda$408
instanceKlass com/intellij/openapi/module/impl/ModuleTypeManagerImpl$$Lambda$407
instanceKlass com/intellij/execution/TaskExecutor
instanceKlass org/jetbrains/builtInWebServer/BuiltInServerOptions
instanceKlass com/intellij/serviceContainer/LazyExtensionInstance
instanceKlass org/jetbrains/io/SubServer
instanceKlass org/jetbrains/ide/CustomPortServerManager$CustomPortService
instanceKlass com/intellij/ide/util/frameworkSupport/FrameworkRole
instanceKlass com/intellij/execution/process/ProcessListener
instanceKlass org/jetbrains/ide/BuiltInServerManagerImplKt$bindCustomPorts$1
instanceKlass com/intellij/util/FlushingDaemon
instanceKlass com/intellij/ide/util/projectWizard/SourcePathsBuilder
instanceKlass com/intellij/openapi/vfs/newvfs/persistent/PersistentFSConnection$1
instanceKlass org/jetbrains/ide/CustomPortServerManager$Companion
instanceKlass org/jetbrains/ide/CustomPortServerManager
instanceKlass com/intellij/ide/util/projectWizard/ProjectBuilder
instanceKlass com/intellij/compiler/server/BuildCommandLineBuilder
instanceKlass org/jetbrains/jps/api/TaskFuture
instanceKlass com/intellij/openapi/module/StdModuleTypes
instanceKlass com/intellij/compiler/server/DefaultMessageHandler
instanceKlass com/intellij/compiler/server/BuilderMessageHandler
instanceKlass com/intellij/compiler/server/BuildManager
instanceKlass java/lang/invoke/LambdaForm$MH
instanceKlass com/intellij/openapi/module/ModuleTypeManager
instanceKlass com/intellij/openapi/module/ModuleTypeWithWebFeatures
instanceKlass com/intellij/openapi/module/ModuleType
instanceKlass com/intellij/openapi/module/WebModuleTypeRegistrar
instanceKlass com/intellij/completion/ml/experiment/ExperimentConfig$Companion
instanceKlass com/intellij/completion/ml/experiment/ExperimentConfig
instanceKlass com/intellij/openapi/vfs/newvfs/persistent/VfsDependentEnum
instanceKlass sun/security/x509/RFC822Name
instanceKlass io/netty/handler/codec/http/FullHttpRequest
instanceKlass io/netty/handler/codec/http/FullHttpMessage
instanceKlass com/android/tools/idea/serverflags/ServerFlagServiceEmpty
instanceKlass io/netty/handler/codec/http/LastHttpContent
instanceKlass io/netty/handler/codec/http/HttpContent
instanceKlass com/intellij/util/indexing/FileBasedIndexImpl$4
instanceKlass sun/security/x509/NetscapeCertTypeExtension$MapEntry
instanceKlass com/intellij/util/indexing/FileBasedIndexImpl$3
instanceKlass com/intellij/ide/plugins/PluginManager
instanceKlass com/intellij/util/indexing/FileBasedIndexImpl$2
instanceKlass com/intellij/AppTopics
instanceKlass com/intellij/util/indexing/FileBasedIndexFileTypeListener
instanceKlass com/intellij/util/indexing/FileBasedIndexImpl$1
instanceKlass sun/security/x509/DNSName
instanceKlass com/intellij/psi/impl/PsiDocumentTransactionListener
instanceKlass sun/security/x509/URIName
instanceKlass com/intellij/util/concurrency/Semaphore
instanceKlass sun/security/x509/DistributionPoint
instanceKlass com/intellij/completion/ml/experiment/ClientExperimentStatus$Companion
instanceKlass com/intellij/util/indexing/UpdateTask
instanceKlass com/intellij/util/indexing/StorageGuard$2
instanceKlass com/intellij/completion/ml/experiment/ClientExperimentStatus
instanceKlass com/intellij/util/indexing/StorageGuard$1
instanceKlass com/intellij/completion/ml/experiment/ExperimentStatus
instanceKlass com/intellij/util/indexing/StorageGuard$StorageModeExitHandler
instanceKlass com/intellij/util/indexing/StorageGuard
instanceKlass com/android/tools/idea/serverflags/ServerFlagService$Companion
instanceKlass io/netty/buffer/ByteBufHolder
instanceKlass com/android/tools/idea/serverflags/ServerFlagService
instanceKlass io/netty/handler/codec/http/HttpRequest
instanceKlass io/netty/handler/codec/http/HttpMessage
instanceKlass io/netty/handler/codec/http/HttpObject
instanceKlass io/netty/handler/codec/DecoderResultProvider
instanceKlass com/intellij/ide/ui/laf/LafManagerImpl$$Lambda$406
instanceKlass com/intellij/ide/ui/laf/LafManagerImpl$$Lambda$405
instanceKlass com/intellij/ide/ui/LafProvider
instanceKlass io/netty/util/internal/TypeParameterMatcher
instanceKlass com/intellij/openapi/editor/colors/impl/EditorColorsManagerImpl$$Lambda$404
instanceKlass com/intellij/configurationStore/BundledSchemeEP
instanceKlass com/intellij/ide/ProjectGroup
instanceKlass com/intellij/openapi/editor/colors/TextAttributesKey$$Lambda$403
instanceKlass com/intellij/openapi/editor/colors/TextAttributesKey$$Lambda$402
instanceKlass org/jetbrains/io/PortUnificationServerHandler$$Lambda$401
instanceKlass io/netty/handler/ssl/SslContext
instanceKlass java/security/cert/PolicyQualifierInfo
instanceKlass sun/security/x509/CertificatePolicyId
instanceKlass sun/security/x509/PolicyInformation
instanceKlass com/android/flags/Flag$3
instanceKlass com/android/flags/Flag$2
instanceKlass com/android/flags/Flag$1
instanceKlass com/android/flags/Flag$ValueConverter
instanceKlass com/android/flags/Flag
instanceKlass org/jetbrains/ide/BuiltInServerManagerImplKt
instanceKlass com/android/flags/FlagGroup
instanceKlass com/android/tools/idea/flags/overrides/ServerFlagOverrides
instanceKlass org/jetbrains/ide/BuiltInServerManagerImpl$startServerInPooledThread$2
instanceKlass com/android/flags/overrides/PropertyOverrides
instanceKlass com/android/flags/Flags
instanceKlass org/jetbrains/ide/BuiltInServerManagerImpl$Companion$NOTIFICATION_GROUP$1
instanceKlass org/jetbrains/ide/BuiltInServerManagerImpl$Companion
instanceKlass org/jetbrains/ide/BuiltInServerManager$Companion
instanceKlass org/jetbrains/ide/BuiltInServerManager
instanceKlass com/android/tools/idea/flags/StudioFlagSettings
instanceKlass com/intellij/util/indexing/FileBasedIndexImpl$$Lambda$400
instanceKlass com/intellij/psi/stubs/StubIndexImpl$1
instanceKlass com/android/flags/FlagOverrides
instanceKlass com/intellij/psi/stubs/StubIndexExtension
instanceKlass com/android/flags/ImmutableFlagOverrides
instanceKlass com/intellij/openapi/util/NullableLazyValue
instanceKlass com/intellij/openapi/editor/colors/TextAttributesKey
instanceKlass com/intellij/psi/stubs/ObjectStubTree
instanceKlass com/intellij/history/Label
instanceKlass com/intellij/openapi/editor/HighlighterColors
instanceKlass com/intellij/psi/stubs/StubProcessingHelperBase
instanceKlass com/intellij/history/integration/ui/models/HistoryDialogModel
instanceKlass com/intellij/history/LocalHistoryAction
instanceKlass com/intellij/history/core/ChangeListStorage
instanceKlass com/intellij/history/LocalHistory
instanceKlass com/intellij/util/containers/FactoryMap
instanceKlass com/intellij/util/SmartFMap
instanceKlass com/intellij/psi/stubs/StubIndexImpl$$Lambda$399
instanceKlass com/intellij/psi/stubs/StubIndexImpl$$Lambda$398
instanceKlass com/intellij/psi/util/CachedValue
instanceKlass com/intellij/util/indexing/impl/AbstractUpdateData
instanceKlass com/intellij/util/indexing/IdIterator
instanceKlass com/android/tools/idea/flags/StudioFlags
instanceKlass com/intellij/util/indexing/FileBasedIndexImpl$$Lambda$397
instanceKlass com/intellij/util/indexing/ValueContainer$ContainerAction
instanceKlass com/intellij/util/indexing/events/IndexedFilesListener
instanceKlass com/intellij/openapi/vfs/AsyncFileListener
instanceKlass java/time/format/DateTimeFormatter$$Lambda$396
instanceKlass java/time/format/DateTimeFormatter$$Lambda$395
instanceKlass java/time/Period
instanceKlass java/time/chrono/ChronoPeriod
instanceKlass com/intellij/util/indexing/PerIndexDocumentVersionMap
instanceKlass java/time/format/DateTimeFormatterBuilder$TextPrinterParser
instanceKlass com/intellij/util/indexing/diagnostic/IndexAccessValidator
instanceKlass com/intellij/openapi/editor/colors/impl/AppEditorFontOptions$PersistentFontPreferences
instanceKlass com/intellij/openapi/fileTypes/impl/FileTypeManagerImpl$StandardFileType
instanceKlass java/time/format/DateTimeTextProvider$1
instanceKlass java/time/format/DateTimeTextProvider
instanceKlass com/intellij/openapi/fileTypes/impl/FileTypeManagerImpl$$Lambda$394
instanceKlass com/intellij/util/indexing/FileBasedIndexEx$$Lambda$393
instanceKlass java/security/interfaces/ECPublicKey
instanceKlass java/time/format/DateTimeTextProvider$LocaleStore
instanceKlass com/intellij/util/indexing/StorageBufferingHandler
instanceKlass java/time/format/DateTimeFormatterBuilder$InstantPrinterParser
instanceKlass java/time/format/DateTimeFormatterBuilder$StringLiteralPrinterParser
instanceKlass java/time/format/DateTimeFormatterBuilder$ZoneIdPrinterParser
instanceKlass com/intellij/openapi/fileTypes/LanguageFileType
instanceKlass java/time/format/DateTimeFormatterBuilder$OffsetIdPrinterParser
instanceKlass com/intellij/psi/PsiFile
instanceKlass com/intellij/util/SingleAlarmKt$sam$java_lang_Runnable$0
instanceKlass java/time/format/DecimalStyle
instanceKlass com/intellij/psi/PsiFileSystemItem
instanceKlass java/time/format/DateTimeFormatterBuilder$CompositePrinterParser
instanceKlass java/time/format/DateTimeFormatterBuilder$CharLiteralPrinterParser
instanceKlass java/time/format/DateTimeFormatterBuilder$NumberPrinterParser
instanceKlass com/intellij/psi/NavigatablePsiElement
instanceKlass java/time/format/DateTimeFormatterBuilder$DateTimePrinterParser
instanceKlass com/intellij/ide/RecentProjectsManagerBase$Companion
instanceKlass com/intellij/navigation/NavigationItem
instanceKlass com/intellij/pom/Navigatable
instanceKlass java/time/format/DateTimeFormatterBuilder$2
instanceKlass com/intellij/psi/PsiCheckedRenameElement
instanceKlass java/time/temporal/JulianFields
instanceKlass com/intellij/ide/RecentProjectsManager
instanceKlass com/intellij/util/indexing/impl/InputDataDiffBuilder
instanceKlass com/intellij/util/indexing/impl/storage/VfsAwareIndexStorageLayout
instanceKlass com/intellij/util/indexing/impl/IndexStorageLayout
instanceKlass com/intellij/util/indexing/IndexableFileSet
instanceKlass com/intellij/psi/stubs/StubIndex
instanceKlass com/intellij/util/indexing/FileBasedIndex$InputFilter
instanceKlass com/intellij/util/indexing/FileContent
instanceKlass java/time/temporal/IsoFields
instanceKlass com/intellij/util/indexing/IndexedFile
instanceKlass java/time/format/DateTimeFormatterBuilder$$Lambda$392
instanceKlass java/time/temporal/TemporalQuery
instanceKlass java/time/format/DateTimeFormatterBuilder
instanceKlass com/intellij/util/indexing/DocumentContent
instanceKlass com/intellij/diagnostic/PerformanceWatcher$$Lambda$391
instanceKlass java/time/format/DateTimeFormatter
instanceKlass sun/security/x509/GeneralName
instanceKlass com/intellij/openapi/editor/colors/ColorKey$$Lambda$390
instanceKlass com/intellij/openapi/util/io/FileUtilRt$NIOReflect$1$1
instanceKlass com/intellij/openapi/editor/colors/impl/AbstractColorsScheme$$Lambda$389
instanceKlass sun/nio/fs/BasicFileAttributesHolder
instanceKlass com/intellij/openapi/editor/colors/impl/AbstractColorsScheme$$Lambda$388
instanceKlass java/nio/file/Files$3
instanceKlass java/nio/file/FileTreeWalker$Event
instanceKlass sun/nio/fs/UnixFileKey
instanceKlass java/nio/file/FileTreeWalker$DirectoryNode
instanceKlass java/nio/file/attribute/BasicWithKeyFileAttributeView
instanceKlass java/nio/file/FileTreeWalker
instanceKlass com/intellij/ui/ColorUtil$$Lambda$387
instanceKlass com/intellij/psi/PsiNamedElement
instanceKlass com/intellij/openapi/editor/impl/FontFamilyServiceImpl$$Lambda$386
instanceKlass com/intellij/psi/PsiElement
instanceKlass com/intellij/openapi/editor/impl/FontFamilyServiceImpl$FontFamily
instanceKlass com/intellij/openapi/util/Iconable
instanceKlass com/intellij/openapi/editor/markup/AttributesFlyweight$FlyweightKey
instanceKlass com/intellij/openapi/editor/markup/AttributesFlyweight
instanceKlass com/intellij/lang/DependentLanguage
instanceKlass com/jetbrains/cidr/lang/OCLanguageUtils
instanceKlass com/intellij/openapi/util/io/FileUtilRt$NIOReflect$1
instanceKlass com/intellij/openapi/editor/markup/TextAttributes
instanceKlass jdk/internal/event/EventHelper
instanceKlass it/unimi/dsi/fastutil/objects/ObjectOpenCustomHashSet$SetIterator
instanceKlass java/nio/file/attribute/UserPrincipal
instanceKlass jdk/internal/event/Event
instanceKlass java/util/function/BiPredicate
instanceKlass sun/security/util/MemoryCache$CacheEntry
instanceKlass kotlin/collections/SetsKt__SetsJVMKt
instanceKlass java/nio/file/WatchEvent$Modifier
instanceKlass java/nio/file/WatchKey
instanceKlass sun/security/x509/X509AttributeName
instanceKlass java/nio/file/WatchEvent$Kind
instanceKlass java/nio/file/WatchService
instanceKlass com/intellij/openapi/editor/colors/impl/ValueElementReader
instanceKlass java/nio/file/FileVisitor
instanceKlass com/intellij/openapi/util/io/FileUtilRt$NIOReflect
instanceKlass com/intellij/openapi/project/DumbModeTask
instanceKlass sun/security/x509/GeneralNames
instanceKlass com/jetbrains/cidr/lang/OCFileTypeHelpers$$Lambda$385
instanceKlass com/intellij/util/indexing/UpdatableIndex
instanceKlass com/intellij/util/indexing/IndexVersion$IndexVersionDiff
instanceKlass com/jetbrains/cidr/lang/OCFileTypeHelpers$$Lambda$384
instanceKlass com/intellij/util/indexing/diagnostic/IndexDiagnosticDumper$Companion
instanceKlass sun/security/x509/KeyIdentifier
instanceKlass com/intellij/util/indexing/IndexId
instanceKlass java/util/stream/Collectors$$Lambda$383
instanceKlass com/intellij/util/indexing/IndexExtension
instanceKlass java/util/stream/Collectors$$Lambda$382
instanceKlass sun/security/x509/OIDMap$OIDInfo
instanceKlass com/intellij/util/indexing/diagnostic/IndexDiagnosticDumper
instanceKlass com/jetbrains/cidr/lang/OCFileTypeHelpers$$Lambda$381
instanceKlass sun/security/x509/PKIXExtensions
instanceKlass com/jetbrains/cidr/lang/OCFileTypeHelpers$$Lambda$380
instanceKlass sun/security/x509/OIDMap
instanceKlass com/intellij/psi/search/SearchScope
instanceKlass sun/security/x509/Extension
instanceKlass java/security/cert/Extension
instanceKlass com/intellij/psi/search/ProjectAwareFileFilter
instanceKlass it/unimi/dsi/fastutil/objects/Object2ObjectOpenHashMap$MapSpliterator
instanceKlass sun/security/x509/CertificateExtensions
instanceKlass com/intellij/util/containers/FastUtilCaseInsensitiveStringHashingStrategy
instanceKlass sun/security/rsa/RSAUtil
instanceKlass com/intellij/openapi/vfs/VirtualFileFilter
instanceKlass com/jetbrains/cidr/lang/OCFileTypeHelpers$$Lambda$379
instanceKlass com/intellij/util/indexing/InvertedIndex
instanceKlass java/security/interfaces/RSAPublicKey
instanceKlass java/security/interfaces/RSAKey
instanceKlass com/intellij/util/indexing/IdFilter
instanceKlass com/intellij/ide/FrameStateListener
instanceKlass com/intellij/ide/FrameStateManagerImpl$2
instanceKlass java/security/spec/RSAPrivateKeySpec
instanceKlass java/security/spec/RSAPublicKeySpec
instanceKlass com/jetbrains/cidr/lang/OCFileTypeHelpers$ExtensionDescriptor
instanceKlass java/security/spec/EncodedKeySpec
instanceKlass sun/security/util/BitArray
instanceKlass sun/security/x509/X509Key
instanceKlass sun/security/x509/CertificateX509Key
instanceKlass sun/security/x509/CertificateValidity
instanceKlass com/intellij/openapi/editor/colors/impl/AppEditorFontOptions
instanceKlass sun/security/x509/AVA
instanceKlass sun/font/FontStrikeDesc
instanceKlass sun/security/util/DerIndefLenConverter
instanceKlass sun/security/x509/RDN
instanceKlass com/intellij/openapi/editor/colors/FontPreferences
instanceKlass java/awt/font/LineMetrics
instanceKlass javax/security/auth/x500/X500Principal
instanceKlass com/intellij/ide/ui/IconDbMaintainer
instanceKlass sun/font/CreatedFontTracker
instanceKlass sun/security/x509/X500Name$1
instanceKlass java/text/CharacterIterator
instanceKlass java/awt/font/GlyphVector
instanceKlass com/intellij/openapi/util/BusyObject$Impl
instanceKlass com/intellij/openapi/util/BusyObject
instanceKlass com/intellij/configurationStore/SaveAndSyncHandlerImpl$1
instanceKlass com/intellij/ide/FrameStateManager
instanceKlass com/intellij/configurationStore/SaveAndSyncHandlerImpl$$special$$inlined$Runnable$1
instanceKlass com/intellij/diagnostic/PerformanceWatcher$$Lambda$378
instanceKlass sun/security/x509/X500Name
instanceKlass sun/security/x509/GeneralNameInterface
instanceKlass com/intellij/openapi/editor/impl/FontFamilyService
instanceKlass jdk/internal/vm/VMSupport
instanceKlass sun/security/x509/CertificateAlgorithmId
instanceKlass com/jetbrains/cidr/lang/OCLanguageKind
instanceKlass java/lang/invoke/LambdaForm$DMH
instanceKlass sun/security/x509/SerialNumber
instanceKlass sun/security/x509/CertificateSerialNumber
instanceKlass com/jetbrains/cidr/lang/OCFileTypeHelpers
instanceKlass sun/security/x509/CertificateVersion
instanceKlass com/intellij/ide/SaveAndSyncHandler$Companion
instanceKlass sun/security/x509/X509CertInfo
instanceKlass sun/security/x509/CertAttrSet
instanceKlass com/intellij/ide/SaveAndSyncHandler
instanceKlass com/intellij/configurationStore/statistic/eventLog/ConfigurationState
instanceKlass com/intellij/openapi/actionSystem/AbbreviationManager
instanceKlass com/intellij/openapi/components/SkipReportingStatistics
instanceKlass com/intellij/execution/process/OSProcessUtil
instanceKlass com/intellij/openapi/keymap/impl/KeymapManagerImpl$3
instanceKlass com/intellij/util/xmlb/BeanBinding$$Lambda$377
instanceKlass java/net/URLEncoder
instanceKlass com/intellij/openapi/fileTypes/impl/FileTypeManagerImpl$$Lambda$376
instanceKlass com/intellij/openapi/fileTypes/FileTypeFactory
instanceKlass com/intellij/openapi/fileTypes/impl/FileTypeManagerImpl$3
instanceKlass com/intellij/diagnostic/ITNProxy$$Lambda$375
instanceKlass com/intellij/openapi/fileTypes/impl/FileTypeAssocTable$$Lambda$374
instanceKlass com/intellij/util/xmlb/MapBinding$$Lambda$373
instanceKlass gnu/trove/ToObjectArrayProcedure
instanceKlass java/lang/invoke/LambdaForm$DMH
instanceKlass javax/net/ssl/HostnameVerifier
instanceKlass com/intellij/util/PatternUtil
instanceKlass com/intellij/openapi/fileTypes/WildcardFileNameMatcher$RegexpMatcher
instanceKlass com/intellij/diagnostic/ITNProxy
instanceKlass com/intellij/util/xmlb/MapBinding
instanceKlass com/intellij/openapi/fileTypes/WildcardFileNameMatcher$MaskMatcher
instanceKlass com/intellij/openapi/fileTypes/WildcardFileNameMatcher
instanceKlass com/intellij/util/xmlb/SerializationFilterBase
instanceKlass com/intellij/openapi/application/ConfigImportHelper
instanceKlass com/intellij/openapi/editor/colors/ex/DefaultColorSchemesManager
instanceKlass org/jetbrains/jps/plugin/JpsPluginManager
instanceKlass com/intellij/util/xmlb/XmlSerializerUtil
instanceKlass com/intellij/internal/statistic/utils/StatisticsUtilKt
instanceKlass com/intellij/diagnostic/IdeaFreezeReporter
instanceKlass sun/reflect/annotation/AnnotationParser$$Lambda$372
instanceKlass java/util/stream/MatchOps$$Lambda$371
instanceKlass java/util/stream/MatchOps$BooleanTerminalSink
instanceKlass java/util/stream/MatchOps$MatchOp
instanceKlass sun/security/x509/AlgorithmId
instanceKlass java/util/stream/MatchOps
instanceKlass com/intellij/internal/statistic/eventLog/StatisticsEventEscaper$$Lambda$370
instanceKlass com/intellij/openapi/editor/colors/impl/EditorColorsManagerImpl$$Lambda$369
instanceKlass com/intellij/internal/statistic/eventLog/StatisticsEventEscaper
instanceKlass com/intellij/internal/statistic/eventLog/FeatureUsageData$Companion
instanceKlass com/intellij/internal/statistic/eventLog/FeatureUsageData
instanceKlass com/intellij/configurationStore/statistic/eventLog/FeatureUsageSettingsEventsKt
instanceKlass sun/security/util/Cache$EqualByteArray
instanceKlass sun/security/util/IOUtils
instanceKlass com/intellij/internal/statistic/utils/PluginInfo
instanceKlass com/intellij/internal/statistic/utils/PluginInfoDetectorKt
instanceKlass com/intellij/configurationStore/statistic/eventLog/FeatureUsageSettingsEventScheduler$initialize$1
instanceKlass java/security/cert/CertificateFactorySpi
instanceKlass sun/security/provider/JavaKeyStore$TrustedCertEntry
instanceKlass com/intellij/configurationStore/statistic/eventLog/FeatureUsageSettingsEventScheduler$Companion
instanceKlass com/intellij/configurationStore/statistic/eventLog/FeatureUsageSettingsEventScheduler
instanceKlass sun/security/util/DerInputStream
instanceKlass com/intellij/openapi/editor/colors/impl/EditorColorsManagerImpl$$Lambda$368
instanceKlass com/intellij/openapi/editor/colors/impl/AdditionalTextAttributesEP
instanceKlass com/intellij/openapi/editor/colors/impl/EditorColorsManagerImpl$State
instanceKlass com/intellij/configurationStore/schemeManager/SchemeManagerImpl$loadSchemes$$inlined$directoryStreamIfExists$1
instanceKlass com/intellij/openapi/components/ReportValue
instanceKlass com/intellij/ide/plugins/ProjectPluginTrackerManager$2
instanceKlass org/jetbrains/jps/service/JpsServiceManager$InstanceHolder
instanceKlass org/jetbrains/jps/service/JpsServiceManager
instanceKlass com/intellij/openapi/editor/colors/EditorColorsListener
instanceKlass org/jetbrains/jps/model/fileTypes/FileNameMatcherFactory
instanceKlass com/intellij/openapi/fileTypes/ExactFileNameMatcher
instanceKlass com/intellij/diagnostic/PerformanceWatcher$$Lambda$363
instanceKlass com/intellij/featureStatistics/fusCollectors/SystemStateMonitor$initialize$1
instanceKlass com/intellij/concurrency/JobScheduler
instanceKlass com/intellij/openapi/fileTypes/impl/FileTypeManagerImpl$$Lambda$367
instanceKlass com/intellij/openapi/fileTypes/impl/FileTypeManagerImpl$$Lambda$366
instanceKlass com/intellij/openapi/editor/colors/impl/ReadOnlyColorsScheme
instanceKlass com/intellij/openapi/fileTypes/impl/FileTypeManagerImpl$$Lambda$365
instanceKlass com/intellij/internal/statistic/eventLog/events/BaseEventId
instanceKlass com/intellij/openapi/fileTypes/ExtensionFileNameMatcher
instanceKlass com/intellij/openapi/editor/colors/EditorFontCache
instanceKlass com/intellij/openapi/fileTypes/impl/FileTypeManagerImpl$$Lambda$364
instanceKlass java/lang/invoke/LambdaForm$DMH
instanceKlass sun/security/util/DerValue
instanceKlass com/intellij/openapi/editor/colors/EditorColorsScheme
instanceKlass com/intellij/ide/plugins/ProjectPluginTrackerManager$1
instanceKlass sun/security/action/OpenFileInputStreamAction
instanceKlass sun/security/util/KeyStoreDelegator$$Lambda$361
instanceKlass org/jetbrains/settingsRepository/IcsUrlBuilderKt
instanceKlass com/intellij/openapi/options/SchemeMetaInfo
instanceKlass com/intellij/openapi/editor/colors/TextAttributesScheme
instanceKlass com/intellij/util/io/storage/AbstractStorage$$Lambda$362
instanceKlass com/intellij/openapi/editor/colors/EditorColorsManager
instanceKlass com/intellij/diagnostic/PerformanceWatcher$1
instanceKlass com/intellij/ide/plugins/ProjectPluginTrackerManager$Companion
instanceKlass kotlin/jvm/functions/Function3
instanceKlass com/intellij/openapi/components/SimplePersistentStateComponent
instanceKlass com/intellij/configurationStore/schemeManager/SchemeLoader
instanceKlass com/intellij/util/messages/impl/MessageBusImpl$MessagePublisher$$Lambda$360
instanceKlass gnu/trove/TObjectProcedure
instanceKlass com/intellij/util/messages/impl/MessageBusImpl$RootBus$$Lambda$359
instanceKlass com/intellij/util/ui/JBUI$CurrentTheme$ContextHelp
instanceKlass com/intellij/util/ui/JBValue
instanceKlass com/intellij/openapi/fileTypes/impl/FileTypeBean
instanceKlass java/security/KeyStoreSpi
instanceKlass java/security/KeyStore$1
instanceKlass java/security/KeyStore
instanceKlass com/intellij/openapi/fileTypes/impl/ConflictingFileTypeMappingTracker
instanceKlass sun/security/ssl/TrustStoreManager$TrustStoreDescriptor$1
instanceKlass com/intellij/ide/browsers/BrowserLauncher
instanceKlass com/jetbrains/management/JitState
instanceKlass com/intellij/ide/HelpTooltip
instanceKlass sun/security/ssl/TrustStoreManager$TrustStoreDescriptor
instanceKlass com/intellij/internal/statistic/eventLog/events/EventField
instanceKlass sun/security/ssl/TrustStoreManager$TrustAnchorManager
instanceKlass com/intellij/ide/ui/laf/LafManagerImpl$$Lambda$358
instanceKlass sun/security/ssl/TrustStoreManager
instanceKlass com/intellij/internal/statistic/eventLog/events/EventFields
instanceKlass java/awt/event/KeyAdapter
instanceKlass javax/swing/event/MenuKeyListener
instanceKlass com/intellij/ide/BrowserUtil
instanceKlass java/awt/event/MouseMotionAdapter
instanceKlass javax/swing/ToolTipManager$stillInsideTimerAction
instanceKlass javax/net/ssl/TrustManagerFactorySpi
instanceKlass com/intellij/notification/NotificationListener
instanceKlass com/intellij/ide/ui/UINumericRange
instanceKlass javax/swing/ToolTipManager$outsideTimerAction
instanceKlass com/intellij/internal/statistic/eventLog/EventLogGroup
instanceKlass javax/net/ssl/TrustManagerFactory$1
instanceKlass com/intellij/diagnostic/JitWatcher
instanceKlass javax/swing/ToolTipManager$insideTimerAction
instanceKlass javax/net/ssl/TrustManagerFactory
instanceKlass javax/net/ssl/X509ExtendedKeyManager
instanceKlass javax/net/ssl/X509KeyManager
instanceKlass javax/net/ssl/KeyManager
instanceKlass com/intellij/diagnostic/ApdexData
instanceKlass sun/security/util/Cache
instanceKlass sun/security/action/GetIntegerAction
instanceKlass sun/security/ssl/SSLSessionContextImpl
instanceKlass com/intellij/ide/GeneralSettings
instanceKlass com/intellij/ide/IdeTooltipManager$2
instanceKlass com/intellij/featureStatistics/fusCollectors/SystemStateMonitor
instanceKlass com/intellij/openapi/util/registry/RegistryValue$$Lambda$357
instanceKlass com/intellij/diagnostic/IdeHeartbeatEventReporter$1
instanceKlass com/intellij/internal/statistic/eventLog/fus/FeatureUsageStateEventTrackerKt$initStateEventTrackers$1
instanceKlass com/intellij/diagnostic/IdePerformanceListener
instanceKlass com/intellij/ide/IdeTooltipManager$1
instanceKlass com/intellij/internal/statistic/eventLog/fus/FeatureUsageStateEventTracker$Companion
instanceKlass com/intellij/internal/statistic/eventLog/fus/FeatureUsageStateEventTracker
instanceKlass com/intellij/internal/DebugAttachDetector$$Lambda$356
instanceKlass com/intellij/internal/statistic/eventLog/fus/FeatureUsageStateEventTrackerKt
instanceKlass javax/net/ssl/SSLSessionContext
instanceKlass com/intellij/util/messages/impl/MessageBusImpl$$Lambda$355
instanceKlass com/intellij/internal/DebugAttachDetector
instanceKlass com/intellij/openapi/keymap/KeymapManagerListener
instanceKlass com/intellij/ide/WelcomeWizardUtil
instanceKlass com/intellij/openapi/fileTypes/impl/RemovedMappingTracker
instanceKlass com/intellij/openapi/vfs/newvfs/persistent/PersistentFSRecordsStorage
instanceKlass com/intellij/diagnostic/IdeHeartbeatEventReporter
instanceKlass com/intellij/internal/statistic/eventLog/EmptyStatisticsEventLogger
instanceKlass com/intellij/openapi/fileTypes/impl/IgnoredFileCache$1
instanceKlass com/intellij/openapi/fileTypes/impl/IgnoredFileCache
instanceKlass com/intellij/diagnostic/LowMemoryNotifier
instanceKlass it/unimi/dsi/fastutil/objects/Object2ObjectOpenHashMap$MapEntry
instanceKlass com/android/tools/idea/stats/AndroidStudioEventLogger
instanceKlass com/intellij/internal/statistic/eventLog/StatisticsEventLogger
instanceKlass com/intellij/openapi/fileEditor/impl/FileDocumentManagerImpl$2
instanceKlass it/unimi/dsi/fastutil/objects/Object2ObjectOpenHashMap$MapIterator
instanceKlass com/intellij/openapi/keymap/impl/KeymapImpl$Companion
instanceKlass it/unimi/dsi/fastutil/objects/Object2ObjectOpenCustomHashMap$MapEntry
instanceKlass it/unimi/dsi/fastutil/Pair
instanceKlass it/unimi/dsi/fastutil/objects/Object2ObjectMap$Entry
instanceKlass it/unimi/dsi/fastutil/objects/Object2ObjectOpenCustomHashMap$MapIterator
instanceKlass kotlin/jdk7/AutoCloseableKt
instanceKlass kotlin/io/CloseableKt
instanceKlass com/intellij/openapi/options/ExternalizableSchemeAdapter
instanceKlass com/intellij/openapi/fileEditor/impl/FileDocumentManagerImpl$$Lambda$354
instanceKlass com/intellij/openapi/options/ExternalizableScheme
instanceKlass com/intellij/openapi/editor/event/DocumentListener$$Lambda$353
instanceKlass com/intellij/configurationStore/SerializableScheme
instanceKlass com/intellij/openapi/keymap/Keymap
instanceKlass com/intellij/openapi/fileEditor/impl/FileDocumentManagerImpl$1
instanceKlass com/intellij/openapi/fileEditor/impl/MemoryDiskConflictResolver
instanceKlass com/intellij/util/hash/ContentHashEnumerator$ContentHashesDescriptor
instanceKlass com/intellij/openapi/keymap/impl/DefaultKeymap$$special$$inlined$runAndLogException$lambda$1
instanceKlass com/intellij/openapi/fileEditor/TrailingSpacesOptions
instanceKlass com/intellij/configurationStore/SchemeDataHolder
instanceKlass com/intellij/openapi/editor/DocumentRunnable
instanceKlass com/intellij/openapi/editor/impl/TrailingSpacesStripper
instanceKlass com/intellij/configurationStore/BinaryXmlWriterKt
instanceKlass com/intellij/openapi/fileEditor/FileDocumentManagerListener
instanceKlass com/google/gson/internal/PreJava9DateFormatProvider
instanceKlass com/intellij/ide/ui/laf/LafManagerImpl$$Lambda$352
instanceKlass com/intellij/openapi/editor/ex/PrioritizedDocumentListener
instanceKlass com/intellij/openapi/actionSystem/ActionToolbar
instanceKlass com/intellij/openapi/editor/event/DocumentListener
instanceKlass com/intellij/ide/ui/laf/LafManagerImpl$$Lambda$351
instanceKlass sun/security/ssl/EphemeralKeyManager$EphemeralKeyPair
instanceKlass com/intellij/openapi/editor/Document
instanceKlass com/intellij/openapi/keymap/impl/DefaultKeymapKt
instanceKlass com/intellij/configurationStore/BinaryXmlWriter
instanceKlass sun/security/ssl/EphemeralKeyManager
instanceKlass sun/util/locale/provider/JRELocaleProviderAdapter$$Lambda$350
instanceKlass com/intellij/DynamicBundle$LanguageBundleEP
instanceKlass com/intellij/configurationStore/BinaryXmlOutputterKt
instanceKlass com/intellij/openapi/keymap/impl/DefaultKeymap$1
instanceKlass com/intellij/openapi/fileEditor/FileDocumentManager
instanceKlass com/intellij/openapi/keymap/impl/BundledKeymapBean
instanceKlass com/intellij/openapi/vfs/SavingRequestor
instanceKlass kotlin/jvm/internal/Ref$BooleanRef
instanceKlass com/intellij/openapi/keymap/impl/DefaultKeymap$Companion
instanceKlass com/intellij/openapi/keymap/impl/DefaultKeymap
instanceKlass com/intellij/configurationStore/SchemeExtensionProvider
instanceKlass com/intellij/util/io/storage/AbstractStorage$$Lambda$349
instanceKlass it/unimi/dsi/fastutil/objects/Object2ObjectMaps
instanceKlass com/intellij/openapi/wm/impl/DesktopLayoutKt$windowInfoComparator$1
instanceKlass com/intellij/util/ThrowableRunnable
instanceKlass com/intellij/openapi/fileTypes/impl/IgnoredPatternSet
instanceKlass net/jpountz/lz4/LZ4FrameOutputStream$BD
instanceKlass java/lang/invoke/LambdaForm$MH
instanceKlass com/intellij/util/containers/FastUtilHashingStrategies
instanceKlass net/jpountz/lz4/LZ4FrameOutputStream$FLG
instanceKlass com/intellij/util/io/storage/DataTable
instanceKlass com/intellij/concurrency/ConcurrentHashMap$CounterCell
instanceKlass com/intellij/util/io/Bits
instanceKlass com/intellij/concurrency/ConcurrentHashMap$1
instanceKlass com/intellij/openapi/fileTypes/impl/FileTypeAssocTable
instanceKlass com/intellij/openapi/fileTypes/ex/FileTypeIdentifiableByVirtualFile$$Lambda$348
instanceKlass com/intellij/openapi/fileTypes/ex/FileTypeIdentifiableByVirtualFile
instanceKlass com/intellij/openapi/fileTypes/FileTypeListener
instanceKlass com/intellij/openapi/fileTypes/FileTypeManager$$Lambda$347
instanceKlass com/intellij/concurrency/ConcurrentHashMap$Node
instanceKlass sun/security/ssl/SSLContextImpl$CustomizedSSLProtocols
instanceKlass com/intellij/openapi/fileTypes/FileTypeConsumer
instanceKlass com/intellij/configurationStore/schemeManager/SchemeListManager
instanceKlass com/intellij/openapi/fileTypes/FileNameMatcher
instanceKlass com/intellij/util/io/OpenChannelsCache$ChannelDescriptor$$Lambda$346
instanceKlass com/intellij/util/io/OpenChannelsCache$ChannelDescriptor
instanceKlass com/intellij/openapi/progress/impl/NonCancelableIndicator
instanceKlass com/intellij/openapi/progress/NonCancelableSection
instanceKlass com/intellij/util/io/RandomAccessDataFile$$Lambda$345
instanceKlass com/intellij/serviceContainer/ServiceComponentAdapter$doCreateInstance$1
instanceKlass com/intellij/util/io/OpenChannelsCache$ChannelProcessor
instanceKlass com/intellij/util/DefaultBundleService$$Lambda$344
instanceKlass com/intellij/util/io/Page$Range
instanceKlass com/intellij/util/io/Page$PageLock
instanceKlass com/intellij/util/DefaultBundleService
instanceKlass com/intellij/openapi/options/SchemeManager
instanceKlass com/intellij/util/io/RandomAccessDataFile$$Lambda$343
instanceKlass com/intellij/util/io/OpenChannelsCache
instanceKlass com/intellij/openapi/wm/impl/DesktopLayoutKt
instanceKlass net/jpountz/lz4/LZ4FrameOutputStream$FrameInfo
instanceKlass com/intellij/util/io/RandomAccessDataFile
instanceKlass com/intellij/util/io/storage/RecordIdIterator
instanceKlass com/intellij/configurationStore/StorageManagerFileWriteRequestor
instanceKlass com/intellij/openapi/vfs/SafeWriteRequestor
instanceKlass java/lang/invoke/LambdaForm$MH
instanceKlass com/intellij/openapi/fileTypes/FileTypeRegistry
instanceKlass java/lang/invoke/LambdaForm$MH
instanceKlass java/lang/invoke/LambdaForm$MH
instanceKlass com/intellij/openapi/command/impl/UndoManagerImpl$1
instanceKlass java/lang/invoke/LambdaForm$MH
instanceKlass java/lang/invoke/LambdaForm$MH
instanceKlass com/intellij/openapi/command/CommandListener
instanceKlass java/lang/invoke/LambdaForm$MH
instanceKlass kotlin/annotation/Target
instanceKlass com/intellij/openapi/fileEditor/impl/FocusBasedCurrentEditorProvider
instanceKlass java/lang/invoke/LambdaForm$MH
instanceKlass kotlin/annotation/Retention
instanceKlass java/lang/invoke/LambdaForm$MH
instanceKlass java/lang/invoke/LambdaForm$MH
instanceKlass kotlin/Metadata
instanceKlass com/intellij/AbstractBundle
instanceKlass java/lang/invoke/LambdaForm$MH
instanceKlass com/intellij/openapi/command/impl/UndoRedo
instanceKlass com/intellij/util/io/FileChunkKey
instanceKlass sun/net/www/protocol/http/AuthenticatorKeys
instanceKlass java/net/Authenticator$$Lambda$342
instanceKlass com/intellij/openapi/command/impl/CommandMerger
instanceKlass com/intellij/util/io/PagePool
instanceKlass com/intellij/configurationStore/Scheme_implKt$sha1MessageDigestThreadLocal$1
instanceKlass com/intellij/openapi/project/ex/ProjectEx
instanceKlass com/intellij/configurationStore/Scheme_implKt
instanceKlass sun/net/www/protocol/http/AuthenticatorKeys$AuthenticatorKeyAccess
instanceKlass com/android/tools/analytics/AnalyticsSettingsData
instanceKlass java/net/Authenticator
instanceKlass com/intellij/openapi/wm/impl/WindowInfoImpl$Companion
instanceKlass com/intellij/configurationStore/StateMapKt
instanceKlass com/intellij/util/io/storage/AbstractRecordsTable
instanceKlass com/google/gson/GsonBuilder
instanceKlass com/intellij/openapi/options/SchemeProcessor
instanceKlass com/github/markusbernhardt/proxy/selector/pac/PacScriptSource
instanceKlass com/intellij/util/JdomKt
instanceKlass com/android/tools/analytics/Environment$Companion
instanceKlass com/android/tools/analytics/Environment
instanceKlass com/intellij/util/proxy/SharedProxyConfig
instanceKlass com/intellij/openapi/options/SchemeManagerFactory$Companion
instanceKlass com/intellij/openapi/options/SchemeManagerFactory
instanceKlass com/intellij/openapi/command/impl/DummyProject$DummyProjectHolder
instanceKlass com/intellij/openapi/keymap/impl/KeymapManagerImpl$Companion
instanceKlass com/intellij/openapi/util/NotNullLazyValue$$Lambda$341
instanceKlass com/intellij/util/net/HttpConfigurable$$Lambda$340
instanceKlass com/intellij/openapi/keymap/KeymapManager
instanceKlass com/intellij/openapi/util/NotNullFactory
instanceKlass com/intellij/openapi/util/Factory
instanceKlass com/intellij/openapi/command/undo/DocumentReference
instanceKlass com/intellij/openapi/command/impl/UndoRedoStacksHolder
instanceKlass javax/crypto/spec/SecretKeySpec
instanceKlass javax/crypto/SecretKey
instanceKlass java/security/spec/KeySpec
instanceKlass com/intellij/util/proxy/PropertiesEncryptionSupport
instanceKlass com/intellij/openapi/fileEditor/impl/CurrentEditorProvider
instanceKlass com/intellij/Patches
instanceKlass com/intellij/openapi/project/Project
instanceKlass com/intellij/ide/ClipboardSynchronizer$ClipboardHandler
instanceKlass com/android/tools/analytics/AnalyticsPaths
instanceKlass com/intellij/openapi/vfs/newvfs/persistent/PersistentFSPaths
instanceKlass com/intellij/util/io/HttpRequests$Request
instanceKlass com/intellij/openapi/vfs/newvfs/persistent/PersistentFSConnector$$Lambda$339
instanceKlass com/intellij/configurationStore/XmlElementStorageKt
instanceKlass com/intellij/openapi/vfs/newvfs/persistent/PersistentFSConnection
instanceKlass com/intellij/util/io/RequestBuilder
instanceKlass com/intellij/util/io/HttpRequests
instanceKlass com/intellij/ide/ui/UITheme$2
instanceKlass com/intellij/configurationStore/SaveSessionBaseKt
instanceKlass com/intellij/util/io/storage/AbstractStorage
instanceKlass com/intellij/openapi/wm/ToolWindowContentUiType
instanceKlass com/intellij/openapi/command/undo/UndoableAction
instanceKlass com/intellij/openapi/wm/ToolWindowAnchor
instanceKlass com/intellij/ide/ClipboardSynchronizer
instanceKlass com/intellij/openapi/wm/WindowInfo
instanceKlass com/android/tools/idea/startup/AndroidStudioAnalyticsImpl$1
instanceKlass com/android/utils/DateProvider$1
instanceKlass com/android/utils/DateProvider
instanceKlass org/jdom/ImmutableSameTypeAttributeList$1
instanceKlass com/intellij/openapi/progress/WrappedProgressIndicator
instanceKlass com/intellij/util/xmlb/TextBinding
instanceKlass com/intellij/openapi/progress/impl/CoreProgressManager$$Lambda$338
instanceKlass java/lang/invoke/LambdaForm$MH
instanceKlass com/android/tools/analytics/AnalyticsSettings
instanceKlass java/lang/invoke/LambdaForm$MH
instanceKlass java/lang/invoke/LambdaForm$MH
instanceKlass java/lang/invoke/LambdaForm$MH
instanceKlass com/intellij/util/proxy/NonStaticAuthenticator
instanceKlass com/intellij/openapi/progress/util/PingProgress
instanceKlass com/intellij/openapi/components/StoredProperty$DefaultImpls
instanceKlass com/intellij/openapi/progress/impl/CoreProgressManager$$Lambda$337
instanceKlass com/intellij/openapi/application/impl/ApplicationImpl$$Lambda$336
instanceKlass com/intellij/openapi/options/Configurable
instanceKlass com/intellij/openapi/options/UnnamedConfigurable
instanceKlass com/intellij/openapi/extensions/impl/ExtensionPointImpl$$Lambda$335
instanceKlass com/intellij/util/io/storage/CapacityAllocationPolicy
instanceKlass com/intellij/util/net/HttpConfigurable
instanceKlass com/intellij/serialization/PropertyAccessor
instanceKlass com/intellij/openapi/vfs/newvfs/persistent/PersistentFSConnector
instanceKlass com/intellij/serialization/BaseBeanBinding
instanceKlass com/intellij/util/ComponentTreeEventDispatcher$$Lambda$334
instanceKlass kotlin/sequences/FilteringSequence$iterator$1
instanceKlass com/intellij/openapi/vfs/newvfs/FileAttribute
instanceKlass kotlin/sequences/TransformingSequence$iterator$1
instanceKlass com/intellij/util/ComponentTreeEventDispatcher
instanceKlass kotlin/sequences/TransformingSequence
instanceKlass com/intellij/ide/ui/UISettingsListener
instanceKlass kotlin/sequences/FilteringSequence
instanceKlass com/intellij/openapi/vfs/impl/AddonlyKeylessHash$KeyValueMapper
instanceKlass com/intellij/ide/ui/UISettingsState$Companion
instanceKlass com/intellij/openapi/vfs/impl/ArchiveHandler
instanceKlass com/intellij/util/MathUtil
instanceKlass com/intellij/openapi/util/io/FileAttributes
instanceKlass kotlin/sequences/SequencesKt__SequenceBuilderKt
instanceKlass com/intellij/openapi/util/io/FileSystemUtil$JnaUnixMediatorImpl$LinuxLibC
instanceKlass com/intellij/ui/ColorHexUtil
instanceKlass java/lang/reflect/AnnotatedType
instanceKlass com/intellij/configurationStore/OldBindingProducer
instanceKlass com/sun/jna/VarArgsChecker
instanceKlass com/intellij/ui/ColorUtil
instanceKlass com/intellij/configurationStore/XmlSerializerKt
instanceKlass com/google/gson/internal/LinkedTreeMap$LinkedTreeMapIterator
instanceKlass com/intellij/configurationStore/JdomSerializerImpl
instanceKlass kotlin/collections/CollectionsKt___CollectionsKt$asSequence$$inlined$Sequence$1
instanceKlass kotlin/sequences/Sequence
instanceKlass com/intellij/configurationStore/JdomSerializer
instanceKlass kotlin/jvm/internal/CollectionToArray
instanceKlass com/intellij/ide/ui/UITheme$PaletteScope
instanceKlass com/intellij/configurationStore/XmlSerializer
instanceKlass com/intellij/ide/ui/UITheme$PaletteScopeManager
instanceKlass com/google/gson/internal/bind/ObjectTypeAdapter$2
instanceKlass java/security/spec/NamedParameterSpec
instanceKlass sun/security/util/ECKeySizeParameterSpec
instanceKlass com/google/gson/internal/LinkedTreeMap$Node
instanceKlass com/google/gson/internal/LinkedTreeMap$1
instanceKlass java/security/AlgorithmParametersSpi
instanceKlass java/security/AlgorithmParameters
instanceKlass sun/security/util/ECUtil
instanceKlass sun/security/util/SecurityProviderConstants
instanceKlass sun/security/ec/point/Point
instanceKlass com/sun/jna/WeakMemoryHolder
instanceKlass com/intellij/openapi/progress/impl/ProgressManagerImpl$$Lambda$333
instanceKlass com/intellij/openapi/progress/impl/ProgressManagerImpl$$Lambda$332
instanceKlass com/intellij/openapi/progress/impl/CoreProgressManager$CheckCanceledHook
instanceKlass java/lang/invoke/LambdaForm$MH
instanceKlass java/security/KeyPairGeneratorSpi
instanceKlass java/lang/invoke/LambdaForm$BMH
instanceKlass java/lang/invoke/LambdaForm$DMH
instanceKlass java/lang/invoke/LambdaForm$DMH
instanceKlass java/lang/invoke/LambdaForm$MH
instanceKlass java/security/PrivateKey
instanceKlass javax/security/auth/Destroyable
instanceKlass java/lang/invoke/LambdaForm$BMH
instanceKlass java/security/PublicKey
instanceKlass java/lang/invoke/LambdaForm$DMH
instanceKlass java/util/ResourceBundle$Control$1
instanceKlass java/security/KeyFactorySpi
instanceKlass java/lang/invoke/LambdaForm$DMH
instanceKlass java/lang/invoke/LambdaForm$MH
instanceKlass java/lang/invoke/LambdaForm$BMH
instanceKlass java/lang/invoke/LambdaForm$DMH
instanceKlass java/util/ResourceBundle$ResourceBundleControlProviderHolder$$Lambda$331
instanceKlass java/security/KeyFactory
instanceKlass java/lang/invoke/LambdaForm$DMH
instanceKlass java/util/ServiceLoader$ProviderSpliterator
instanceKlass java/lang/invoke/LambdaForm$MH
instanceKlass java/util/spi/ResourceBundleControlProvider
instanceKlass java/lang/invoke/LambdaForm$BMH
instanceKlass javax/crypto/KeyAgreement
instanceKlass java/lang/invoke/LambdaForm$DMH
instanceKlass java/util/ResourceBundle$ResourceBundleControlProviderHolder$$Lambda$330
instanceKlass java/lang/invoke/LambdaForm$DMH
instanceKlass java/lang/Short$ShortCache
instanceKlass java/lang/invoke/LambdaForm$MH
instanceKlass java/util/ResourceBundle$ResourceBundleControlProviderHolder
instanceKlass java/lang/invoke/LambdaForm$BMH
instanceKlass java/lang/invoke/LambdaForm$DMH
instanceKlass java/lang/invoke/LambdaForm$MH
instanceKlass java/lang/invoke/LambdaForm$BMH
instanceKlass com/intellij/openapi/util/registry/RegistryValue
instanceKlass com/sun/jna/Structure$StructField
instanceKlass java/lang/invoke/LambdaForm$DMH
instanceKlass com/sun/jna/Structure$LayoutInfo
instanceKlass java/lang/invoke/LambdaForm$DMH
instanceKlass java/security/interfaces/ECKey
instanceKlass java/lang/invoke/LambdaForm$MH
instanceKlass java/security/Key
instanceKlass java/security/cert/CertificateFactory
instanceKlass java/lang/invoke/LambdaForm$DMH
instanceKlass java/security/CodeSigner
instanceKlass com/intellij/application/options/ReplacePathToMacroMap$$Lambda$329
instanceKlass java/lang/invoke/LambdaForm$DMH
instanceKlass com/sun/jna/Structure$FieldOrder
instanceKlass com/intellij/application/options/PathMacroExpandableProtocolBean
instanceKlass com/sun/jna/NativeMappedConverter
instanceKlass com/sun/jna/TypeConverter
instanceKlass com/sun/jna/TypeMapper
instanceKlass com/google/gson/internal/$Gson$Types$GenericArrayTypeImpl
instanceKlass com/sun/jna/Klass
instanceKlass sun/reflect/generics/tree/ArrayTypeSignature
instanceKlass com/intellij/util/containers/ImmutableList$Itr
instanceKlass java/lang/invoke/LambdaForm$MH
instanceKlass com/sun/jna/Native$Buffers
instanceKlass com/google/gson/internal/$Gson$Types$WildcardTypeImpl
instanceKlass java/lang/invoke/LambdaForm$BMH
instanceKlass com/sun/jna/Library
instanceKlass com/intellij/openapi/util/io/FileSystemUtil$JnaUnixMediatorImpl$LibC
instanceKlass java/lang/invoke/LambdaForm$MH
instanceKlass java/lang/invoke/LambdaForm$DMH
instanceKlass com/intellij/util/containers/ConcurrentLongObjectHashMap$CollectionView
instanceKlass com/intellij/util/containers/ConcurrentIntObjectHashMap$CounterCell
instanceKlass java/lang/invoke/LambdaForm$DMH
instanceKlass com/google/gson/internal/ConstructorConstructor$12
instanceKlass com/intellij/util/containers/ConcurrentLongObjectHashMap$Node
instanceKlass com/intellij/util/containers/ConcurrentLongObjectMap$LongEntry
instanceKlass com/intellij/util/containers/ConcurrentLongObjectHashMap
instanceKlass java/util/regex/CharPredicates$$Lambda$328
instanceKlass com/intellij/openapi/util/TextRange
instanceKlass com/intellij/openapi/util/Segment
instanceKlass java/security/Signature$1
instanceKlass jdk/internal/misc/JavaSecuritySignatureAccess
instanceKlass java/security/SignatureSpi
instanceKlass sun/security/ssl/JsseJce$EcAvailability
instanceKlass sun/security/ssl/SSLAlgorithmDecomposer$1
instanceKlass java/util/LinkedList$ListItr
instanceKlass com/intellij/configurationStore/statistic/eventLog/FeatureUsageSettingsEvents$logDefaultConfigurationState$1
instanceKlass kotlin/collections/ArrayAsCollection
instanceKlass kotlin/collections/IntIterator
instanceKlass kotlin/internal/ProgressionUtilKt
instanceKlass sun/security/ssl/SSLCipher$1
instanceKlass kotlin/ranges/IntRange$Companion
instanceKlass kotlin/ranges/IntProgression$Companion
instanceKlass sun/security/ssl/SSLCipher$T13GcmWriteCipherGenerator
instanceKlass sun/security/ssl/SSLCipher$T13GcmReadCipherGenerator
instanceKlass kotlin/ranges/IntProgression
instanceKlass sun/security/ssl/SSLCipher$T12GcmWriteCipherGenerator
instanceKlass kotlin/ranges/ClosedRange
instanceKlass sun/security/ssl/SSLCipher$T12GcmReadCipherGenerator
instanceKlass javax/crypto/JceSecurityManager$1
instanceKlass kotlin/ranges/RangesKt__RangesKt
instanceKlass org/jetbrains/jps/model/serialization/PathMacroUtil
instanceKlass kotlin/collections/EmptyIterator
instanceKlass kotlin/collections/EmptySet
instanceKlass com/intellij/internal/statistic/persistence/UsageStatisticsPersistenceComponent
instanceKlass com/intellij/internal/statistic/eventLog/StatisticsSystemEventIdProvider
instanceKlass com/intellij/openapi/util/io/FileUtil$2
instanceKlass com/intellij/internal/statistic/eventLog/connection/StatisticsService
instanceKlass com/intellij/internal/statistic/eventLog/EventLogRecorderConfig
instanceKlass com/intellij/internal/statistic/eventLog/EventLogApplicationInfo
instanceKlass com/intellij/internal/statistic/eventLog/connection/EventLogSendListener
instanceKlass com/intellij/internal/statistic/utils/StatisticsUploadAssistant
instanceKlass com/intellij/openapi/progress/PerformInBackgroundOption
instanceKlass com/intellij/openapi/util/io/FileUtil$1
instanceKlass com/intellij/util/text/CharSequenceHashingStrategy
instanceKlass gnu/trove/TObjectCanonicalHashingStrategy
instanceKlass gnu/trove/TObjectIdentityHashingStrategy
instanceKlass com/intellij/util/text/FilePathHashingStrategy
instanceKlass java/lang/SecurityManager$$Lambda$327
instanceKlass java/lang/SecurityManager$$Lambda$326
instanceKlass com/intellij/internal/statistic/eventLog/StatisticsEventLoggerProvider
instanceKlass com/intellij/openapi/util/io/FileUtilRt$SymlinkResolver
instanceKlass java/lang/SecurityManager$$Lambda$325
instanceKlass java/lang/SecurityManager$$Lambda$324
instanceKlass com/intellij/util/graph/CachingSemiGraph
instanceKlass java/lang/SecurityManager$$Lambda$323
instanceKlass com/intellij/openapi/extensions/LoadingOrder$1
instanceKlass java/lang/SecurityManager$$Lambda$321
instanceKlass com/intellij/openapi/extensions/impl/ExtensionProcessingHelper$$Lambda$322
instanceKlass com/intellij/internal/statistic/eventLog/StatisticsEventLogProviderUtil$getEventLogProvider$provider$1
instanceKlass com/google/gson/internal/ConstructorConstructor$6
instanceKlass com/intellij/internal/statistic/eventLog/StatisticsEventLogProviderUtil
instanceKlass kotlin/Result$Failure
instanceKlass com/intellij/internal/statistic/eventLog/fus/FeatureUsageLogger
instanceKlass com/intellij/openapi/diagnostic/LoggerKt
instanceKlass com/intellij/configurationStore/statistic/eventLog/FeatureUsageSettingsEvents$logConfigurationState$1
instanceKlass java/util/stream/ForEachOps$ForEachOp
instanceKlass com/intellij/configurationStore/statistic/eventLog/ConfigurationStateExtractor
instanceKlass java/util/stream/ForEachOps
instanceKlass java/lang/SecurityManager$$Lambda$320
instanceKlass com/intellij/configurationStore/statistic/eventLog/FeatureUsageSettingsEventPrinter$Companion
instanceKlass java/lang/SecurityManager$$Lambda$319
instanceKlass com/intellij/configurationStore/statistic/eventLog/FeatureUsageSettingsEventPrinter
instanceKlass java/lang/SecurityManager$$Lambda$318
instanceKlass java/lang/SecurityManager$$Lambda$317
instanceKlass com/intellij/configurationStore/statistic/eventLog/FeatureUsageSettingsEvents
instanceKlass kotlin/Result$Companion
instanceKlass java/lang/SecurityManager$$Lambda$316
instanceKlass kotlin/Result
instanceKlass com/intellij/openapi/vfs/newvfs/ManagingFS$ManagingFSHolder
instanceKlass java/util/Spliterators$IteratorSpliterator
instanceKlass sun/security/ssl/SSLCipher$T11BlockWriteCipherGenerator
instanceKlass kotlin/text/CharsKt__CharJVMKt
instanceKlass sun/security/ssl/SSLCipher$T11BlockReadCipherGenerator
instanceKlass sun/security/ssl/SSLCipher$T10BlockWriteCipherGenerator
instanceKlass sun/security/ssl/SSLCipher$T10BlockReadCipherGenerator
instanceKlass javax/crypto/ProviderVerifier
instanceKlass java/util/concurrent/ConcurrentLinkedDeque$Node
instanceKlass javax/crypto/JceSecurity$2
instanceKlass java/net/spi/URLStreamHandlerProvider
instanceKlass java/net/URL$1
instanceKlass com/google/gson/internal/ConstructorConstructor$8
instanceKlass java/net/URL$2
instanceKlass com/intellij/util/io/storage/HeavyProcessLatch$HeavyProcessListener
instanceKlass com/intellij/util/io/storage/HeavyProcessLatch
instanceKlass java/lang/module/Resolver
instanceKlass com/intellij/openapi/progress/EmptyProgressIndicator
instanceKlass com/sun/jna/NativeLibrary
instanceKlass com/intellij/openapi/progress/StandardProgressIndicator
instanceKlass javax/crypto/CryptoPolicyParser$CryptoPermissionEntry
instanceKlass javax/crypto/CryptoPolicyParser$GrantEntry
instanceKlass com/intellij/openapi/util/io/FileSystemUtil$JnaUnixMediatorImpl$$Lambda$315
instanceKlass com/intellij/idea/SplashManager$$Lambda$314
instanceKlass java/lang/invoke/LambdaForm$DMH
instanceKlass com/google/gson/internal/UnsafeAllocator
instanceKlass javax/crypto/CryptoPolicyParser
instanceKlass com/intellij/openapi/util/io/FileSystemUtil$JnaUnixMediatorImpl
instanceKlass com/google/gson/internal/ConstructorConstructor$14
instanceKlass com/sun/jna/Structure$ByReference
instanceKlass java/nio/file/Files$1
instanceKlass sun/nio/fs/UnixFileSystem$3
instanceKlass com/intellij/openapi/util/io/FileSystemUtil$Mediator
instanceKlass sun/nio/fs/Globs
instanceKlass com/intellij/openapi/util/io/FileSystemUtil
instanceKlass javax/crypto/JceSecurity$1
instanceKlass javax/crypto/JceSecurity
instanceKlass com/intellij/openapi/util/ThreadLocalCachedByteArray
instanceKlass com/intellij/util/EventDispatcher$$Lambda$313
instanceKlass com/intellij/util/io/FileAccessorCache
instanceKlass com/intellij/openapi/util/StaticGetter
instanceKlass com/intellij/openapi/vfs/impl/BulkVirtualFileListenerAdapter
instanceKlass com/intellij/util/io/CompressedAppendableFile
instanceKlass kotlin/io/FilesKt__FilePathComponentsKt
instanceKlass com/intellij/openapi/util/KeyedExtensionCollector
instanceKlass com/intellij/util/io/PersistentHashMapValueStorage$RAReader
instanceKlass com/intellij/openapi/vfs/VirtualFileListener
instanceKlass com/intellij/util/io/PersistentHashMapValueStorage
instanceKlass com/google/gson/internal/ConstructorConstructor$13
instanceKlass sun/security/jca/ProviderList$ServiceList$1
instanceKlass com/intellij/ide/plugins/cl/PluginClassLoader$$Lambda$312
instanceKlass com/google/gson/internal/$Gson$Types$ParameterizedTypeImpl
instanceKlass sun/security/jca/ServiceId
instanceKlass com/intellij/ide/plugins/cl/PluginClassLoader$$Lambda$311
instanceKlass com/intellij/openapi/vfs/newvfs/persistent/FSRecords
instanceKlass javax/crypto/Cipher$Transform
instanceKlass javax/crypto/Cipher
instanceKlass com/intellij/openapi/vfs/newvfs/persistent/PersistentFSImpl$1
instanceKlass com/google/gson/internal/Primitives
instanceKlass com/google/gson/annotations/SerializedName
instanceKlass com/intellij/openapi/vfs/newvfs/AsyncEventSupport$1
instanceKlass sun/security/ssl/Utilities
instanceKlass com/intellij/openapi/vfs/VirtualFileManager$$Lambda$310
instanceKlass sun/security/ssl/JsseJce
instanceKlass java/lang/invoke/LambdaForm$DMH
instanceKlass com/google/gson/internal/ConstructorConstructor$3
instanceKlass java/lang/invoke/LambdaForm$DMH
instanceKlass sun/security/ssl/SSLCipher$StreamWriteCipherGenerator
instanceKlass kotlin/text/StringsKt__AppendableKt
instanceKlass sun/security/ssl/SSLCipher$StreamReadCipherGenerator
instanceKlass sun/security/ssl/SSLCipher$NullWriteCipherGenerator
instanceKlass sun/security/ssl/SSLCipher$WriteCipherGenerator
instanceKlass com/intellij/openapi/vfs/newvfs/BulkFileListener
instanceKlass com/intellij/openapi/vfs/VirtualFileManager
instanceKlass sun/security/ssl/SSLCipher$NullReadCipherGenerator
instanceKlass sun/security/ssl/SSLCipher$ReadCipherGenerator
instanceKlass com/intellij/openapi/vfs/newvfs/AsyncEventSupport$$Lambda$309
instanceKlass com/intellij/openapi/vfs/newvfs/AsyncEventSupport$IdentityHashingStrategy
instanceKlass com/intellij/openapi/extensions/impl/ExtensionPointImpl$$Lambda$308
instanceKlass jdk/internal/vm/annotation/ForceInline
instanceKlass com/intellij/openapi/vfs/newvfs/AsyncEventSupport
instanceKlass com/intellij/psi/stubs/SerializationManagerImpl$$Lambda$307
instanceKlass com/google/gson/annotations/JsonAdapter
instanceKlass com/intellij/psi/stubs/StubElementTypeHolderEP
instanceKlass com/intellij/openapi/vfs/newvfs/persistent/PersistentFSImpl$$Lambda$306
instanceKlass com/intellij/openapi/vfs/newvfs/persistent/PersistentFSImpl$$Lambda$304
instanceKlass com/intellij/openapi/util/ShutDownTracker$$Lambda$305
instanceKlass com/intellij/psi/stubs/SerializationManagerImpl$$Lambda$303
instanceKlass com/intellij/concurrency/JobSchedulerImpl
instanceKlass com/intellij/openapi/vfs/newvfs/impl/VfsData$1
instanceKlass com/intellij/openapi/util/LowMemoryWatcher$$Lambda$302
instanceKlass com/intellij/openapi/util/LowMemoryWatcher
instanceKlass com/intellij/util/containers/RecentStringInterner$$Lambda$301
instanceKlass com/google/gson/internal/JsonReaderInternalAccess
instanceKlass java/util/concurrent/locks/StampedLock$WNode
instanceKlass java/util/concurrent/locks/StampedLock
instanceKlass com/google/gson/internal/bind/ReflectiveTypeAdapterFactory$BoundField
instanceKlass com/google/gson/internal/bind/ReflectiveTypeAdapterFactory
instanceKlass com/intellij/util/containers/ConcurrentBitSetImpl
instanceKlass com/intellij/util/containers/ConcurrentBitSet
instanceKlass com/google/gson/internal/bind/JsonAdapterAnnotationTypeAdapterFactory
instanceKlass com/intellij/openapi/vfs/newvfs/impl/VfsData
instanceKlass com/google/gson/internal/bind/MapTypeAdapterFactory
instanceKlass com/intellij/concurrency/ConcurrentIntKeyRefValueHashMap$IntReference
instanceKlass com/google/gson/internal/bind/CollectionTypeAdapterFactory
instanceKlass com/intellij/concurrency/ConcurrentIntKeyRefValueHashMap
instanceKlass sun/security/util/DisabledAlgorithmConstraints$1
instanceKlass com/google/gson/internal/bind/ArrayTypeAdapter$1
instanceKlass org/jetbrains/kotlin/utils/PathUtil
instanceKlass com/intellij/openapi/vfs/newvfs/persistent/PersistentFSImpl$5
instanceKlass sun/security/util/DisabledAlgorithmConstraints$Constraint
instanceKlass sun/security/util/DisabledAlgorithmConstraints$Constraints
instanceKlass com/google/gson/internal/bind/SqlDateTypeAdapter$1
instanceKlass sun/security/util/AbstractAlgorithmConstraints$1
instanceKlass sun/security/util/AlgorithmDecomposer
instanceKlass com/google/gson/internal/bind/TimeTypeAdapter$1
instanceKlass sun/security/util/AbstractAlgorithmConstraints
instanceKlass kotlin/UNINITIALIZED_VALUE
instanceKlass com/intellij/openapi/vfs/newvfs/events/ChildInfo
instanceKlass sun/security/ssl/SSLAlgorithmConstraints
instanceKlass kotlin/SynchronizedLazyImpl
instanceKlass com/google/gson/internal/bind/DateTypeAdapter$1
instanceKlass kotlin/LazyKt__LazyJVMKt
instanceKlass com/intellij/util/containers/RecentStringInterner
instanceKlass java/util/concurrent/atomic/AtomicLongArray
instanceKlass com/sun/imageio/plugins/common/ReaderUtil
instanceKlass com/intellij/openapi/vfs/encoding/EncodingRegistry
instanceKlass java/security/AlgorithmConstraints
instanceKlass sun/java2d/cmm/CMSManager
instanceKlass com/google/gson/internal/bind/ObjectTypeAdapter$1
instanceKlass kotlin/jvm/internal/Lambda
instanceKlass sun/security/ssl/SSLLogger
instanceKlass sun/reflect/annotation/AnnotationParser$$Lambda$300
instanceKlass kotlin/jvm/internal/FunctionBase
instanceKlass com/intellij/openapi/vfs/newvfs/events/VFileEvent
instanceKlass com/google/gson/internal/bind/TypeAdapters$30
instanceKlass com/intellij/openapi/components/ServiceManager
instanceKlass com/sun/imageio/plugins/png/PNGImageDataEnumeration
instanceKlass com/intellij/psi/stubs/StubStringInterner
instanceKlass com/intellij/psi/stubs/Stub
instanceKlass javax/imageio/stream/MemoryCacheImageInputStream$StreamDisposerRecord
instanceKlass org/jetbrains/kotlin/idea/artifacts/KotlinArtifacts$Companion
instanceKlass javax/imageio/stream/MemoryCache
instanceKlass com/google/gson/internal/bind/TypeAdapters$34
instanceKlass javax/imageio/stream/ImageInputStreamImpl
instanceKlass org/jetbrains/kotlin/idea/artifacts/KotlinArtifacts
instanceKlass com/google/gson/internal/bind/TypeAdapters$26
instanceKlass java/util/Currency
instanceKlass com/intellij/openapi/vfs/VirtualFileWithId
instanceKlass javax/imageio/metadata/IIOMetadata
instanceKlass com/intellij/application/options/PathMacrosImpl$loadState$2
instanceKlass com/google/gson/internal/bind/TypeAdapters$35
instanceKlass sun/security/ssl/SunJSSE$1
instanceKlass com/intellij/openapi/vfs/VirtualFileSystem
instanceKlass com/intellij/openapi/vfs/newvfs/CachingVirtualFileSystem
instanceKlass org/jdom/ImmutableElement$$Lambda$299
instanceKlass com/intellij/psi/stubs/StubTreeSerializerBase
instanceKlass com/intellij/openapi/vfs/newvfs/ManagingFS
instanceKlass com/intellij/openapi/vfs/newvfs/FileSystemInterface
instanceKlass java/util/concurrent/atomic/AtomicIntegerArray
instanceKlass javax/imageio/ImageIO$ImageReaderIterator
instanceKlass javax/imageio/spi/FilterIterator
instanceKlass javax/imageio/spi/PartialOrderIterator
instanceKlass kotlin/jvm/internal/Intrinsics
instanceKlass javax/imageio/ImageIO$ContainsFilter
instanceKlass javax/imageio/spi/ServiceRegistry$Filter
instanceKlass javax/imageio/ImageTypeSpecifier
instanceKlass com/google/gson/internal/bind/TypeAdapters$33
instanceKlass javax/imageio/metadata/IIOMetadataFormat
instanceKlass org/jetbrains/kotlin/idea/KotlinPluginMacros$Companion
instanceKlass com/google/gson/internal/bind/TypeAdapters$32
instanceKlass org/jetbrains/kotlin/idea/KotlinPluginMacros
instanceKlass com/intellij/openapi/application/PathMacroContributor
instanceKlass com/intellij/openapi/extensions/impl/ExtensionProcessingHelper
instanceKlass com/intellij/application/options/PathMacrosImpl$loadState$1
instanceKlass com/intellij/configurationStore/StateMap$getState$prev$2
instanceKlass java/util/function/UnaryOperator
instanceKlass javax/imageio/ImageReader
instanceKlass com/intellij/openapi/wm/impl/FocusManagerImpl$$Lambda$298
instanceKlass org/jdom/ImmutableSameTypeAttributeList
instanceKlass com/intellij/concurrency/ConcurrentIntObjectHashMap$Node
instanceKlass com/intellij/util/containers/IntObjectMap$Entry
instanceKlass com/google/gson/internal/bind/TypeAdapters
instanceKlass com/intellij/concurrency/ConcurrentIntObjectHashMap
instanceKlass org/jdom/JDOMInterner$2
instanceKlass org/jdom/JDOMInterner$1
instanceKlass com/google/gson/internal/JavaVersion
instanceKlass com/intellij/concurrency/ConcurrentCollectionFactory
instanceKlass java/security/spec/ECFieldF2m
instanceKlass com/intellij/util/io/PersistentStringEnumerator$1
instanceKlass com/intellij/util/io/CachingEnumerator
instanceKlass com/intellij/util/ui/UIUtil$$Lambda$297
instanceKlass com/intellij/util/io/PersistentBTreeEnumerator$1
instanceKlass com/intellij/ui/DocumentAdapter
instanceKlass com/intellij/util/io/IntToIntBtree$BtreePage
instanceKlass com/intellij/util/Functions$8
instanceKlass org/jdom/JDOMInterner
instanceKlass com/twelvemonkeys/imageio/util/IIOUtil
instanceKlass net/miginfocom/layout/BoundSize
instanceKlass com/intellij/util/io/IntToIntBtree$BtreeRootNode
instanceKlass com/twelvemonkeys/lang/Validate
instanceKlass com/google/gson/internal/reflect/ReflectionAccessor
instanceKlass com/intellij/util/Functions$7
instanceKlass com/intellij/util/Functions$6
instanceKlass com/intellij/util/Functions$2
instanceKlass com/intellij/util/Functions$1
instanceKlass com/twelvemonkeys/imageio/spi/ProviderInfo
instanceKlass com/intellij/util/Function$Mono
instanceKlass com/intellij/util/io/keyStorage/AppendableStorageBackedByResizableMappedFile$$Lambda$296
instanceKlass com/intellij/util/Functions
instanceKlass com/intellij/openapi/util/Condition$3
instanceKlass com/intellij/openapi/util/Condition$2
instanceKlass com/google/gson/internal/ObjectConstructor
instanceKlass com/intellij/openapi/util/Condition$1
instanceKlass com/google/gson/internal/ConstructorConstructor
instanceKlass kotlin/collections/EmptyMap
instanceKlass javax/imageio/ImageWriter
instanceKlass com/intellij/openapi/util/Conditions
instanceKlass javax/imageio/ImageTranscoder
instanceKlass com/intellij/util/containers/FilteredTraverserBase$Cond
instanceKlass kotlin/collections/MapsKt__MapWithDefaultKt
instanceKlass com/intellij/util/io/InlineKeyDescriptor
instanceKlass sun/security/util/ObjectIdentifier
instanceKlass java/util/concurrent/atomic/Striped64$Cell
instanceKlass sun/security/util/ByteArrayTagOrder
instanceKlass net/miginfocom/layout/UnitConverter
instanceKlass com/intellij/icons/AllIcons$Process$FS
instanceKlass sun/security/util/ByteArrayLexOrder
instanceKlass java/lang/invoke/LambdaForm$MH
instanceKlass net/miginfocom/layout/ContainerWrapper
instanceKlass java/lang/invoke/LambdaForm$MH
instanceKlass sun/security/util/DerEncoder
instanceKlass javax/imageio/spi/IIORegistry$1
instanceKlass java/lang/invoke/LambdaForm$MH
instanceKlass java/security/spec/ECParameterSpec
instanceKlass java/security/spec/AlgorithmParameterSpec
instanceKlass java/security/spec/ECPoint
instanceKlass com/intellij/application/options/PathMacrosImpl$Companion
instanceKlass java/security/spec/EllipticCurve
instanceKlass java/lang/invoke/LambdaForm$DMH
instanceKlass java/security/spec/ECFieldFp
instanceKlass java/security/spec/ECField
instanceKlass sun/security/util/CurveDB$Holder
instanceKlass com/intellij/openapi/application/PathMacros
instanceKlass sun/security/util/CurveDB
instanceKlass net/miginfocom/layout/ComponentWrapper
instanceKlass com/intellij/util/io/FileChannelUtil
instanceKlass com/intellij/util/io/DirectBufferWrapper$FileContext$$Lambda$295
instanceKlass sun/security/ec/SunEC$2
instanceKlass com/sun/imageio/plugins/jpeg/JPEG
instanceKlass java/beans/SimpleBeanInfo
instanceKlass com/google/gson/internal/Excluder
instanceKlass com/intellij/util/containers/JBIterator
instanceKlass com/google/gson/internal/$Gson$Types
instanceKlass com/intellij/util/ObjectUtils$Sentinel
instanceKlass com/intellij/util/ObjectUtils
instanceKlass com/intellij/util/NotNullizer
instanceKlass com/google/gson/internal/$Gson$Preconditions
instanceKlass com/google/gson/reflect/TypeToken
instanceKlass com/intellij/util/containers/TreeTraversal$TraversalInterceptor
instanceKlass sun/security/ec/SunEC$1
instanceKlass com/google/gson/FieldNamingStrategy
instanceKlass com/google/gson/stream/JsonWriter
instanceKlass com/google/gson/TypeAdapterFactory
instanceKlass java/beans/Transient
instanceKlass com/sun/security/sasl/gsskerb/JdkSASL$1
instanceKlass com/google/gson/TypeAdapter
instanceKlass com/intellij/util/io/DirectBufferWrapper$FileContext
instanceKlass com/intellij/openapi/components/PathMacroMap
instanceKlass com/intellij/util/containers/TreeTraversal$GuidedIt$Guide
instanceKlass java/util/Collections$UnmodifiableMap$UnmodifiableEntrySet$UnmodifiableEntry
instanceKlass com/intellij/util/containers/FilteredTraverserBase$Meta
instanceKlass java/util/Collections$UnmodifiableMap$UnmodifiableEntrySet$1
instanceKlass com/intellij/util/containers/TreeTraversal
instanceKlass sun/security/jgss/SunProvider$1
instanceKlass com/intellij/util/containers/FilteredTraverserBase
instanceKlass com/intellij/openapi/components/impl/stores/FileStorageCoreUtil
instanceKlass com/intellij/openapi/util/SimpleModificationTracker
instanceKlass sun/security/jca/ProviderConfig$ProviderLoader
instanceKlass com/intellij/diagnostic/DebugLogManager$Companion
instanceKlass sun/security/jca/ProviderConfig$3
instanceKlass com/intellij/diagnostic/DebugLogManager
instanceKlass kotlin/text/Charsets
instanceKlass com/intellij/configurationStore/DefaultStateSerializerKt
instanceKlass sun/security/rsa/SunRsaSignEntries
instanceKlass com/intellij/configurationStore/StorageBaseExKt$createStateGetter$1
instanceKlass com/intellij/util/io/DirectByteBufferAllocator$$Lambda$294
instanceKlass com/intellij/openapi/util/IconLoader$$Lambda$293
instanceKlass com/google/gson/stream/JsonReader
instanceKlass java/lang/invoke/LambdaForm$MH
instanceKlass com/github/benmanes/caffeine/cache/References$LookupKeyReference
instanceKlass com/intellij/util/ConcurrencyUtil$$Lambda$292
instanceKlass com/intellij/util/ui/UIUtil$$Lambda$291
instanceKlass com/intellij/util/containers/JBIterable
instanceKlass java/lang/invoke/LambdaForm$DMH
instanceKlass javax/imageio/stream/ImageOutputStream
instanceKlass com/intellij/openapi/util/IconLoader$$Lambda$290
instanceKlass java/util/concurrent/atomic/AtomicReferenceArray
instanceKlass javax/net/ssl/SSLContextSpi
instanceKlass javax/imageio/spi/DigraphNode
instanceKlass com/intellij/configurationStore/StateMap$Companion
instanceKlass com/intellij/openapi/util/RecursionManager$2
instanceKlass javax/imageio/stream/ImageInputStream
instanceKlass com/intellij/util/io/DirectByteBufferAllocator
instanceKlass com/intellij/configurationStore/StateMap
instanceKlass java/lang/WeakPairMap$$Lambda$289
instanceKlass com/intellij/util/io/DirectBufferWrapper$$Lambda$288
instanceKlass java/lang/Module$$Lambda$287
instanceKlass com/intellij/openapi/util/ThrowableComputable
instanceKlass com/intellij/icons/AllIcons$Ide
instanceKlass com/intellij/configurationStore/ComponentStoreImplKt$deprecatedComparator$1
instanceKlass com/intellij/openapi/util/Ref
instanceKlass com/google/gson/JsonElement
instanceKlass com/intellij/configurationStore/ComponentStoreImplKt
instanceKlass com/intellij/util/io/DirectBufferWrapper
instanceKlass com/intellij/util/ui/AnimatedIcon$2
instanceKlass javax/imageio/spi/SubRegistry
instanceKlass com/intellij/util/ui/update/UiNotifyConnector
instanceKlass java/lang/module/ModuleDescriptor$Builder$$Lambda$286
instanceKlass com/intellij/util/io/IOStatistics
instanceKlass java/util/Vector$Itr
instanceKlass com/google/gson/Gson
instanceKlass com/intellij/configurationStore/ApplicationStoreImplKt$appFileBasedStorageConfiguration$1
instanceKlass com/intellij/configurationStore/FileBasedStorageConfiguration
instanceKlass java/lang/module/ModuleDescriptor$Builder
instanceKlass com/intellij/util/io/PersistentEnumeratorBase$Version
instanceKlass com/intellij/configurationStore/ApplicationStoreImplKt
instanceKlass javax/imageio/spi/IIOServiceProvider
instanceKlass javax/imageio/spi/RegisterableService
instanceKlass com/intellij/openapi/util/Comparing
instanceKlass java/lang/reflect/Proxy$ProxyBuilder$$Lambda$285
instanceKlass com/intellij/configurationStore/StateGetterImpl
instanceKlass com/intellij/configurationStore/StateGetter
instanceKlass javax/imageio/spi/ServiceRegistry
instanceKlass java/util/concurrent/locks/ReentrantReadWriteLock$Sync$HoldCounter
instanceKlass com/intellij/configurationStore/StorageBaseExKt
instanceKlass jdk/internal/HotSpotIntrinsicCandidate
instanceKlass java/beans/BeanProperty
instanceKlass com/intellij/ide/ui/NotRoamableUiSettingsKt
instanceKlass com/sun/beans/WildcardTypeImpl
instanceKlass javax/imageio/ImageIO
instanceKlass com/intellij/configurationStore/StateStorageBase$Companion
instanceKlass com/sun/beans/introspect/PropertyInfo
instanceKlass com/sun/beans/introspect/EventSetInfo
instanceKlass com/intellij/configurationStore/StateStorageBase
instanceKlass java/util/regex/Pattern$CharPredicate$$Lambda$284
instanceKlass java/util/regex/CharPredicates$$Lambda$283
instanceKlass com/intellij/ui/JBColor$$Lambda$282
instanceKlass com/intellij/ui/JBColor$$Lambda$281
instanceKlass com/intellij/ui/DarculaColors
instanceKlass com/intellij/util/io/Page$$Lambda$280
instanceKlass com/intellij/util/containers/LimitedPool$ObjectFactory
instanceKlass com/intellij/util/ui/EmptyIcon$$Lambda$279
instanceKlass com/intellij/ui/JBColor$$Lambda$278
instanceKlass com/intellij/configurationStore/StorageVirtualFileTracker$TrackedStorage
instanceKlass com/intellij/util/NotNullProducer
instanceKlass com/intellij/util/Producer
instanceKlass com/intellij/util/containers/LimitedPool
instanceKlass com/intellij/util/io/URLUtil
instanceKlass java/lang/invoke/LambdaForm$MH
instanceKlass com/intellij/util/io/Page
instanceKlass com/intellij/util/containers/SoftKeySoftValueHashMap
instanceKlass java/lang/invoke/LambdaForm$DMH
instanceKlass com/intellij/util/ui/EmptyIcon$$Lambda$277
instanceKlass com/intellij/util/io/PersistentHashMapValueStorage$CreationTimeOptions
instanceKlass com/intellij/ide/ui/UITheme
instanceKlass java/lang/invoke/LambdaForm$DMH
instanceKlass kotlin/text/CharsKt__CharJVMKt
instanceKlass com/intellij/util/io/PagedFileStorageCache
instanceKlass java/lang/invoke/LambdaForm$DMH
instanceKlass java/lang/reflect/WildcardType
instanceKlass com/intellij/openapi/util/RecursionManager$$Lambda$276
instanceKlass com/intellij/util/io/StorageLockContext
instanceKlass com/intellij/openapi/util/RecursionManager$CalculationStack
instanceKlass sun/reflect/generics/tree/MethodTypeSignature
instanceKlass sun/reflect/generics/tree/Wildcard
instanceKlass sun/reflect/generics/tree/BottomSignature
instanceKlass com/intellij/openapi/util/io/FileUtilRt$3
instanceKlass it/unimi/dsi/fastutil/ints/Int2ObjectFunctions$SynchronizedFunction
instanceKlass com/intellij/openapi/util/io/FileUtilRt$2
instanceKlass com/intellij/openapi/components/StoredPropertyBase
instanceKlass com/intellij/openapi/components/StoredProperty
instanceKlass javax/swing/AbstractAction
instanceKlass com/intellij/ui/scale/Scaler
instanceKlass com/intellij/openapi/util/io/FileUtilRt$RepeatableIOOperation
instanceKlass com/intellij/util/ui/UIUtil$$Lambda$275
instanceKlass com/intellij/openapi/util/io/FileUtilRt
instanceKlass com/intellij/idea/SplashManager
instanceKlass com/intellij/openapi/components/ScalarProperty
instanceKlass org/jetbrains/integratedBinaryPacking/IntegratedBinaryPacking
instanceKlass it/unimi/dsi/fastutil/ints/Int2ObjectMaps
instanceKlass com/intellij/util/ReflectionUtil$$Lambda$273
instanceKlass com/intellij/util/io/PagedFileStorage$$Lambda$274
instanceKlass java/awt/SequencedEvent$2
instanceKlass javax/swing/event/DocumentListener
instanceKlass com/intellij/configurationStore/StorageCreator
instanceKlass java/awt/SequencedEvent$1
instanceKlass sun/awt/AWTAccessor$SequencedEventAccessor
instanceKlass javax/swing/Action
instanceKlass com/intellij/serialization/stateProperties/StatePropertyFactoryImpl
instanceKlass com/intellij/openapi/components/StateStorageChooserEx
instanceKlass com/intellij/ide/IdeEventQueue$SequencedEventNestedFieldHolder
instanceKlass javax/swing/text/Caret
instanceKlass com/intellij/idea/ApplicationLoader$executeInitAppInEdt$2
instanceKlass com/intellij/util/io/StorageLock
instanceKlass sun/reflect/generics/tree/TypeVariableSignature
instanceKlass com/intellij/idea/ApplicationLoader$startApp$9
instanceKlass javax/swing/JFormattedTextField$AbstractFormatterFactory
instanceKlass sun/reflect/generics/reflectiveObjects/ParameterizedTypeImpl
instanceKlass java/lang/reflect/ParameterizedType
instanceKlass com/intellij/idea/ApplicationLoader$startApp$8
instanceKlass com/intellij/idea/ApplicationLoader$startApp$7
instanceKlass com/intellij/ide/ui/UIThemeProvider
instanceKlass sun/reflect/generics/reflectiveObjects/LazyReflectiveObjectGenerator
instanceKlass com/intellij/openapi/util/RecursionGuard$StackStamp
instanceKlass com/intellij/util/io/PagedFileStorage
instanceKlass org/jetbrains/mvstore/Page$PageReference
instanceKlass com/intellij/openapi/components/StatePropertyFactory
instanceKlass com/intellij/util/containers/LockFreeCopyOnWriteArrayList$COWIterator
instanceKlass com/intellij/openapi/util/RecursionGuard
instanceKlass com/intellij/util/containers/DisposableWrapperList$DisposableWrapperListIterator
instanceKlass com/intellij/ide/ui/laf/LafManagerImpl$$Lambda$272
instanceKlass com/intellij/openapi/util/RecursionManager
instanceKlass javax/swing/JFormattedTextField$AbstractFormatter
instanceKlass com/intellij/ide/ui/LafManagerListener
instanceKlass javax/swing/event/UndoableEditListener
instanceKlass com/intellij/openapi/application/impl/LaterInvocator$$Lambda$271
instanceKlass com/intellij/ide/ui/LafManager$LafReference
instanceKlass com/intellij/openapi/components/BaseStateKt
instanceKlass com/intellij/util/net/ssl/CertificateManager$$Lambda$270
instanceKlass java/lang/reflect/TypeVariable
instanceKlass com/sun/beans/TypeResolver
instanceKlass com/intellij/ide/ui/AntialiasingType$$Lambda$269
instanceKlass com/intellij/util/net/ssl/CertificateManager$$Lambda$268
instanceKlass sun/reflect/generics/tree/ClassSignature
instanceKlass sun/reflect/generics/tree/Signature
instanceKlass com/intellij/ide/ui/AntialiasingType$$Lambda$267
instanceKlass java/beans/MethodRef
instanceKlass sun/reflect/generics/tree/FormalTypeParameter
instanceKlass com/intellij/util/io/ResizeableMappedFile
instanceKlass javax/net/ssl/SSLContext
instanceKlass com/intellij/ide/ui/AntialiasingType$$Lambda$266
instanceKlass com/intellij/util/net/ssl/CertificateManager$$Lambda$265
instanceKlass javax/swing/ScrollPaneConstants
instanceKlass org/jetbrains/mvstore/type/LongKeyManager
instanceKlass com/sun/beans/introspect/MethodInfo$MethodOrder
instanceKlass com/intellij/util/net/ssl/ClientOnlyTrustManager
instanceKlass javax/net/ssl/X509TrustManager
instanceKlass javax/net/ssl/TrustManager
instanceKlass com/intellij/util/BitUtil
instanceKlass sun/reflect/generics/repository/AbstractRepository
instanceKlass com/intellij/configurationStore/FileStorageAnnotation
instanceKlass com/intellij/configurationStore/ComponentSerializationUtil
instanceKlass com/intellij/openapi/util/ThreadLocalCachedValue
instanceKlass com/intellij/configurationStore/PersistenceStateAdapter
instanceKlass com/intellij/configurationStore/ProjectStoreBaseKt
instanceKlass com/intellij/configurationStore/StateStorageManagerImplKt
instanceKlass com/intellij/util/io/IOUtil
instanceKlass com/sun/beans/introspect/MethodInfo
instanceKlass com/intellij/codeWithMe/ClientIdServiceImpl
instanceKlass com/intellij/ui/AnimatedIcon$1
instanceKlass com/sun/beans/util/Cache$Ref
instanceKlass com/intellij/ui/AnimatedIcon$Frame
instanceKlass com/intellij/codeWithMe/ClientIdService$Companion
instanceKlass com/intellij/openapi/components/BaseState$Companion
instanceKlass com/sun/beans/util/Cache$CacheEntry
instanceKlass com/intellij/util/net/ssl/CertificateManager$Config
instanceKlass com/intellij/codeWithMe/ClientIdService
instanceKlass com/intellij/codeWithMe/ClientId$Companion$WhenMappings
instanceKlass com/intellij/util/io/IntToIntBtree
instanceKlass com/intellij/openapi/components/BaseState
instanceKlass com/sun/beans/util/Cache
instanceKlass com/intellij/util/containers/hash/LinkedHashMap$Entry
instanceKlass com/intellij/codeWithMe/ClientId$Companion
instanceKlass com/intellij/util/net/ssl/CertificateManager
instanceKlass com/sun/beans/introspect/ClassInfo
instanceKlass com/intellij/util/containers/hash/HashUtil
instanceKlass com/intellij/codeWithMe/ClientId
instanceKlass com/intellij/ui/RasterizedImageDataLoader
instanceKlass javax/swing/AbstractListModel
instanceKlass javax/swing/SwingContainer
instanceKlass java/beans/JavaBean
instanceKlass com/intellij/util/containers/hash/EqualityPolicy$2
instanceKlass com/intellij/util/ui/EditableModel
instanceKlass com/intellij/util/containers/hash/EqualityPolicy$1
instanceKlass com/intellij/util/ui/ItemRemovable
instanceKlass com/sun/beans/finder/ClassFinder
instanceKlass java/awt/event/MouseAdapter
instanceKlass javax/swing/ComboBoxModel
instanceKlass javax/swing/ListModel
instanceKlass javax/swing/event/MouseInputListener
instanceKlass java/beans/BeanInfo
instanceKlass java/beans/Introspector$1
instanceKlass com/intellij/openapi/util/JDOMExternalizable
instanceKlass jdk/internal/misc/JavaBeansAccess
instanceKlass com/intellij/configurationStore/ComponentInfo
instanceKlass java/beans/FeatureDescriptor
instanceKlass com/intellij/configurationStore/ComponentInfoKt
instanceKlass com/intellij/util/containers/SLRUMap
instanceKlass java/awt/event/WindowAdapter
instanceKlass com/intellij/openapi/keymap/impl/ModifierKeyDoubleClickHandler$$Lambda$264
instanceKlass com/sun/beans/WeakCache
instanceKlass javax/swing/PopupFactory
instanceKlass com/intellij/util/ConcurrencyUtil
instanceKlass com/intellij/openapi/application/impl/FlushQueue$RunnableInfo
instanceKlass com/intellij/util/ui/UIUtil
instanceKlass java/beans/Introspector
instanceKlass com/intellij/openapi/editor/colors/ColorKey
instanceKlass com/intellij/util/io/PersistentEnumeratorBase$RecordBufferHandler
instanceKlass com/intellij/util/io/IntToIntBtree$BtreeDataStorage
instanceKlass com/intellij/openapi/wm/impl/FocusManagerImpl$$Lambda$263
instanceKlass com/intellij/openapi/util/registry/RegistryValueListener
instanceKlass java/beans/WeakIdentityMap
instanceKlass com/intellij/openapi/wm/impl/FocusManagerImpl$AppListener
instanceKlass com/intellij/openapi/application/impl/ApplicationImpl$$Lambda$262
instanceKlass com/intellij/util/io/IntToIntBtree$KeyValueProcessor
instanceKlass com/intellij/openapi/application/ApplicationActivationListener
instanceKlass java/beans/ThreadGroupContext
instanceKlass com/intellij/ide/IdeTooltip$Ui
instanceKlass com/intellij/openapi/keymap/impl/ModifierKeyDoubleClickHandler$1
instanceKlass com/intellij/openapi/wm/impl/FocusManagerImpl$EdtAlarm
instanceKlass java/beans/Beans
instanceKlass com/intellij/ui/IconWithToolTip
instanceKlass com/intellij/openapi/wm/impl/WindowManagerImpl$2
instanceKlass com/intellij/openapi/application/TransactionGuardImpl$2
instanceKlass com/intellij/openapi/wm/impl/TitleInfoProvider$TitleInfoProviderListener
instanceKlass com/intellij/openapi/wm/impl/TitleInfoProvider$Companion
instanceKlass com/intellij/util/containers/RefValueHashMap$MyReference
instanceKlass com/intellij/openapi/application/impl/LaterInvocator$$Lambda$261
instanceKlass java/beans/ExceptionListener
instanceKlass com/intellij/openapi/wm/impl/TitleInfoProvider
instanceKlass com/intellij/util/io/PersistentEnumeratorBase$CacheKey
instanceKlass com/intellij/util/containers/ShareableKey
instanceKlass java/lang/invoke/LambdaForm$DMH
instanceKlass net/miginfocom/layout/LayoutUtil
instanceKlass com/intellij/util/containers/RefValueHashMap
instanceKlass com/intellij/util/io/keyStorage/AppendableObjectStorage
instanceKlass com/intellij/openapi/actionSystem/ex/AnActionListener
instanceKlass com/intellij/openapi/application/impl/LaterInvocator$$Lambda$260
instanceKlass com/intellij/icons/AllIcons
instanceKlass com/intellij/icons/AllIcons$Process
instanceKlass com/intellij/openapi/keymap/impl/ModifierKeyDoubleClickHandler$MyDispatcher
instanceKlass com/intellij/util/io/PersistentEnumeratorBase$RecordsProcessor
instanceKlass com/intellij/util/Processor
instanceKlass com/intellij/openapi/wm/impl/WindowManagerImpl$1
instanceKlass com/intellij/openapi/application/impl/FlushQueue
instanceKlass java/awt/event/ComponentAdapter
instanceKlass com/intellij/util/io/DifferentSerializableBytesImplyNonEqualityPolicy
instanceKlass com/intellij/util/io/EnumeratorStringDescriptor
instanceKlass com/intellij/util/io/KeyDescriptor
instanceKlass com/intellij/util/io/DataExternalizer
instanceKlass com/intellij/ui/AnimatedIcon
instanceKlass com/intellij/openapi/application/ModalityStateListener
instanceKlass com/intellij/openapi/wm/impl/FrameInfoHelper$Companion
instanceKlass com/intellij/util/containers/hash/EqualityPolicy
instanceKlass com/intellij/openapi/wm/impl/FrameInfoHelper
instanceKlass com/intellij/openapi/application/impl/LaterInvocator
instanceKlass com/intellij/openapi/wm/impl/DesktopLayout$Companion
instanceKlass java/beans/PersistenceDelegate
instanceKlass com/intellij/openapi/components/StateSplitterEx
instanceKlass com/intellij/openapi/components/StateSplitter
instanceKlass com/intellij/openapi/wm/impl/DesktopLayout
instanceKlass it/unimi/dsi/fastutil/ints/Int2IntMap$FastEntrySet
instanceKlass net/miginfocom/layout/UnitValue
instanceKlass com/intellij/openapi/components/StateStorage
instanceKlass com/intellij/util/io/PersistentEnumeratorBase
instanceKlass com/intellij/openapi/components/Service
instanceKlass com/intellij/serviceContainer/ComponentManagerImpl$getDisposed$1
instanceKlass com/intellij/ide/ui/UISettings$Companion
instanceKlass com/intellij/idea/ApplicationLoader$startApp$6$loadComponentInEdtFuture$1
instanceKlass com/intellij/util/io/PersistentEnumerator
instanceKlass com/intellij/idea/ApplicationLoader$startApp$6
instanceKlass it/unimi/dsi/fastutil/ints/AbstractInt2IntFunction
instanceKlass com/intellij/util/io/AbstractStringEnumerator
instanceKlass com/intellij/openapi/Forceable
instanceKlass com/intellij/idea/ApplicationLoader$startApp$edtExecutor$1
instanceKlass javax/swing/plaf/metal/MetalTheme
instanceKlass com/intellij/util/ui/Animator
instanceKlass com/intellij/openapi/components/State$NameGetter
instanceKlass com/intellij/openapi/wm/impl/WindowWatcher
instanceKlass sun/reflect/annotation/AnnotationParser$$Lambda$259
instanceKlass javax/swing/ListCellRenderer
instanceKlass net/miginfocom/layout/PlatformDefaults
instanceKlass com/intellij/serviceContainer/NonInjectable
instanceKlass javax/swing/text/EditorKit
instanceKlass com/intellij/openapi/components/Storage
instanceKlass com/intellij/ide/ui/NotRoamableUiSettings
instanceKlass com/intellij/openapi/components/State
instanceKlass com/intellij/openapi/wm/WindowManager
instanceKlass com/intellij/ide/ui/LafManager
instanceKlass com/intellij/ide/ui/UISettings
instanceKlass com/intellij/idea/ApplicationLoader$startApp$5
instanceKlass com/intellij/idea/ApplicationLoader$startApp$4
instanceKlass com/intellij/openapi/wm/IdeFocusManager
instanceKlass com/intellij/psi/stubs/StubSerializerEnumerator
instanceKlass com/intellij/openapi/wm/FocusRequestor
instanceKlass com/intellij/idea/ApplicationLoader$preloadServices$1$1
instanceKlass com/intellij/configurationStore/StoreUtilKt
instanceKlass com/intellij/configurationStore/SettingsSavingComponent
instanceKlass java/awt/AWTEventMulticaster
instanceKlass com/intellij/openapi/components/SettingsSavingComponent
instanceKlass java/awt/event/MouseWheelListener
instanceKlass com/intellij/util/indexing/FileBasedIndex
instanceKlass java/awt/event/HierarchyBoundsListener
instanceKlass java/awt/event/HierarchyListener
instanceKlass com/intellij/serviceContainer/ComponentManagerImpl$ServicePreloadingResult
instanceKlass java/awt/event/InputMethodListener
instanceKlass java/awt/event/TextListener
instanceKlass java/awt/event/AdjustmentListener
instanceKlass java/awt/event/ItemListener
instanceKlass java/awt/event/WindowStateListener
instanceKlass java/awt/event/WindowFocusListener
instanceKlass java/awt/event/KeyListener
instanceKlass com/intellij/application/options/RegistryManagerImpl
instanceKlass com/intellij/application/options/RegistryManager
instanceKlass java/awt/event/MouseMotionListener
instanceKlass java/awt/event/MouseListener
instanceKlass java/awt/event/FocusListener
instanceKlass com/intellij/diagnostic/PerformanceWatcher
instanceKlass com/intellij/ide/IdeTooltipManager
instanceKlass com/intellij/openapi/components/PersistentStateComponentWithModificationTracker
instanceKlass com/intellij/openapi/components/PersistentStateComponent
instanceKlass kotlin/Pair
instanceKlass it/unimi/dsi/fastutil/ints/Int2IntMap
instanceKlass it/unimi/dsi/fastutil/ints/Int2IntFunction
instanceKlass java/awt/event/ContainerListener
instanceKlass com/intellij/psi/stubs/ObjectStubSerializer
instanceKlass com/intellij/util/io/DataEnumeratorEx
instanceKlass com/intellij/util/io/DataEnumerator
instanceKlass java/awt/Toolkit$SelectiveAWTEventListener
instanceKlass com/intellij/psi/stubs/SerializationManagerEx
instanceKlass com/intellij/psi/stubs/StubTreeSerializer
instanceKlass com/intellij/openapi/wm/WeakFocusStackManager$1
instanceKlass com/intellij/openapi/keymap/impl/ModifierKeyDoubleClickHandler
instanceKlass com/intellij/openapi/wm/WeakFocusStackManager
instanceKlass com/intellij/serviceContainer/ComponentManagerImpl$preloadServices$future$1
instanceKlass com/intellij/serviceContainer/ComponentManagerImpl$WhenMappings
instanceKlass com/intellij/idea/ApplicationLoader$startApp$preloadSyncServiceFuture$1
instanceKlass com/intellij/idea/ApplicationLoader$startApp$nonEdtExecutor$1
instanceKlass com/intellij/idea/ApplicationLoader$registerRegistryAndInitStore$1$1
instanceKlass com/intellij/openapi/application/PathManagerEx
instanceKlass com/intellij/configurationStore/Macro
instanceKlass com/google/common/base/Preconditions
instanceKlass com/android/ProgressManagerAdapter
instanceKlass com/android/utils/ILogger
instanceKlass com/intellij/analytics/AndroidStudioAnalytics
instanceKlass com/android/tools/idea/startup/AndroidPluginInitializer
instanceKlass org/jetbrains/settingsRepository/IcsManager$beforeApplicationLoaded$2
instanceKlass com/intellij/openapi/project/ProjectManagerListener
instanceKlass com/intellij/openapi/project/ProjectManager
instanceKlass org/jetbrains/settingsRepository/IcsManager$beforeApplicationLoaded$1
instanceKlass com/intellij/ide/AppLifecycleListener
instanceKlass com/intellij/configurationStore/StateStorageManager$DefaultImpls
instanceKlass org/jetbrains/settingsRepository/IcsManager$IcsStreamProvider
instanceKlass com/intellij/configurationStore/CompoundStreamProvider
instanceKlass com/intellij/configurationStore/StreamProvider
instanceKlass com/intellij/configurationStore/StorageVirtualFileTracker
instanceKlass com/intellij/configurationStore/TrackingPathMacroSubstitutorImpl
instanceKlass com/intellij/openapi/util/registry/RegistryKeyBean$Companion$addKeysFromPlugins$4
instanceKlass com/intellij/openapi/components/TrackingPathMacroSubstitutor
instanceKlass com/intellij/configurationStore/TrackingPathMacroSubstitutorImplKt
instanceKlass com/intellij/util/messages/Topic
instanceKlass com/intellij/ide/plugins/DynamicPluginListener$Companion
instanceKlass com/intellij/openapi/application/PathMacroFilter
instanceKlass com/intellij/ide/plugins/DynamicPluginListener
instanceKlass com/intellij/configurationStore/StateStorageManagerImpl$Companion
instanceKlass com/intellij/util/messages/impl/BaseBusConnection
instanceKlass com/intellij/util/messages/impl/MessageBusImpl$MessageHandlerHolder
instanceKlass com/intellij/configurationStore/StateStorageManagerImpl
instanceKlass com/intellij/configurationStore/StateStorageManager
instanceKlass com/intellij/openapi/util/registry/RegistryKeyBean$Companion$addKeysFromPlugins$3
instanceKlass com/intellij/openapi/util/registry/RegistryKeyBean$Companion$addKeysFromPlugins$2
instanceKlass com/intellij/openapi/extensions/ExtensionPointPriorityListener
instanceKlass com/intellij/openapi/util/registry/Registry
instanceKlass com/intellij/util/concurrency/Sentinel
instanceKlass com/intellij/util/concurrency/SynchronizedClearableLazy
instanceKlass com/intellij/configurationStore/ComponentStoreImpl
instanceKlass com/intellij/project/ProjectStoreOwner
instanceKlass com/intellij/openapi/components/ServiceKt
instanceKlass org/jetbrains/settingsRepository/SyncManager
instanceKlass org/jetbrains/settingsRepository/AutoSyncManager
instanceKlass com/intellij/util/SingleAlarmKt$WhenMappings
instanceKlass com/intellij/util/SingleAlarmKt
instanceKlass org/jetbrains/settingsRepository/IcsManager$commitAlarm$1
instanceKlass org/jetbrains/settingsRepository/git/GitRepositoryService
instanceKlass org/jetbrains/settingsRepository/RepositoryService
instanceKlass org/jetbrains/settingsRepository/IcsSettings
instanceKlass kotlin/collections/ArraysUtilJVM
instanceKlass com/intellij/util/io/PathKt
instanceKlass org/jetbrains/settingsRepository/IcsSettingsKt
instanceKlass com/intellij/openapi/util/ClearableLazyValue
instanceKlass org/jetbrains/settingsRepository/ReadOnlySourceManager
instanceKlass kotlin/coroutines/Continuation
instanceKlass org/jetbrains/settingsRepository/BaseRepositoryManager
instanceKlass org/jetbrains/settingsRepository/RepositoryManager
instanceKlass org/jetbrains/settingsRepository/git/GitRepositoryClient
instanceKlass kotlin/SynchronizedLazyImpl
instanceKlass org/jetbrains/settingsRepository/IcsManager
instanceKlass com/intellij/openapi/util/registry/RegistryKeyDescriptor
instanceKlass com/intellij/util/xmlb/AccessorBindingWrapper
instanceKlass com/intellij/util/xmlb/MultiNodeBinding
instanceKlass kotlin/properties/NotNullVar
instanceKlass kotlin/properties/ReadWriteProperty
instanceKlass kotlin/properties/ReadOnlyProperty
instanceKlass kotlin/properties/Delegates
instanceKlass com/intellij/serialization/ClassUtil
instanceKlass kotlin/UNINITIALIZED_VALUE
instanceKlass kotlin/SafePublicationLazyImpl$Companion
instanceKlass kotlin/SafePublicationLazyImpl
instanceKlass kotlin/Lazy
instanceKlass com/intellij/util/xmlb/BasePrimitiveBinding
instanceKlass kotlin/LazyKt$WhenMappings
instanceKlass kotlin/LazyKt__LazyJVMKt
instanceKlass com/intellij/util/xmlb/annotations/AbstractCollection
instanceKlass com/intellij/util/xmlb/annotations/XCollection
instanceKlass com/intellij/util/xmlb/annotations/XMap
instanceKlass com/intellij/util/xmlb/annotations/MapAnnotation
instanceKlass com/intellij/util/xmlb/annotations/CollectionBean
instanceKlass com/intellij/util/xmlb/annotations/Text
instanceKlass com/intellij/util/xmlb/annotations/Transient
instanceKlass com/intellij/serialization/FieldAccessor
instanceKlass com/intellij/serialization/MutableAccessor
instanceKlass kotlin/reflect/jvm/internal/pcollections/MapEntry
instanceKlass kotlin/reflect/jvm/internal/ReflectProperties$Val$1
instanceKlass kotlin/reflect/jvm/internal/ReflectProperties$Val
instanceKlass kotlin/reflect/jvm/internal/ReflectProperties
instanceKlass kotlin/jvm/internal/Lambda
instanceKlass kotlin/jvm/internal/DefaultConstructorMarker
instanceKlass kotlin/reflect/jvm/internal/KDeclarationContainerImpl$Companion
instanceKlass com/intellij/openapi/extensions/RequiredElement
instanceKlass kotlin/reflect/jvm/internal/KClassifierImpl
instanceKlass kotlin/reflect/jvm/internal/pcollections/ConsPStack
instanceKlass com/intellij/util/xmlb/Converter
instanceKlass kotlin/reflect/jvm/internal/pcollections/IntTree
instanceKlass com/intellij/util/xmlb/annotations/Attribute
instanceKlass kotlin/reflect/jvm/internal/pcollections/IntTreePMap
instanceKlass com/intellij/util/xmlb/annotations/OptionTag
instanceKlass kotlin/reflect/jvm/internal/pcollections/HashPMap
instanceKlass kotlin/reflect/jvm/internal/KClassCacheKt
instanceKlass com/intellij/serialization/PropertyCollector$NameAndIsSetter
instanceKlass kotlin/reflect/jvm/internal/KPropertyImpl$Companion
instanceKlass com/intellij/util/xmlb/annotations/Property
instanceKlass kotlin/reflect/jvm/internal/KCallableImpl
instanceKlass kotlin/reflect/jvm/internal/KTypeParameterOwnerImpl
instanceKlass kotlin/reflect/jvm/internal/KDeclarationContainerImpl
instanceKlass kotlin/jvm/internal/ClassBasedDeclarationContainer
instanceKlass kotlin/annotation/Target
instanceKlass kotlin/annotation/Retention
instanceKlass kotlin/Metadata
instanceKlass com/intellij/util/xmlb/annotations/Tag
instanceKlass kotlin/reflect/KTypeParameter
instanceKlass kotlin/reflect/KType
instanceKlass kotlin/reflect/KMutableProperty2
instanceKlass kotlin/reflect/KProperty2
instanceKlass kotlin/jvm/functions/Function2
instanceKlass kotlin/reflect/KMutableProperty0
instanceKlass kotlin/reflect/KProperty0
instanceKlass kotlin/jvm/functions/Function0
instanceKlass com/intellij/serialization/PropertyCollector
instanceKlass kotlin/jvm/internal/FunctionBase
instanceKlass kotlin/reflect/KClass
instanceKlass kotlin/jvm/internal/ReflectionFactory
instanceKlass com/intellij/serialization/PropertyCollector$Configuration
instanceKlass com/intellij/util/xmlb/NestedBinding
instanceKlass it/unimi/dsi/fastutil/objects/Object2FloatMap
instanceKlass kotlin/reflect/KClassifier
instanceKlass kotlin/jvm/internal/Reflection
instanceKlass it/unimi/dsi/fastutil/objects/Object2FloatFunction
instanceKlass java/util/function/ToDoubleFunction
instanceKlass kotlin/jvm/internal/CallableReference$NoReceiver
instanceKlass kotlin/reflect/KMutableProperty$Setter
instanceKlass kotlin/reflect/KProperty$Getter
instanceKlass kotlin/reflect/KFunction
instanceKlass kotlin/reflect/KProperty$Accessor
instanceKlass kotlin/reflect/KDeclarationContainer
instanceKlass com/intellij/util/xmlb/Accessor
instanceKlass com/intellij/util/xmlb/NotNullDeserializeBinding
instanceKlass kotlin/jvm/internal/CallableReference
instanceKlass kotlin/reflect/KMutableProperty1
instanceKlass com/intellij/util/xmlb/Binding
instanceKlass kotlin/reflect/KMutableProperty
instanceKlass kotlin/reflect/KProperty1
instanceKlass kotlin/jvm/functions/Function1
instanceKlass kotlin/Function
instanceKlass com/intellij/util/xmlb/XmlSerializerImpl$XmlSerializerBase
instanceKlass com/intellij/util/xmlb/Serializer
instanceKlass kotlin/reflect/KProperty
instanceKlass kotlin/reflect/KCallable
instanceKlass kotlin/reflect/KAnnotatedElement
instanceKlass com/intellij/util/xmlb/XmlSerializerImpl
instanceKlass com/intellij/util/xmlb/XmlSerializer$1
instanceKlass org/jetbrains/settingsRepository/IcsApplicationLoadListener
instanceKlass com/intellij/util/xmlb/SerializationFilter
instanceKlass com/intellij/util/xmlb/XmlSerializer
instanceKlass kotlin/text/Regex$Companion
instanceKlass kotlin/text/Regex
instanceKlass com/intellij/openapi/util/registry/RegistryExtensionCollectorKt
instanceKlass com/intellij/openapi/util/registry/RegistryKeyBean$Companion
instanceKlass com/intellij/openapi/util/registry/RegistryKeyBean
instanceKlass com/intellij/ide/ApplicationLoadListener
instanceKlass com/intellij/idea/ApplicationLoader$registerRegistryAndInitStore$1$future$1
instanceKlass com/intellij/idea/ApplicationLoader$registerRegistryAndInitStore$1
instanceKlass com/intellij/formatting/commandLine/FormatterStarter
instanceKlass com/intellij/ide/ui/search/TraverseUIStarter
instanceKlass com/intellij/internal/statistic/eventLog/events/EventsSchemeBuilderAppStarter
instanceKlass com/intellij/ide/plugins/HeadlessPluginsInstaller
instanceKlass kotlin/collections/EmptyList
instanceKlass kotlin/jvm/internal/markers/KMappedMarker
instanceKlass com/intellij/idea/IdeStarter$Companion
instanceKlass com/intellij/idea/IdeStarter
instanceKlass com/intellij/ide/plugins/BundledPluginsLister
instanceKlass com/intellij/help/impl/ShowProductVersion
instanceKlass com/intellij/help/impl/InspectionDump
instanceKlass javax/xml/transform/Source
instanceKlass javax/xml/transform/Result
instanceKlass org/w3c/dom/Node
instanceKlass com/intellij/help/impl/IntentionDump
instanceKlass com/intellij/help/impl/KeymapGenerator
instanceKlass com/intellij/openapi/command/impl/UpdatePluginsApp
instanceKlass com/intellij/diff/merge/MergeRequestProducer
instanceKlass com/intellij/diff/chains/DiffRequestChain
instanceKlass com/intellij/diff/chains/DiffRequestProducer
instanceKlass com/intellij/openapi/util/ModificationTracker
instanceKlass com/intellij/openapi/fileTypes/FileType
instanceKlass com/intellij/openapi/options/Scheme
instanceKlass com/intellij/openapi/application/ApplicationStarterBase
instanceKlass com/intellij/openapi/extensions/PluginAware
instanceKlass com/intellij/codeInspection/InspectionApplicationBase
instanceKlass com/intellij/ide/CommandLineInspectionProgressReporter
instanceKlass com/intellij/serviceContainer/ContainerUtilKt
instanceKlass com/intellij/codeInspection/InspectionMain
instanceKlass com/intellij/openapi/extensions/impl/ExtensionPointImpl$1
instanceKlass com/intellij/openapi/application/ApplicationStarter
instanceKlass kotlin/collections/CollectionsKt__CollectionsJVMKt
instanceKlass com/intellij/idea/ApplicationLoader$executeInitAppInEdt$1
instanceKlass com/intellij/serviceContainer/ComponentManagerImpl$getOrCreateMessageBusUnderLock$1
instanceKlass com/intellij/util/messages/impl/MessageDeliveryListener
instanceKlass com/intellij/util/messages/impl/MessageBusImpl$RootBus$$Lambda$258
instanceKlass com/intellij/util/messages/impl/MessageBusImpl$$Lambda$257
instanceKlass com/intellij/util/messages/impl/JobQueue
instanceKlass com/intellij/util/messages/MessageBusConnection
instanceKlass com/intellij/util/messages/impl/MessageBusImpl$MessagePublisher
instanceKlass com/intellij/util/messages/SimpleMessageBusConnection
instanceKlass com/intellij/util/messages/impl/MessageBusImpl
instanceKlass com/intellij/util/messages/impl/MessageBusEx
instanceKlass com/intellij/openapi/components/impl/stores/IComponentStore
instanceKlass com/intellij/openapi/components/PathMacroManager
instanceKlass com/intellij/openapi/components/PathMacroSubstitutor
instanceKlass kotlin/collections/ArraysKt__ArraysJVMKt
instanceKlass com/intellij/util/messages/MessageBus
instanceKlass com/intellij/serviceContainer/ConstructorInjectionKt$constructorComparator$1
instanceKlass com/intellij/serviceContainer/ConstructorInjectionKt
instanceKlass com/intellij/serviceContainer/ServiceComponentAdapterKt
instanceKlass com/intellij/serviceContainer/ComponentManagerImplKt
instanceKlass com/intellij/openapi/progress/ProgressIndicatorProvider
instanceKlass com/intellij/util/messages/MessageBusFactory
instanceKlass kotlin/jvm/internal/Ref$ObjectRef
instanceKlass com/intellij/ide/plugins/IdeaPluginDescriptorImpl$$Lambda$256
instanceKlass com/intellij/openapi/extensions/impl/InterfaceExtensionImplementationClassResolver
instanceKlass com/intellij/openapi/extensions/LoadingOrder
instanceKlass com/android/layoutlib/NativeCrashHandling
instanceKlass com/intellij/openapi/project/DumbAware
instanceKlass com/intellij/openapi/actionSystem/AnAction
instanceKlass com/intellij/ui/RetrievableIcon
instanceKlass com/intellij/openapi/project/PossiblyDumbAware
instanceKlass com/android/tools/idea/memorysettings/AndroidLowMemoryNotifier
instanceKlass com/android/tools/idea/stats/LowMemoryReporter
instanceKlass java/lang/invoke/LambdaForm$MH
instanceKlass java/lang/invoke/LambdaForm$DMH
instanceKlass java/lang/invoke/LambdaForm$DMH
instanceKlass com/github/benmanes/caffeine/cache/BoundedLocalCache$$Lambda$255
instanceKlass java/lang/invoke/LambdaForm$DMH
instanceKlass com/intellij/ui/svg/ImageValue
instanceKlass org/jetbrains/mvstore/type/ContiguousByteArrayKeyManager
instanceKlass jdk/internal/math/FDBigInteger
instanceKlass java/lang/invoke/LambdaForm$MH
instanceKlass java/lang/invoke/LambdaForm$BMH
instanceKlass java/lang/invoke/LambdaForm$DMH
instanceKlass java/lang/invoke/LambdaForm$MH
instanceKlass java/lang/invoke/LambdaForm$MH
instanceKlass java/lang/invoke/LambdaForm$MH
instanceKlass java/lang/invoke/LambdaForm$MH
instanceKlass java/lang/invoke/LambdaForm$MH
instanceKlass java/lang/invoke/LambdaForm$MH
instanceKlass java/lang/invoke/LambdaForm$MH
instanceKlass java/lang/invoke/LambdaForm$MH
instanceKlass java/lang/invoke/LambdaForm$MH
instanceKlass java/lang/invoke/LambdaForm$MH
instanceKlass java/lang/invoke/LambdaForm$MH
instanceKlass java/lang/invoke/LambdaForm$MH
instanceKlass java/lang/invoke/LambdaForm$MH
instanceKlass java/lang/invoke/LambdaForm$DMH
instanceKlass java/lang/invoke/LambdaForm$DMH
instanceKlass com/intellij/ui/svg/SvgCacheManager$$Lambda$254
instanceKlass java/lang/invoke/LambdaForm$DMH
instanceKlass net/jpountz/xxhash/StreamingXXHash64
instanceKlass net/jpountz/xxhash/StreamingXXHash64JavaUnsafe$Factory
instanceKlass net/jpountz/xxhash/StreamingXXHash64$Factory
instanceKlass net/jpountz/xxhash/XXHash64
instanceKlass net/jpountz/xxhash/StreamingXXHash32
instanceKlass net/jpountz/xxhash/StreamingXXHash32JavaUnsafe$Factory
instanceKlass net/jpountz/xxhash/StreamingXXHash32$Factory
instanceKlass net/jpountz/xxhash/XXHash32
instanceKlass net/jpountz/xxhash/XXHashFactory
instanceKlass org/jetbrains/mvstore/type/FixedByteArrayDataType
instanceKlass org/roaringbitmap/buffer/MappeableContainer
instanceKlass org/roaringbitmap/PeekableCharRankIterator
instanceKlass org/roaringbitmap/PeekableCharIterator
instanceKlass org/roaringbitmap/CharIterator
instanceKlass org/roaringbitmap/ContainerBatchIterator
instanceKlass com/google/gct/idea/debugger/DebuggerInitializationComponent
instanceKlass com/intellij/openapi/components/ApplicationComponent
instanceKlass com/intellij/openapi/components/BaseComponent
instanceKlass com/intellij/openapi/components/NamedComponent
instanceKlass org/roaringbitmap/ContainerPointer
instanceKlass org/roaringbitmap/RoaringArray
instanceKlass org/roaringbitmap/BatchIterator
instanceKlass org/roaringbitmap/PeekableIntIterator
instanceKlass org/roaringbitmap/Container
instanceKlass org/roaringbitmap/WordStorage
instanceKlass org/roaringbitmap/IntIterator
instanceKlass org/roaringbitmap/RoaringBitmap
instanceKlass org/roaringbitmap/AppendableStorage
instanceKlass org/roaringbitmap/BitmapDataProvider
instanceKlass org/roaringbitmap/ImmutableBitmapDataProvider
instanceKlass io/netty/buffer/HeapByteBufUtil
instanceKlass io/netty/buffer/UnpooledByteBufAllocator$UnpooledByteBufAllocatorMetric
instanceKlass io/netty/buffer/Unpooled
instanceKlass org/jetbrains/mvstore/MVStore$$Lambda$253
instanceKlass net/jpountz/lz4/LZ4Utils$Match
instanceKlass net/jpountz/lz4/LZ4HCJavaUnsafeCompressor$HashTable
instanceKlass net/jpountz/lz4/LZ4SafeDecompressor
instanceKlass net/jpountz/lz4/LZ4FastDecompressor
instanceKlass net/jpountz/lz4/LZ4Compressor
instanceKlass net/jpountz/lz4/LZ4Decompressor
instanceKlass net/jpountz/lz4/LZ4UnknownSizeDecompressor
instanceKlass net/jpountz/lz4/LZ4Factory
instanceKlass com/intellij/ui/svg/SvgCacheManager$$Lambda$252
instanceKlass com/intellij/ui/svg/SvgCacheManager$StoreErrorHandler
instanceKlass com/intellij/ui/svg/SvgCacheManager
instanceKlass com/intellij/ui/svg/ImageValue$ImageValueSerializer
instanceKlass org/jetbrains/mvstore/MVMap$BasicBuilder
instanceKlass org/jetbrains/mvstore/MapMetadata
instanceKlass io/netty/util/AsciiString$2
instanceKlass io/netty/util/AsciiString$1
instanceKlass io/netty/util/HashingStrategy
instanceKlass io/netty/util/AsciiString$CharEqualityComparator
instanceKlass org/jetbrains/mvstore/MapMetadata$MapMetadataSerializer
instanceKlass org/jetbrains/mvstore/type/AsciiStringDataType
instanceKlass org/jetbrains/mvstore/CursorPos
instanceKlass org/jetbrains/mvstore/Cursor
instanceKlass java/lang/invoke/LambdaForm$MH
instanceKlass java/lang/invoke/LambdaForm$MH
instanceKlass java/lang/invoke/LambdaForm$MH
instanceKlass java/lang/invoke/LambdaForm$MH
instanceKlass java/lang/invoke/LambdaForm$MH
instanceKlass java/lang/invoke/LambdaForm$MH
instanceKlass java/lang/invoke/LambdaForm$MH
instanceKlass java/lang/invoke/LambdaForm$MH
instanceKlass java/lang/invoke/LambdaForm$MH
instanceKlass java/lang/invoke/LambdaForm$MH
instanceKlass java/lang/invoke/LambdaForm$MH
instanceKlass java/lang/invoke/LambdaForm$MH
instanceKlass java/lang/invoke/LambdaForm$MH
instanceKlass java/lang/invoke/LambdaForm$MH
instanceKlass java/lang/invoke/LambdaForm$MH
instanceKlass java/lang/invoke/LambdaForm$MH
instanceKlass com/intellij/concurrency/IdeaForkJoinWorkerThreadFactory$$Lambda$251
instanceKlass com/github/benmanes/caffeine/cache/UnsafeRefArrayAccess
instanceKlass com/github/benmanes/caffeine/cache/BoundedLocalCache$AddTask
instanceKlass io/netty/buffer/PoolArena$1
instanceKlass io/netty/buffer/PoolThreadCache$1
instanceKlass org/jetbrains/integratedBinaryPacking/LongBitPacker
instanceKlass org/jetbrains/integratedBinaryPacking/IntBitPacker
instanceKlass java/lang/invoke/LambdaForm$MH
instanceKlass java/lang/invoke/LambdaForm$DMH
instanceKlass com/github/benmanes/caffeine/cache/BoundedLocalCache$$Lambda$250
instanceKlass java/lang/invoke/LambdaForm$DMH
instanceKlass com/github/benmanes/caffeine/cache/Ticker
instanceKlass org/jetbrains/mvstore/MVStore$$Lambda$249
instanceKlass org/jetbrains/mvstore/MVStore$$Lambda$248
instanceKlass java/util/Collections$ReverseComparator2
instanceKlass java/util/Collections$ReverseComparator
instanceKlass it/unimi/dsi/fastutil/longs/Long2ObjectMap$FastEntrySet
instanceKlass it/unimi/dsi/fastutil/longs/LongSet
instanceKlass it/unimi/dsi/fastutil/longs/LongCollection
instanceKlass it/unimi/dsi/fastutil/longs/LongIterable
instanceKlass it/unimi/dsi/fastutil/longs/AbstractLong2ObjectFunction
instanceKlass org/jetbrains/mvstore/MVStore$$Lambda$247
instanceKlass org/jetbrains/mvstore/Chunk
instanceKlass io/netty/buffer/UnsafeByteBufUtil
instanceKlass org/jetbrains/mvstore/DataUtil
instanceKlass io/netty/buffer/AbstractByteBufAllocator$1
instanceKlass io/netty/buffer/LongLongHashMap
instanceKlass io/netty/buffer/LongPriorityQueue
instanceKlass io/netty/buffer/PoolChunk
instanceKlass io/netty/buffer/PoolChunkMetric
instanceKlass io/netty/util/Recycler$DefaultHandle
instanceKlass io/netty/util/Recycler$Stack
instanceKlass io/netty/util/internal/MathUtil
instanceKlass io/netty/util/Recycler$1
instanceKlass io/netty/util/Recycler$Handle
instanceKlass io/netty/util/internal/ObjectPool$Handle
instanceKlass io/netty/util/Recycler
instanceKlass io/netty/util/internal/ObjectPool
instanceKlass io/netty/buffer/PooledUnsafeDirectByteBuf$1
instanceKlass io/netty/util/ResourceLeakDetectorFactory
instanceKlass io/netty/util/internal/ObjectPool$ObjectCreator
instanceKlass io/netty/util/internal/ReferenceCountUpdater
instanceKlass org/jetbrains/mvstore/type/ByteArrayDataType
instanceKlass org/jetbrains/mvstore/RootReference
instanceKlass org/jetbrains/mvstore/ObjectKeyManager
instanceKlass org/jetbrains/mvstore/type/IntKeyManager
instanceKlass org/jetbrains/mvstore/type/LongDataType
instanceKlass org/jetbrains/mvstore/type/IntDataType
instanceKlass org/jetbrains/mvstore/KeyManager
instanceKlass org/jetbrains/mvstore/MVMap$DecisionMaker
instanceKlass org/jetbrains/mvstore/MVStore$$Lambda$246
instanceKlass com/github/benmanes/caffeine/cache/LinkedDeque$PeekingIterator
instanceKlass com/github/benmanes/caffeine/cache/FrequencySketch
instanceKlass com/github/benmanes/caffeine/cache/BoundedLocalCache$$Lambda$245
instanceKlass com/github/benmanes/caffeine/cache/BoundedWeigher
instanceKlass org/jetbrains/mvstore/MVStore$$Lambda$244
instanceKlass org/jetbrains/mvstore/MVStore$TxCounter
instanceKlass org/jetbrains/mvstore/MVStore$StoreHeader
instanceKlass com/jetbrains/cidr/lang/OCLanguageSetup
instanceKlass java/util/BitSet
instanceKlass org/jetbrains/mvstore/FreeSpaceBitSet
instanceKlass org/jetbrains/mvstore/FileStore
instanceKlass org/jetbrains/mvstore/Page
instanceKlass it/unimi/dsi/fastutil/longs/Long2ObjectMap
instanceKlass it/unimi/dsi/fastutil/longs/Long2ObjectFunction
instanceKlass com/intellij/serviceContainer/ComponentManagerImpl$registerComponents$3$1$1
instanceKlass java/util/function/LongFunction
instanceKlass com/intellij/openapi/extensions/BaseExtensionPointName
instanceKlass com/android/tools/idea/AndroidInitialConfigurator
instanceKlass com/intellij/ui/svg/SvgPrebuiltCacheManager$$Lambda$243
instanceKlass com/intellij/openapi/command/undo/UndoManager
instanceKlass org/jetbrains/mvstore/MVStore
instanceKlass com/intellij/idea/ApplicationLoader$registerAppComponents$1
instanceKlass com/intellij/openapi/application/impl/NoSwingUnderWriteAction$1
instanceKlass com/intellij/util/SmartList$$Lambda$242
instanceKlass com/intellij/ide/IdeEventQueue$$Lambda$241
instanceKlass com/intellij/openapi/application/impl/NoSwingUnderWriteAction$$Lambda$240
instanceKlass com/intellij/openapi/application/impl/NoSwingUnderWriteAction
instanceKlass com/intellij/diagnostic/EventWatcher$InstanceHolder
instanceKlass org/jetbrains/mvstore/MVStore$Builder
instanceKlass com/intellij/diagnostic/EventWatcher
instanceKlass org/jetbrains/mvstore/type/KeyableDataType
instanceKlass org/jetbrains/mvstore/type/DataType
instanceKlass com/intellij/openapi/application/impl/ApplicationImpl$$Lambda$239
instanceKlass com/intellij/openapi/application/impl/ReadMostlyRWLock$$Lambda$238
instanceKlass com/intellij/openapi/application/impl/ReadMostlyRWLock$Reader
instanceKlass org/jetbrains/mvstore/MVMap$MapBuilder
instanceKlass com/intellij/openapi/application/impl/ReadMostlyRWLock
instanceKlass com/intellij/ui/svg/SvgPrebuiltCacheManager
instanceKlass com/intellij/openapi/application/impl/ApplicationImpl$$Lambda$237
instanceKlass com/intellij/util/SVGLoader$SvgCache
instanceKlass com/intellij/openapi/application/impl/ApplicationImpl$$Lambda$236
instanceKlass com/intellij/openapi/util/Disposer$KeyDisposable
instanceKlass com/intellij/openapi/application/impl/AWTExceptionHandler
instanceKlass com/intellij/BundleBase
instanceKlass com/intellij/serviceContainer/BaseComponentAdapter
instanceKlass sun/net/www/protocol/jar/URLJarFileCallBack
instanceKlass com/intellij/util/ReflectionUtil$$Lambda$235
instanceKlass com/intellij/openapi/util/ObjectNode
instanceKlass java/awt/datatransfer/SystemFlavorMap$SoftCache
instanceKlass sun/net/www/protocol/jar/JarFileFactory
instanceKlass sun/net/www/protocol/jar/URLJarFile$URLJarFileCloseController
instanceKlass com/intellij/openapi/application/ApplicationManager$$Lambda$233
instanceKlass java/awt/datatransfer/SystemFlavorMap$$Lambda$234
instanceKlass java/awt/datatransfer/DataFlavor
instanceKlass com/intellij/util/CacheKey
instanceKlass sun/awt/datatransfer/DesktopDatatransferServiceImpl
instanceKlass com/intellij/util/SVGLoader$SvgElementColorPatcherProvider
instanceKlass com/intellij/openapi/application/CachedSingletonsRegistry
instanceKlass com/intellij/util/SVGLoader$SvgElementColorPatcher
instanceKlass sun/datatransfer/DataFlavorUtil$DefaultDesktopDatatransferService
instanceKlass sun/datatransfer/DesktopDatatransferService
instanceKlass sun/datatransfer/DataFlavorUtil
instanceKlass com/intellij/openapi/application/TransactionId
instanceKlass java/awt/datatransfer/SystemFlavorMap
instanceKlass java/awt/datatransfer/FlavorTable
instanceKlass java/awt/datatransfer/FlavorMap
instanceKlass com/intellij/openapi/application/TransactionGuard
instanceKlass com/intellij/util/io/DirectByteBufferPool
instanceKlass com/intellij/openapi/application/ApplicationListener
instanceKlass com/intellij/openapi/application/impl/ModalityInvokatorImpl
instanceKlass com/intellij/openapi/extensions/Extensions
instanceKlass com/intellij/util/SVGLoader
instanceKlass com/intellij/openapi/util/Disposer$1
instanceKlass com/intellij/util/containers/IdentityHashingStrategy
instanceKlass com/intellij/util/ImageLoader$Dimension2DDouble
instanceKlass it/unimi/dsi/fastutil/objects/Reference2ObjectMap$FastEntrySet
instanceKlass com/intellij/util/containers/ConcurrentRefHashMap$$Lambda$232
instanceKlass com/intellij/util/containers/ConcurrentRefHashMap$2
instanceKlass com/intellij/util/containers/ConcurrentRefHashMap$HardKey
instanceKlass it/unimi/dsi/fastutil/objects/AbstractReference2ObjectFunction
instanceKlass com/intellij/util/containers/ConcurrentRefHashMap$KeyReference
instanceKlass it/unimi/dsi/fastutil/objects/Reference2ObjectMap
instanceKlass it/unimi/dsi/fastutil/objects/Reference2ObjectFunction
instanceKlass com/intellij/util/containers/ConcurrentRefValueHashMap$ValueReference
instanceKlass com/intellij/util/containers/ConcurrentRefValueHashMap
instanceKlass com/intellij/util/ImageLoader$ImageCache
instanceKlass com/intellij/openapi/util/ObjectTree
instanceKlass java/lang/invoke/LambdaForm$MH
instanceKlass com/intellij/openapi/util/Disposer
instanceKlass java/lang/invoke/LambdaForm$DMH
instanceKlass com/intellij/util/pico/DefaultPicoContainer$LinkedHashSetWrapper
instanceKlass java/lang/invoke/LambdaForm$MH
instanceKlass org/picocontainer/ComponentAdapter
instanceKlass com/intellij/util/pico/DefaultPicoContainer
instanceKlass org/picocontainer/MutablePicoContainer
instanceKlass org/picocontainer/PicoContainer
instanceKlass java/lang/invoke/LambdaForm$DMH
instanceKlass com/intellij/util/keyFMap/DebugFMap
instanceKlass com/intellij/util/keyFMap/EmptyFMap
instanceKlass java/lang/invoke/LambdaForm$MH
instanceKlass com/intellij/util/keyFMap/KeyFMap
instanceKlass java/lang/invoke/LambdaForm$MH
instanceKlass java/lang/invoke/LambdaForm$MH
instanceKlass java/lang/invoke/LambdaForm$MH
instanceKlass com/intellij/openapi/extensions/DefaultPluginDescriptor
instanceKlass java/lang/invoke/LambdaForm$MH
instanceKlass com/intellij/serviceContainer/ConstructorParameterResolver
instanceKlass java/lang/invoke/LambdaForm$MH
instanceKlass com/intellij/serviceContainer/ComponentManagerImpl$Companion
instanceKlass java/lang/invoke/LambdaForm$MH
instanceKlass com/intellij/openapi/application/ModalityInvokator
instanceKlass java/lang/invoke/LambdaForm$MH
instanceKlass java/lang/invoke/LambdaForm$MH
instanceKlass java/lang/invoke/LambdaForm$MH
instanceKlass com/intellij/openapi/progress/Task
instanceKlass com/intellij/openapi/progress/Progressive
instanceKlass com/intellij/openapi/progress/TaskInfo
instanceKlass java/lang/invoke/LambdaForm$MH
instanceKlass java/lang/invoke/LambdaForm$DMH
instanceKlass com/intellij/openapi/application/AccessToken
instanceKlass java/lang/invoke/LambdaForm$MH
instanceKlass java/lang/invoke/LambdaForm$MH
instanceKlass com/intellij/openapi/ui/DialogWrapper$DoNotAskOption
instanceKlass java/lang/invoke/LambdaForm$MH
instanceKlass java/lang/invoke/LambdaForm$MH
instanceKlass java/lang/invoke/LambdaForm$MH
instanceKlass com/intellij/openapi/progress/ProgressIndicator
instanceKlass java/lang/invoke/LambdaForm$MH
instanceKlass com/intellij/openapi/application/ModalityState
instanceKlass java/lang/invoke/LambdaForm$MH
instanceKlass java/lang/invoke/LambdaForm$MH
instanceKlass java/lang/invoke/LambdaForm$MH
instanceKlass java/lang/invoke/LambdaForm$MH
instanceKlass com/intellij/openapi/util/UserDataHolderEx
instanceKlass java/lang/invoke/LambdaForm$MH
instanceKlass java/lang/invoke/LambdaForm$MH
instanceKlass java/lang/invoke/LambdaForm$MH
instanceKlass java/lang/invoke/LambdaForm$MH
instanceKlass java/lang/invoke/LambdaForm$MH
instanceKlass com/intellij/util/messages/MessageBusOwner
instanceKlass java/lang/invoke/LambdaForm$MH
instanceKlass com/intellij/openapi/Disposable$Parent
instanceKlass java/lang/invoke/LambdaForm$MH
instanceKlass java/lang/invoke/LambdaForm$MH
instanceKlass java/lang/invoke/LambdaForm$MH
instanceKlass java/lang/invoke/LambdaForm$MH
instanceKlass java/lang/invoke/LambdaForm$MH
instanceKlass java/lang/invoke/LambdaForm$MH
instanceKlass java/lang/invoke/LambdaForm$MH
instanceKlass java/lang/invoke/LambdaForm$MH
instanceKlass java/lang/invoke/LambdaForm$MH
instanceKlass java/lang/invoke/LambdaForm$MH
instanceKlass com/intellij/openapi/application/ex/ApplicationEx
instanceKlass com/intellij/openapi/application/Application
instanceKlass com/intellij/openapi/components/ComponentManager
instanceKlass com/intellij/openapi/extensions/AreaInstance
instanceKlass com/intellij/ui/icons/ImageDescriptor
instanceKlass java/awt/Component$3
instanceKlass sun/awt/GlobalCursorManager
instanceKlass com/intellij/ui/CoreIconManager
instanceKlass com/intellij/ui/CoreAwareIconManager
instanceKlass com/intellij/util/ImageLoader
instanceKlass com/intellij/util/lang/ClassPath$ResourceEnumeration
instanceKlass com/intellij/util/IconUtil$$Lambda$231
instanceKlass com/intellij/ui/DummyIconManager
instanceKlass sun/invoke/util/VerifyAccess$1
instanceKlass com/intellij/util/FileIconKey
instanceKlass com/intellij/ui/IconManagerHelper
instanceKlass sun/awt/X11CustomCursor$1CCount
instanceKlass com/intellij/ui/IconManager
instanceKlass java/util/DualPivotQuicksort
instanceKlass it/unimi/dsi/fastutil/ints/Int2ObjectMap$FastEntrySet
instanceKlass java/awt/image/PixelGrabber
instanceKlass it/unimi/dsi/fastutil/ints/IntSet
instanceKlass java/awt/FontMetrics
instanceKlass java/awt/im/InputContext
instanceKlass java/awt/event/ComponentListener
instanceKlass it/unimi/dsi/fastutil/ints/AbstractInt2ObjectFunction
instanceKlass java/awt/image/BufferedImage$1
instanceKlass java/awt/im/InputMethodHighlight
instanceKlass java/awt/dnd/DragGestureRecognizer
instanceKlass java/awt/dnd/DragGestureListener
instanceKlass java/awt/PrintJob
instanceKlass java/awt/PageAttributes
instanceKlass java/awt/JobAttributes
instanceKlass java/awt/peer/TaskbarPeer
instanceKlass java/awt/Taskbar
instanceKlass java/awt/peer/DesktopPeer
instanceKlass java/awt/Desktop
instanceKlass java/awt/im/spi/InputMethodDescriptor
instanceKlass sun/awt/datatransfer/DataTransferer
instanceKlass java/awt/peer/SystemTrayPeer
instanceKlass java/awt/SystemTray
instanceKlass java/awt/peer/TrayIconPeer
instanceKlass sun/awt/X11/XEmbedChildProxyPeer
instanceKlass java/awt/peer/PopupMenuPeer
instanceKlass java/awt/peer/MenuPeer
instanceKlass java/awt/peer/MenuBarPeer
instanceKlass java/awt/peer/FileDialogPeer
instanceKlass java/awt/peer/DialogPeer
instanceKlass java/awt/peer/ChoicePeer
instanceKlass java/awt/peer/TextAreaPeer
instanceKlass java/awt/peer/ScrollPanePeer
instanceKlass java/awt/peer/ScrollbarPeer
instanceKlass java/awt/Adjustable
instanceKlass java/awt/peer/CheckboxPeer
instanceKlass java/awt/peer/ListPeer
instanceKlass java/awt/peer/LabelPeer
instanceKlass java/awt/peer/TextFieldPeer
instanceKlass java/awt/peer/TextComponentPeer
instanceKlass java/awt/peer/CheckboxMenuItemPeer
instanceKlass java/awt/peer/MenuItemPeer
instanceKlass java/awt/peer/MenuComponentPeer
instanceKlass java/awt/ItemSelectable
instanceKlass sun/awt/image/GifFrame
instanceKlass java/awt/peer/FontPeer
instanceKlass java/awt/peer/RobotPeer
instanceKlass it/unimi/dsi/fastutil/ints/Int2ObjectMap
instanceKlass java/awt/Robot
instanceKlass java/lang/invoke/LambdaForm$MH
instanceKlass java/lang/invoke/LambdaForm$DMH
instanceKlass it/unimi/dsi/fastutil/ints/Int2ObjectFunction
instanceKlass sun/awt/X11/XToolkit$XEventListener
instanceKlass java/awt/peer/FramePeer
instanceKlass sun/awt/image/ImageWatched$WeakLink$$Lambda$230
instanceKlass java/lang/invoke/LambdaForm$DMH
instanceKlass java/awt/peer/ButtonPeer
instanceKlass com/intellij/openapi/util/Key
instanceKlass sun/awt/X11ComponentPeer
instanceKlass sun/java2d/BackBufferCapsProvider
instanceKlass java/awt/dnd/peer/DropTargetPeer
instanceKlass java/awt/peer/CanvasPeer
instanceKlass java/awt/peer/PanelPeer
instanceKlass java/awt/peer/WindowPeer
instanceKlass java/awt/peer/ContainerPeer
instanceKlass sun/awt/image/ImageDecoder
instanceKlass sun/awt/X11/XBaseWindow
instanceKlass java/awt/image/ImageFilter
instanceKlass sun/awt/image/ImageFetcher$1
instanceKlass com/intellij/ui/icons/RowIcon
instanceKlass com/intellij/ui/icons/CompositeIcon
instanceKlass sun/awt/image/FetcherInfo
instanceKlass com/intellij/openapi/util/UserDataHolder
instanceKlass sun/awt/image/ImageConsumerQueue
instanceKlass com/intellij/util/IconUtil
instanceKlass sun/awt/image/ImageWatched$Link
instanceKlass com/intellij/openapi/wm/impl/X11UiUtil$Xlib
instanceKlass sun/awt/image/ImageWatched
instanceKlass java/awt/image/ImageConsumer
instanceKlass com/intellij/openapi/actionSystem/DataProvider
instanceKlass com/intellij/openapi/wm/IdeFrame
instanceKlass com/intellij/ui/scale/UserScaleContext$1
instanceKlass com/intellij/ui/icons/IconLoadMeasurer$Counter
instanceKlass com/intellij/ui/icons/IconLoadMeasurer
instanceKlass com/intellij/openapi/util/IconLoader$CachedImageIcon$$Lambda$229
instanceKlass com/intellij/ui/scale/UserScaleContext$UpdateListener
instanceKlass sun/awt/image/InputStreamImageSource
instanceKlass sun/awt/image/ImageFetchable
instanceKlass java/awt/image/ImageProducer
instanceKlass javax/swing/RootPaneContainer
instanceKlass javax/swing/WindowConstants
instanceKlass java/awt/Cursor$$Lambda$228
instanceKlass com/intellij/openapi/wm/impl/X11UiUtil
instanceKlass com/intellij/openapi/util/IconLoader$ScaledIconCache
instanceKlass com/intellij/ide/IdeEventQueue$$Lambda$227
instanceKlass com/intellij/openapi/util/IconLoader$ResolvedImageDataResolver
instanceKlass com/intellij/ide/IdeEventQueue$$Lambda$226
instanceKlass java/awt/Cursor$$Lambda$225
instanceKlass com/intellij/openapi/util/IconLoader$$Lambda$224
instanceKlass com/intellij/ide/IdeEventQueue$$Lambda$223
instanceKlass java/lang/invoke/LambdaForm$DMH
instanceKlass com/intellij/openapi/keymap/impl/DumbModeWarningListener
instanceKlass com/intellij/ide/IdeEventQueue$EditingCanceller
instanceKlass java/lang/invoke/LambdaForm$MH
instanceKlass java/lang/invoke/LambdaForm$DMH
instanceKlass java/awt/dnd/DragSource
instanceKlass com/intellij/ide/IdeEventQueue$WindowsAltSuppressor
instanceKlass com/intellij/openapi/util/IconLoader$$Lambda$221
instanceKlass com/intellij/ide/IdeEventQueue$$Lambda$222
instanceKlass kotlin/Unit
instanceKlass java/lang/invoke/LambdaForm$DMH
instanceKlass com/intellij/ide/IdeKeyboardFocusManager$$Lambda$220
instanceKlass com/intellij/ui/scale/AbstractScaleContextAware
instanceKlass com/intellij/ui/scale/ScaleContextAware
instanceKlass com/intellij/util/ui/EDT
instanceKlass com/intellij/ui/icons/MenuBarIconProvider
instanceKlass java/util/TreeMap$PrivateEntryIterator
instanceKlass com/intellij/ui/icons/DarkIconProvider
instanceKlass com/intellij/openapi/util/ScalableIcon
instanceKlass com/intellij/ui/icons/CopyableIcon
instanceKlass com/intellij/util/EventDispatcher
instanceKlass com/intellij/ide/IdeEventQueue$PostEventHook
instanceKlass com/intellij/ide/HoverService$ComponentPoint
instanceKlass com/intellij/ide/HoverService
instanceKlass com/intellij/ide/IdePopupManager
instanceKlass java/awt/image/MultiResolutionImage
instanceKlass com/intellij/openapi/keymap/impl/IdeMouseEventDispatcher
instanceKlass java/awt/MediaEntry
instanceKlass com/intellij/openapi/keymap/impl/IdeKeyEventDispatcher$1
instanceKlass sun/awt/image/NativeLibLoader$1
instanceKlass sun/awt/image/NativeLibLoader
instanceKlass sun/font/SunFontManager$13
instanceKlass com/intellij/openapi/keymap/impl/IdeKeyEventDispatcher$$Lambda$219
instanceKlass java/util/TreeMap$Entry
instanceKlass com/intellij/openapi/keymap/impl/KeyProcessorContext
instanceKlass com/intellij/openapi/actionSystem/AnActionEventVisitor
instanceKlass com/intellij/openapi/keymap/impl/keyGestures/KeyboardGestureProcessor$MyActionProcessor
instanceKlass com/intellij/openapi/keymap/impl/keyGestures/KeyboardGestureProcessor$1
instanceKlass javax/swing/Timer$DoPostEvent
instanceKlass java/awt/image/SampleModel
instanceKlass javax/swing/event/EventListenerList
instanceKlass javax/swing/Timer
instanceKlass com/intellij/util/ui/TimerUtil
instanceKlass com/intellij/openapi/keymap/impl/keyGestures/KeyboardGestureProcessor$$Lambda$218
instanceKlass java/awt/image/Raster
instanceKlass com/intellij/openapi/actionSystem/AnActionEvent
instanceKlass com/intellij/ui/PlaceProvider
instanceKlass com/intellij/ui/PlaceProviderCompatibilityLayer
instanceKlass java/awt/image/DataBuffer$1
instanceKlass sun/awt/image/SunWritableRaster$DataStealer
instanceKlass java/awt/image/DataBuffer
instanceKlass com/intellij/openapi/keymap/impl/keyGestures/StateContext
instanceKlass java/awt/event/ActionListener
instanceKlass com/intellij/openapi/keymap/impl/keyGestures/KeyGestureState
instanceKlass com/intellij/openapi/keymap/impl/keyGestures/KeyboardGestureProcessor
instanceKlass sun/awt/image/SurfaceManager
instanceKlass sun/awt/image/SurfaceManager$ImageAccessor
instanceKlass gnu/trove/PrimeFinder
instanceKlass java/awt/MediaTracker
instanceKlass com/intellij/util/containers/RefHashMap$MyMap$1
instanceKlass javax/swing/ImageIcon$2
instanceKlass gnu/trove/TObjectHash$NULL
instanceKlass javax/swing/ImageIcon$1
instanceKlass gnu/trove/TObjectObjectProcedure
instanceKlass gnu/trove/THash
instanceKlass gnu/trove/TObjectHashingStrategy
instanceKlass gnu/trove/Equality
instanceKlass com/intellij/openapi/util/IconPathPatcher
instanceKlass com/intellij/ui/icons/IconTransform
instanceKlass com/intellij/util/containers/RefHashMap$HardKey
instanceKlass com/intellij/util/containers/CanonicalHashingStrategy
instanceKlass com/github/benmanes/caffeine/cache/BoundedLocalCache$$Lambda$217
instanceKlass com/intellij/util/containers/RefHashMap$Key
instanceKlass com/github/benmanes/caffeine/cache/StripedBuffer
instanceKlass com/intellij/util/containers/UnsafeWeakList$$Lambda$216
instanceKlass com/github/benmanes/caffeine/cache/Node
instanceKlass java/lang/invoke/LambdaForm$DMH
instanceKlass com/github/benmanes/caffeine/cache/References$InternalReference
instanceKlass com/intellij/util/containers/UnsafeWeakList$$Lambda$215
instanceKlass com/github/benmanes/caffeine/cache/NodeFactory
instanceKlass com/github/benmanes/caffeine/cache/CacheWriter
instanceKlass com/github/benmanes/caffeine/cache/CacheLoader
instanceKlass com/intellij/openapi/actionSystem/impl/PresentationFactory
instanceKlass com/github/benmanes/caffeine/cache/UnsafeAccess
instanceKlass com/github/benmanes/caffeine/cache/Buffer
instanceKlass java/awt/VKCollection
instanceKlass com/github/benmanes/caffeine/cache/LinkedDeque
instanceKlass com/intellij/openapi/keymap/impl/ActionProcessor
instanceKlass com/github/benmanes/caffeine/cache/WriteOrderDeque$WriteOrder
instanceKlass com/github/benmanes/caffeine/cache/AccessOrderDeque$AccessOrder
instanceKlass com/intellij/openapi/actionSystem/Shortcut
instanceKlass com/intellij/openapi/keymap/impl/IdeKeyEventDispatcher
instanceKlass java/util/concurrent/RunnableScheduledFuture
instanceKlass com/intellij/util/concurrency/EdtScheduledExecutorService
instanceKlass com/github/benmanes/caffeine/cache/LocalCacheFactory
instanceKlass com/github/benmanes/caffeine/cache/Policy
instanceKlass com/github/benmanes/caffeine/cache/LocalCache
instanceKlass com/intellij/util/ui/update/Activatable
instanceKlass com/github/benmanes/caffeine/cache/BoundedLocalCache$BoundedLocalManualCache
instanceKlass com/intellij/util/Alarm
instanceKlass com/github/benmanes/caffeine/cache/LocalManualCache
instanceKlass com/github/benmanes/caffeine/cache/Caffeine$$Lambda$214
instanceKlass com/github/benmanes/caffeine/cache/stats/ConcurrentStatsCounter
instanceKlass com/github/benmanes/caffeine/cache/stats/StatsCounter
instanceKlass com/intellij/ide/IdeEventQueue$IdeEventQueueHolder
instanceKlass com/github/benmanes/caffeine/cache/LoadingCache
instanceKlass com/github/benmanes/caffeine/cache/Cache
instanceKlass javax/swing/RepaintManager$ProcessingRunnable
instanceKlass com/github/benmanes/caffeine/cache/AsyncLoadingCache
instanceKlass com/intellij/openapi/application/impl/FlushQueue$FlushNow
instanceKlass com/github/benmanes/caffeine/cache/AsyncCache
instanceKlass com/github/benmanes/caffeine/cache/AsyncCacheLoader
instanceKlass com/intellij/openapi/application/impl/InvocationUtil
instanceKlass com/github/benmanes/caffeine/cache/RemovalListener
instanceKlass com/github/benmanes/caffeine/cache/Expiry
instanceKlass com/github/benmanes/caffeine/cache/Weigher
instanceKlass com/github/benmanes/caffeine/cache/Caffeine
instanceKlass com/intellij/ide/IdeEventQueue$EventDispatcher
instanceKlass javax/swing/ImageIcon
instanceKlass com/intellij/ui/icons/ImageDataLoader
instanceKlass com/intellij/openapi/util/IconLoader
instanceKlass java/lang/invoke/LambdaForm$MH
instanceKlass java/lang/invoke/LambdaForm$DMH
instanceKlass java/lang/invoke/LambdaForm$MH
instanceKlass java/lang/invoke/LambdaForm$DMH
instanceKlass com/intellij/ui/scale/ScaleContext$1
instanceKlass java/lang/invoke/LambdaForm$MH
instanceKlass it/unimi/dsi/fastutil/doubles/Double2ObjectMap$FastEntrySet
instanceKlass java/lang/invoke/LambdaForm$DMH
instanceKlass it/unimi/dsi/fastutil/doubles/DoubleSet
instanceKlass it/unimi/dsi/fastutil/doubles/DoubleCollection
instanceKlass it/unimi/dsi/fastutil/doubles/DoubleIterable
instanceKlass java/lang/invoke/LambdaForm$MH
instanceKlass java/lang/invoke/LambdaForm$DMH
instanceKlass it/unimi/dsi/fastutil/doubles/AbstractDouble2ObjectFunction
instanceKlass java/lang/invoke/LambdaForm$MH
instanceKlass java/lang/invoke/LambdaForm$DMH
instanceKlass java/lang/invoke/LambdaForm$MH
instanceKlass com/intellij/ui/scale/Scale$$Lambda$213
instanceKlass java/lang/invoke/LambdaForm$BMH
instanceKlass java/lang/invoke/LambdaForm$DMH
instanceKlass it/unimi/dsi/fastutil/doubles/Double2ObjectMap
instanceKlass java/lang/invoke/LambdaForm$MH
instanceKlass it/unimi/dsi/fastutil/doubles/Double2ObjectFunction
instanceKlass java/lang/invoke/LambdaForm$MH
instanceKlass java/util/function/DoubleFunction
instanceKlass java/lang/invoke/LambdaForm$MH
instanceKlass java/lang/invoke/LambdaForm$MH
instanceKlass java/lang/invoke/LambdaForm$MH
instanceKlass java/lang/invoke/LambdaForm$MH
instanceKlass java/lang/invoke/LambdaForm$MH
instanceKlass java/lang/invoke/LambdaForm$MH
instanceKlass java/lang/invoke/LambdaForm$MH
instanceKlass java/lang/invoke/LambdaForm$MH
instanceKlass com/intellij/ui/scale/Scale
instanceKlass java/lang/invoke/LambdaForm$MH
instanceKlass java/lang/invoke/LambdaForm$MH
instanceKlass java/lang/invoke/LambdaForm$MH
instanceKlass java/awt/Window$WindowDisposerRecord
instanceKlass java/lang/invoke/LambdaForm$MH
instanceKlass java/lang/invoke/LambdaForm$MH
instanceKlass java/lang/invoke/LambdaForm$MH
instanceKlass java/lang/invoke/LambdaForm$MH
instanceKlass sun/awt/X11/XlibUtil
instanceKlass java/lang/invoke/LambdaForm$MH
instanceKlass java/awt/BorderLayout
instanceKlass java/lang/invoke/LambdaForm$MH
instanceKlass java/awt/LayoutManager2
instanceKlass java/lang/invoke/LambdaForm$MH
instanceKlass java/lang/invoke/LambdaForm$MH
instanceKlass java/lang/invoke/LambdaForm$MH
instanceKlass java/awt/Cursor$1
instanceKlass sun/awt/AWTAccessor$CursorAccessor
instanceKlass com/intellij/idea/StartupUtil$$Lambda$212
instanceKlass java/awt/Cursor
instanceKlass java/awt/ComponentOrientation
instanceKlass java/awt/Frame$1
instanceKlass sun/awt/AWTAccessor$FrameAccessor
instanceKlass java/awt/Window$2
instanceKlass sun/awt/AWTAccessor$WindowAccessor
instanceKlass java/awt/peer/ComponentPeer
instanceKlass com/intellij/ui/JreHiDpiUtil
instanceKlass java/awt/event/WindowListener
instanceKlass javax/swing/JComponent$2
instanceKlass javax/swing/JComponent$1
instanceKlass sun/swing/SwingAccessor$JComponentAccessor
instanceKlass java/awt/Container$1
instanceKlass sun/awt/AWTAccessor$ContainerAccessor
instanceKlass java/awt/LightweightDispatcher
instanceKlass java/awt/event/AWTEventListener
instanceKlass java/awt/LayoutManager
instanceKlass sun/awt/X11/XMouseInfoPeer
instanceKlass java/awt/peer/MouseInfoPeer
instanceKlass java/awt/datatransfer/Clipboard
instanceKlass java/awt/Component$DummyRequestFocusController
instanceKlass sun/awt/X11/OwnershipListener
instanceKlass sun/awt/RequestFocusController
instanceKlass com/intellij/diagnostic/StartUpMeasurerKt$WhenMappings
instanceKlass java/awt/Component$1
instanceKlass sun/awt/AWTAccessor$ComponentAccessor
instanceKlass com/intellij/diagnostic/StartUpMeasurerKt
instanceKlass java/awt/event/KeyEvent$1
instanceKlass sun/awt/AWTAccessor$KeyEventAccessor
instanceKlass com/intellij/util/ReflectionUtil$$Lambda$211
instanceKlass com/intellij/idea/ApplicationLoader$initApplication$1$1
instanceKlass java/awt/event/InputEvent$1
instanceKlass sun/awt/AWTAccessor$InputEventAccessor
instanceKlass java/lang/invoke/LambdaForm$DMH
instanceKlass java/awt/event/NativeLibLoader$1
instanceKlass java/awt/event/NativeLibLoader
instanceKlass kotlin/text/StringsKt__AppendableKt
instanceKlass java/awt/Component$AWTTreeLock
instanceKlass com/intellij/util/ReflectionUtil
instanceKlass javax/swing/UIManager$2
instanceKlass sun/awt/PaintEventDispatcher
instanceKlass javax/swing/RepaintManager$1
instanceKlass sun/swing/SwingAccessor$RepaintManagerAccessor
instanceKlass com/intellij/openapi/ui/DialogWrapper
instanceKlass javax/swing/RepaintManager$DisplayChangedHandler
instanceKlass javax/swing/UIManager$1
instanceKlass com/intellij/ui/scale/JBUIScale$$Lambda$210
instanceKlass com/intellij/ui/scale/JBUIScale$$Lambda$209
instanceKlass com/intellij/ui/scale/UserScaleContext
instanceKlass com/intellij/util/LazyInitializer
instanceKlass com/intellij/util/LazyInitializer$NullableValue
instanceKlass com/intellij/ui/AppUIUtil
instanceKlass com/intellij/ui/scale/JBUIScale
instanceKlass com/sun/java/swing/plaf/gtk/GTKLookAndFeel$3
instanceKlass com/sun/java/swing/plaf/gtk/GTKLookAndFeel$2
instanceKlass com/sun/java/swing/plaf/gtk/GTKLookAndFeel$1
instanceKlass com/sun/java/swing/plaf/gtk/GTKLookAndFeel$1FontLazyValue
instanceKlass com/sun/java/swing/plaf/gtk/GTKStyle$GTKLazyValue
instanceKlass com/sun/java/swing/plaf/gtk/GTKLookAndFeel$$Lambda$208
instanceKlass java/lang/Character$CharacterCache
instanceKlass javax/swing/plaf/basic/BasicLookAndFeel$$Lambda$207
instanceKlass javax/swing/plaf/basic/BasicLookAndFeel$$Lambda$206
instanceKlass sun/util/ResourceBundleEnumeration
instanceKlass javax/swing/UIDefaults$1
instanceKlass javax/swing/plaf/basic/BasicLookAndFeel$$Lambda$205
instanceKlass javax/swing/plaf/basic/BasicLookAndFeel$$Lambda$204
instanceKlass javax/swing/plaf/basic/BasicLookAndFeel$$Lambda$203
instanceKlass javax/swing/plaf/basic/BasicLookAndFeel$$Lambda$202
instanceKlass javax/swing/UIDefaults$LazyInputMap
instanceKlass javax/swing/plaf/basic/BasicLookAndFeel$$Lambda$201
instanceKlass javax/swing/plaf/basic/BasicLookAndFeel$$Lambda$200
instanceKlass javax/swing/plaf/basic/BasicLookAndFeel$$Lambda$199
instanceKlass javax/swing/plaf/basic/BasicLookAndFeel$$Lambda$198
instanceKlass javax/swing/plaf/basic/BasicLookAndFeel$$Lambda$197
instanceKlass javax/swing/plaf/basic/BasicLookAndFeel$$Lambda$196
instanceKlass javax/swing/plaf/basic/BasicLookAndFeel$$Lambda$195
instanceKlass java/lang/invoke/LambdaForm$DMH
instanceKlass javax/swing/plaf/basic/BasicLookAndFeel$$Lambda$194
instanceKlass javax/swing/plaf/basic/BasicLookAndFeel$$Lambda$193
instanceKlass javax/swing/plaf/basic/BasicLookAndFeel$$Lambda$192
instanceKlass javax/swing/plaf/basic/BasicLookAndFeel$$Lambda$191
instanceKlass javax/swing/plaf/basic/BasicLookAndFeel$$Lambda$190
instanceKlass javax/swing/plaf/basic/BasicLookAndFeel$$Lambda$189
instanceKlass javax/swing/plaf/basic/BasicLookAndFeel$$Lambda$188
instanceKlass javax/swing/plaf/basic/BasicLookAndFeel$$Lambda$187
instanceKlass javax/swing/plaf/basic/BasicLookAndFeel$2
instanceKlass javax/swing/plaf/basic/BasicLookAndFeel$$Lambda$186
instanceKlass javax/swing/plaf/basic/BasicLookAndFeel$$Lambda$185
instanceKlass javax/swing/plaf/basic/BasicLookAndFeel$$Lambda$184
instanceKlass javax/swing/plaf/basic/BasicLookAndFeel$$Lambda$183
instanceKlass javax/swing/plaf/basic/BasicLookAndFeel$$Lambda$182
instanceKlass javax/swing/border/AbstractBorder
instanceKlass javax/swing/border/Border
instanceKlass javax/swing/plaf/basic/BasicLookAndFeel$$Lambda$181
instanceKlass javax/swing/plaf/basic/BasicLookAndFeel$$Lambda$180
instanceKlass javax/swing/plaf/basic/BasicLookAndFeel$$Lambda$179
instanceKlass javax/swing/plaf/basic/BasicLookAndFeel$$Lambda$178
instanceKlass javax/swing/plaf/basic/BasicLookAndFeel$$Lambda$177
instanceKlass javax/swing/plaf/basic/BasicLookAndFeel$$Lambda$176
instanceKlass javax/swing/UIDefaults$ActiveValue
instanceKlass javax/swing/plaf/basic/BasicLookAndFeel$$Lambda$175
instanceKlass javax/swing/plaf/basic/BasicLookAndFeel$$Lambda$174
instanceKlass javax/swing/plaf/basic/BasicLookAndFeel$$Lambda$173
instanceKlass javax/swing/plaf/basic/BasicLookAndFeel$$Lambda$172
instanceKlass javax/swing/plaf/basic/BasicLookAndFeel$$Lambda$171
instanceKlass javax/swing/plaf/synth/ColorType
instanceKlass com/intellij/ide/plugins/PluginManagerState
instanceKlass com/intellij/ide/plugins/ClassLoaderConfigurator$$Lambda$170
instanceKlass com/intellij/ide/plugins/ClassLoaderConfigurator$2
instanceKlass com/intellij/ide/plugins/ClassLoaderConfigurator$1
instanceKlass com/intellij/ide/plugins/ClassLoaderConfigurator$$Lambda$169
instanceKlass java/lang/invoke/LambdaForm$DMH
instanceKlass com/intellij/ide/plugins/ClassLoaderConfigurationData
instanceKlass com/sun/java/swing/plaf/gtk/GTKStyle$GTKStockIcon
instanceKlass javax/swing/plaf/synth/SynthIcon
instanceKlass javax/swing/Icon
instanceKlass com/intellij/ide/plugins/ClassLoaderConfigurator$$Lambda$168
instanceKlass javax/swing/plaf/synth/SynthGraphicsUtils
instanceKlass com/intellij/ide/plugins/PluginManagerCore$$Lambda$167
instanceKlass javax/swing/plaf/synth/SynthStyle
instanceKlass com/sun/java/swing/plaf/gtk/GTKConstants
instanceKlass com/intellij/ide/plugins/cl/PluginClassLoader$ResolveScopeManager
instanceKlass java/lang/invoke/LambdaForm$MH
instanceKlass java/lang/invoke/LambdaForm$DMH
instanceKlass com/intellij/ide/plugins/cl/PluginAwareClassLoader
instanceKlass java/lang/invoke/LambdaForm$DMH
instanceKlass sun/swing/SwingUtilities2$$Lambda$166
instanceKlass com/intellij/ide/plugins/ClassLoaderConfigurator
instanceKlass javax/swing/UIDefaults$LazyValue
instanceKlass java/lang/invoke/LambdaForm$DMH
instanceKlass com/intellij/ide/plugins/PluginManagerCore$$Lambda$165
instanceKlass java/util/stream/StreamSpliterators$WrappingSpliterator$$Lambda$164
instanceKlass java/util/stream/Streams$2
instanceKlass java/util/stream/StreamSpliterators$AbstractWrappingSpliterator
instanceKlass java/util/stream/AbstractPipeline$$Lambda$163
instanceKlass java/util/stream/Streams$ConcatSpliterator
instanceKlass com/intellij/ide/plugins/PluginManagerCore$$Lambda$162
instanceKlass com/intellij/ide/plugins/PluginManagerCore$$Lambda$161
instanceKlass com/intellij/ide/plugins/PluginManagerCore$$Lambda$160
instanceKlass com/intellij/ide/plugins/PluginLoadingError
instanceKlass java/util/stream/SortedOps
instanceKlass java/util/Map$Entry$$Lambda$159
instanceKlass com/intellij/ide/plugins/PluginManagerCore$$Lambda$158
instanceKlass com/intellij/openapi/application/ApplicationManager
instanceKlass com/intellij/ide/plugins/PluginManagerCore$$Lambda$157
instanceKlass java/util/Comparator$$Lambda$156
instanceKlass com/intellij/util/graph/DFSTBuilder$$Lambda$155
instanceKlass com/intellij/ide/plugins/PluginManagerCore$$Lambda$154
instanceKlass com/intellij/util/ArrayUtil$$Lambda$153
instanceKlass com/intellij/util/ArrayUtil$$Lambda$152
instanceKlass com/intellij/util/ArrayUtil
instanceKlass com/intellij/util/graph/DFSTBuilder$Tarjan$Frame
instanceKlass com/intellij/util/graph/DFSTBuilder$Tarjan
instanceKlass it/unimi/dsi/fastutil/objects/Object2IntMap$FastEntrySet
instanceKlass java/util/function/IntBinaryOperator
instanceKlass it/unimi/dsi/fastutil/objects/AbstractObject2IntFunction
instanceKlass it/unimi/dsi/fastutil/ints/IntArrays$ArrayHashStrategy
instanceKlass it/unimi/dsi/fastutil/ints/IntArrays$Segment
instanceKlass it/unimi/dsi/fastutil/ints/IntArrays
instanceKlass it/unimi/dsi/fastutil/ints/IntListIterator
instanceKlass it/unimi/dsi/fastutil/ints/IntBidirectionalIterator
instanceKlass it/unimi/dsi/fastutil/objects/ObjectBidirectionalIterator
instanceKlass it/unimi/dsi/fastutil/BidirectionalIterator
instanceKlass it/unimi/dsi/fastutil/ints/IntSpliterator
instanceKlass it/unimi/dsi/fastutil/ints/IntIterator
instanceKlass java/util/PrimitiveIterator$OfInt
instanceKlass java/util/PrimitiveIterator
instanceKlass java/util/function/IntUnaryOperator
instanceKlass java/util/function/IntPredicate
instanceKlass java/util/function/IntConsumer
instanceKlass it/unimi/dsi/fastutil/ints/IntStack
instanceKlass it/unimi/dsi/fastutil/Stack
instanceKlass com/intellij/openapi/util/Pair
instanceKlass com/intellij/util/graph/GraphGenerator
instanceKlass com/intellij/util/graph/Graph
instanceKlass com/intellij/util/graph/OutboundSemiGraph
instanceKlass it/unimi/dsi/fastutil/objects/Object2IntMap
instanceKlass it/unimi/dsi/fastutil/objects/Object2IntFunction
instanceKlass java/util/function/ToIntFunction
instanceKlass it/unimi/dsi/fastutil/ints/IntList
instanceKlass it/unimi/dsi/fastutil/ints/IntCollection
instanceKlass it/unimi/dsi/fastutil/ints/IntIterable
instanceKlass com/intellij/util/graph/DFSTBuilder
instanceKlass com/intellij/ide/plugins/CachingSemiGraph
instanceKlass com/intellij/ide/plugins/PluginManagerCore$$Lambda$151
instanceKlass com/intellij/ide/plugins/PluginManagerCore$$Lambda$150
instanceKlass java/lang/invoke/LambdaForm$DMH
instanceKlass java/util/Comparator$$Lambda$149
instanceKlass com/intellij/ide/plugins/PluginLoadingResult$$Lambda$148
instanceKlass java/util/concurrent/ConcurrentLinkedQueue$Itr
instanceKlass com/intellij/ide/plugins/DescriptorListLoadingContext$$Lambda$147
instanceKlass com/intellij/util/text/VersionComparatorUtil$2
instanceKlass com/intellij/util/text/VersionComparatorUtil$1
instanceKlass com/intellij/util/text/VersionComparatorUtil
instanceKlass sun/font/SunFontManager$10
instanceKlass com/intellij/ide/plugins/PluginDependency
instanceKlass com/intellij/ide/plugins/IdeaPluginDependency
instanceKlass com/intellij/ide/plugins/IdeaPluginDescriptorImpl$$Lambda$146
instanceKlass java/lang/invoke/LambdaForm$DMH
instanceKlass sun/font/Type1Font$1
instanceKlass java/io/RandomAccessFile$1
instanceKlass java/time/chrono/AbstractChronology
instanceKlass java/time/chrono/Chronology
instanceKlass sun/nio/cs/ArrayDecoder
instanceKlass java/lang/StringCoding$StringDecoder
instanceKlass sun/font/TrueTypeFont$DirectoryEntry
instanceKlass sun/font/TrueTypeFont$1
instanceKlass sun/font/TrueTypeFont$TTDisposerRecord
instanceKlass sun/font/SunFontManager$3
instanceKlass sun/font/FontFamily$FontAndStyle
instanceKlass sun/font/FontFamily
instanceKlass sun/font/CompositeFontDescriptor
instanceKlass com/intellij/ide/plugins/PluginDescriptorLoader$$Lambda$145
instanceKlass java/lang/invoke/LambdaForm$MH
instanceKlass java/lang/invoke/LambdaForm$DMH
instanceKlass com/intellij/ide/plugins/PluginDescriptorLoader$$Lambda$144
instanceKlass sun/util/cldr/CLDRBaseLocaleDataMetaInfo$TZCanonicalIDMapHolder
instanceKlass java/lang/invoke/LambdaForm$DMH
instanceKlass sun/nio/fs/UnixDirectoryStream$UnixDirectoryIterator
instanceKlass sun/nio/fs/UnixDirectoryStream
instanceKlass sun/nio/fs/UnixSecureDirectoryStream
instanceKlass java/nio/file/SecureDirectoryStream
instanceKlass java/nio/file/Files$AcceptAllFilter
instanceKlass jdk/nio/zipfs/ZipFileSystem$$Lambda$143
instanceKlass sun/util/resources/provider/NonBaseLocaleDataMetaInfo
instanceKlass sun/util/locale/provider/JRELocaleProviderAdapter$$Lambda$142
instanceKlass sun/util/locale/provider/BaseLocaleDataMetaInfo
instanceKlass sun/util/locale/provider/JRELocaleProviderAdapter$$Lambda$141
instanceKlass sun/util/cldr/CLDRLocaleProviderAdapter$$Lambda$140
instanceKlass sun/util/locale/provider/TimeZoneNameUtility$TimeZoneNameGetter
instanceKlass sun/util/locale/provider/TimeZoneNameUtility
instanceKlass sun/nio/cs/Surrogate
instanceKlass sun/nio/cs/Surrogate$Parser
instanceKlass java/nio/file/attribute/PosixFilePermissions$1
instanceKlass java/nio/file/attribute/PosixFilePermissions
instanceKlass java/nio/file/TempFileHelper$PosixPermissions
instanceKlass sun/nio/fs/LinuxFileSystem$SupportedFileFileAttributeViewsHolder
instanceKlass java/nio/file/TempFileHelper
instanceKlass java/lang/invoke/LambdaForm$MH
instanceKlass java/lang/invoke/LambdaForm$DMH
instanceKlass com/intellij/util/messages/ListenerDescriptor
instanceKlass java/lang/invoke/LambdaForm$MH
instanceKlass com/intellij/ide/plugins/XmlReader$$Lambda$139
instanceKlass java/lang/invoke/LambdaForm$DMH
instanceKlass com/intellij/openapi/components/ServiceDescriptor
instanceKlass java/lang/invoke/LambdaForm$MH
instanceKlass com/intellij/openapi/extensions/impl/ExtensionsAreaImpl
instanceKlass java/lang/invoke/LambdaForm$DMH
instanceKlass com/intellij/openapi/extensions/ExtensionsArea
instanceKlass java/lang/invoke/LambdaForm$MH
instanceKlass java/lang/invoke/LambdaForm$MH
instanceKlass java/lang/invoke/LambdaForm$MH
instanceKlass com/intellij/openapi/util/EmptyRunnable
instanceKlass java/lang/invoke/LambdaForm$MH
instanceKlass com/intellij/openapi/extensions/impl/ExtensionPointImpl$$Lambda$138
instanceKlass java/lang/invoke/LambdaForm$MH
instanceKlass com/intellij/util/ArrayFactory
instanceKlass java/lang/invoke/LambdaForm$MH
instanceKlass java/lang/invoke/LambdaForm$MH
instanceKlass java/lang/invoke/LambdaForm$MH
instanceKlass java/lang/invoke/LambdaForm$MH
instanceKlass com/intellij/openapi/extensions/ExtensionPointAdapter
instanceKlass com/intellij/openapi/extensions/ExtensionPointAndAreaListener
instanceKlass com/intellij/openapi/extensions/ExtensionPointListener
instanceKlass com/intellij/openapi/extensions/impl/ExtensionComponentAdapter
instanceKlass com/intellij/openapi/extensions/LoadingOrder$Orderable
instanceKlass com/intellij/openapi/util/text/StringUtil$$Lambda$137
instanceKlass com/intellij/openapi/util/text/StringUtil$$Lambda$136
instanceKlass com/intellij/openapi/util/text/StringUtil$$Lambda$135
instanceKlass com/intellij/util/NotNullFunction
instanceKlass com/intellij/util/NullableFunction
instanceKlass com/intellij/util/Function
instanceKlass com/intellij/openapi/components/ComponentConfig
instanceKlass sun/font/FontConfigManager$FontConfigFont
instanceKlass sun/font/FontConfigManager$FcCompFont
instanceKlass java/lang/invoke/LambdaForm$MH
instanceKlass org/jdom/ContentList$CLIterator
instanceKlass java/lang/invoke/LambdaForm$MH
instanceKlass java/lang/invoke/LambdaForm$MH
instanceKlass java/lang/invoke/LambdaForm$MH
instanceKlass java/lang/invoke/LambdaForm$MH
instanceKlass java/lang/invoke/LambdaForm$MH
instanceKlass java/lang/invoke/LambdaForm$MH
instanceKlass java/lang/invoke/LambdaForm$MH
instanceKlass java/lang/invoke/LambdaForm$MH
instanceKlass java/lang/invoke/LambdaForm$MH
instanceKlass java/lang/invoke/LambdaForm$MH
instanceKlass java/lang/invoke/LambdaForm$MH
instanceKlass java/lang/invoke/LambdaForm$MH
instanceKlass java/lang/invoke/LambdaForm$MH
instanceKlass java/lang/invoke/LambdaForm$MH
instanceKlass java/lang/invoke/LambdaForm$BMH
instanceKlass java/lang/invoke/LambdaForm$DMH
instanceKlass java/lang/invoke/LambdaForm$MH
instanceKlass java/lang/invoke/LambdaForm$MH
instanceKlass java/lang/invoke/LambdaForm$MH
instanceKlass java/lang/invoke/LambdaForm$MH
instanceKlass java/lang/invoke/LambdaForm$MH
instanceKlass java/lang/invoke/LambdaForm$MH
instanceKlass java/lang/invoke/LambdaForm$MH
instanceKlass java/lang/invoke/LambdaForm$MH
instanceKlass java/lang/invoke/LambdaForm$MH
instanceKlass java/lang/invoke/LambdaForm$MH
instanceKlass java/lang/invoke/LambdaForm$MH
instanceKlass java/lang/invoke/LambdaForm$MH
instanceKlass java/lang/invoke/LambdaForm$MH
instanceKlass java/lang/invoke/LambdaForm$MH
instanceKlass java/lang/invoke/LambdaForm$MH
instanceKlass java/lang/invoke/LambdaForm$MH
instanceKlass java/lang/invoke/LambdaForm$MH
instanceKlass java/lang/invoke/LambdaForm$MH
instanceKlass java/lang/invoke/LambdaForm$MH
instanceKlass java/lang/invoke/LambdaForm$MH
instanceKlass java/lang/invoke/LambdaForm$MH
instanceKlass com/intellij/ide/plugins/BasePathResolver
instanceKlass java/lang/invoke/LambdaForm$MH
instanceKlass java/lang/invoke/LambdaForm$MH
instanceKlass java/lang/invoke/LambdaForm$MH
instanceKlass java/lang/invoke/LambdaForm$MH
instanceKlass java/lang/invoke/LambdaForm$MH
instanceKlass java/lang/invoke/LambdaForm$DMH
instanceKlass java/lang/invoke/LambdaForm$MH
instanceKlass java/lang/invoke/LambdaForm$DMH
instanceKlass java/lang/invoke/LambdaForm$MH
instanceKlass java/lang/invoke/LambdaForm$DMH
instanceKlass java/lang/invoke/LambdaForm$MH
instanceKlass java/lang/invoke/LambdaForm$MH
instanceKlass java/lang/invoke/LambdaForm$MH
instanceKlass java/lang/invoke/LambdaForm$MH
instanceKlass java/lang/invoke/LambdaForm$MH
instanceKlass java/lang/invoke/LambdaForm$MH
instanceKlass java/lang/invoke/LambdaForm$MH
instanceKlass com/intellij/ide/plugins/PathBasedJdomXIncluder
instanceKlass java/lang/invoke/LambdaForm$MH
instanceKlass java/lang/invoke/LambdaForm$MH
instanceKlass java/lang/invoke/LambdaForm$MH
instanceKlass java/lang/invoke/LambdaForm$MH
instanceKlass java/lang/invoke/LambdaForm$MH
instanceKlass java/lang/invoke/LambdaForm$BMH
instanceKlass java/lang/invoke/LambdaForm$DMH
instanceKlass com/intellij/openapi/extensions/impl/ImplementationClassResolver
instanceKlass com/intellij/openapi/extensions/impl/ExtensionPointImpl
instanceKlass java/lang/invoke/LambdaForm$MH
instanceKlass java/lang/invoke/LambdaForm$MH
instanceKlass com/intellij/openapi/extensions/ExtensionPoint
instanceKlass java/lang/invoke/LambdaForm$MH
instanceKlass java/lang/invoke/LambdaForm$MH
instanceKlass java/lang/invoke/LambdaForm$MH
instanceKlass java/lang/invoke/LambdaForm$MH
instanceKlass java/lang/invoke/LambdaForm$MH
instanceKlass com/intellij/openapi/diagnostic/ExceptionWithAttachments
instanceKlass java/lang/invoke/LambdaForm$MH
instanceKlass com/intellij/ide/plugins/XmlReader
instanceKlass java/lang/invoke/LambdaForm$MH
instanceKlass java/lang/invoke/LambdaForm$MH
instanceKlass java/lang/invoke/LambdaForm$MH
instanceKlass java/lang/invoke/LambdaForm$MH
instanceKlass com/intellij/ide/plugins/ModuleDependenciesDescriptor
instanceKlass java/lang/invoke/LambdaForm$MH
instanceKlass com/intellij/ide/plugins/PluginContentDescriptor
instanceKlass java/lang/invoke/LambdaForm$MH
instanceKlass java/lang/invoke/LambdaForm$MH
instanceKlass com/intellij/ide/plugins/ContainerDescriptor
instanceKlass java/lang/invoke/LambdaForm$MH
instanceKlass java/lang/invoke/LambdaForm$MH
instanceKlass java/lang/invoke/LambdaForm$MH
instanceKlass java/lang/invoke/LambdaForm$MH
instanceKlass java/lang/invoke/LambdaForm$MH
instanceKlass java/lang/invoke/LambdaForm$MH
instanceKlass java/lang/invoke/LambdaForm$MH
instanceKlass sun/nio/cs/SingleByte
instanceKlass com/intellij/openapi/vfs/CharsetToolkit
instanceKlass java/util/concurrent/TimeUnit$1
instanceKlass java/time/zone/ZoneOffsetTransition
instanceKlass sun/awt/FontDescriptor
instanceKlass sun/awt/FontConfiguration
instanceKlass java/time/zone/ZoneOffsetTransitionRule
instanceKlass java/time/zone/ZoneRules
instanceKlass java/time/zone/Ser
instanceKlass java/io/Externalizable
instanceKlass sun/font/SunFontManager$FontRegistrationInfo
instanceKlass java/lang/invoke/LambdaForm$MH
instanceKlass java/lang/invoke/LambdaForm$MH
instanceKlass java/lang/invoke/LambdaForm$MH
instanceKlass java/lang/invoke/LambdaForm$MH
instanceKlass java/lang/invoke/LambdaForm$MH
instanceKlass java/lang/invoke/LambdaForm$MH
instanceKlass java/lang/invoke/LambdaForm$MH
instanceKlass java/lang/invoke/LambdaForm$MH
instanceKlass java/lang/invoke/LambdaForm$MH
instanceKlass java/lang/invoke/LambdaForm$MH
instanceKlass java/lang/invoke/LambdaForm$MH
instanceKlass java/lang/invoke/LambdaForm$MH
instanceKlass java/time/zone/ZoneRulesProvider$1
instanceKlass java/lang/invoke/LambdaForm$MH
instanceKlass java/time/zone/ZoneRulesProvider
instanceKlass java/lang/invoke/LambdaForm$MH
instanceKlass java/lang/invoke/LambdaForm$MH
instanceKlass java/time/ZoneId
instanceKlass java/lang/invoke/LambdaForm$MH
instanceKlass java/time/LocalTime
instanceKlass java/time/temporal/ValueRange
instanceKlass java/time/Duration
instanceKlass java/time/temporal/TemporalAmount
instanceKlass java/time/temporal/TemporalUnit
instanceKlass java/time/temporal/TemporalField
instanceKlass java/time/LocalDate
instanceKlass java/time/chrono/ChronoLocalDate
instanceKlass java/time/LocalDateTime
instanceKlass java/time/chrono/ChronoLocalDateTime
instanceKlass java/time/temporal/TemporalAdjuster
instanceKlass java/time/temporal/Temporal
instanceKlass java/time/temporal/TemporalAccessor
instanceKlass jdk/nio/zipfs/ZipUtils
instanceKlass jdk/internal/util/ArraysSupport
instanceKlass jdk/nio/zipfs/ZipFileSystem$END
instanceKlass jdk/nio/zipfs/ZipConstants
instanceKlass jdk/nio/zipfs/ZipPath
instanceKlass java/io/StreamTokenizer
instanceKlass jdk/nio/zipfs/ZipCoder
instanceKlass sun/font/SunFontManager$2
instanceKlass jdk/nio/zipfs/ZipFileSystem$$Lambda$134
instanceKlass sun/font/SunFontManager$BundledFontInfo
instanceKlass sun/nio/fs/UnixFileSystemProvider$3
instanceKlass java/util/concurrent/locks/ReentrantReadWriteLock$WriteLock
instanceKlass java/util/concurrent/locks/ReentrantReadWriteLock$ReadLock
instanceKlass sun/font/GlyphList
instanceKlass java/util/concurrent/locks/ReentrantReadWriteLock
instanceKlass sun/font/StrikeCache$1
instanceKlass sun/font/StrikeCache
instanceKlass jdk/nio/zipfs/ZipFileSystem$$Lambda$133
instanceKlass sun/font/FontStrike
instanceKlass sun/font/CharToGlyphMapper
instanceKlass sun/font/StrikeMetrics
instanceKlass java/awt/geom/Point2D
instanceKlass sun/font/Font2D
instanceKlass java/util/concurrent/locks/ReadWriteLock
instanceKlass java/nio/file/PathMatcher
instanceKlass sun/font/SunFontManager$1
instanceKlass sun/font/SunFontManager$T1Filter
instanceKlass sun/font/SunFontManager$TTFilter
instanceKlass sun/font/Font2DHandle
instanceKlass sun/font/SunFontManager
instanceKlass sun/font/FontManagerForSGE
instanceKlass sun/font/FontManager
instanceKlass sun/java2d/FontSupport
instanceKlass jdk/nio/zipfs/ZipFileSystem$IndexNode
instanceKlass sun/font/FontManagerFactory$1
instanceKlass sun/font/FontManagerFactory
instanceKlass jdk/nio/zipfs/ZipFileAttributes
instanceKlass java/lang/invoke/LambdaForm$MH
instanceKlass com/intellij/ide/plugins/DescriptorLoadingContext$$Lambda$132
instanceKlass java/lang/invoke/LambdaForm$DMH
instanceKlass it/unimi/dsi/fastutil/objects/ObjectOpenHashSet$$Lambda$131
instanceKlass java/lang/invoke/LambdaForm$MH
instanceKlass it/unimi/dsi/fastutil/objects/ObjectOpenHashSet$$Lambda$130
instanceKlass it/unimi/dsi/fastutil/objects/ObjectOpenHashSet$$Lambda$129
instanceKlass java/lang/invoke/LambdaForm$DMH
instanceKlass java/lang/invoke/LambdaForm$DMH
instanceKlass java/lang/invoke/LambdaForm$MH
instanceKlass java/lang/invoke/LambdaForm$DMH
instanceKlass it/unimi/dsi/fastutil/objects/ReferenceOpenHashSet$SetIterator
instanceKlass java/lang/invoke/LambdaForm$MH
instanceKlass it/unimi/dsi/fastutil/Arrays
instanceKlass it/unimi/dsi/fastutil/objects/ObjectArrays$ArrayHashStrategy
instanceKlass java/lang/invoke/LambdaForm$DMH
instanceKlass java/lang/invoke/LambdaForm$MH
instanceKlass java/lang/invoke/LambdaForm$MH
instanceKlass java/lang/invoke/LambdaForm$MH
instanceKlass it/unimi/dsi/fastutil/objects/ObjectArrays
instanceKlass java/lang/invoke/LambdaForm$MH
instanceKlass java/lang/invoke/LambdaForm$MH
instanceKlass java/lang/invoke/LambdaForm$MH
instanceKlass java/lang/invoke/LambdaForm$MH
instanceKlass it/unimi/dsi/fastutil/objects/ReferenceOpenHashSet$$Lambda$128
instanceKlass sun/awt/X11GraphicsConfig$X11GCDisposerRecord
instanceKlass it/unimi/dsi/fastutil/objects/ReferenceOpenHashSet$$Lambda$127
instanceKlass java/lang/invoke/LambdaForm$DMH
instanceKlass java/awt/ImageCapabilities
instanceKlass java/awt/GraphicsConfiguration
instanceKlass it/unimi/dsi/fastutil/objects/ReferenceOpenHashSet$$Lambda$126
instanceKlass sun/awt/image/SurfaceManager$ProxiedGraphicsConfig
instanceKlass it/unimi/dsi/fastutil/objects/ObjectSpliterator
instanceKlass it/unimi/dsi/fastutil/objects/ObjectIterator
instanceKlass it/unimi/dsi/fastutil/objects/ReferenceSet
instanceKlass it/unimi/dsi/fastutil/objects/ReferenceCollection
instanceKlass com/sun/java/swing/plaf/gtk/PangoFonts
instanceKlass com/intellij/util/containers/Interner
instanceKlass java/awt/geom/Dimension2D
instanceKlass com/intellij/util/UrlUtilRt
instanceKlass com/sun/java/swing/plaf/gtk/GTKStyle$GTKStockIconInfo
instanceKlass com/intellij/ide/plugins/PluginDescriptorLoader$$Lambda$125
instanceKlass javax/swing/plaf/synth/Region
instanceKlass com/intellij/ide/plugins/IdeaPluginDescriptorImpl
instanceKlass sun/swing/ImageCache
instanceKlass com/sun/java/swing/plaf/gtk/GTKEngine
instanceKlass com/intellij/ide/plugins/ClassPathXmlPathResolver
instanceKlass com/intellij/ide/plugins/DescriptorLoadingContext
instanceKlass java/awt/Toolkit$DesktopPropertyChangeSupport$1
instanceKlass sun/awt/XSettings$Update
instanceKlass sun/awt/X11/XMSelection$3
instanceKlass java/lang/invoke/LambdaForm$MH
instanceKlass java/lang/invoke/LambdaForm$MH
instanceKlass java/lang/invoke/LambdaForm$MH
instanceKlass java/lang/invoke/LambdaForm$MH
instanceKlass java/lang/invoke/LambdaForm$MH
instanceKlass java/lang/invoke/LambdaForm$MH
instanceKlass java/lang/invoke/LambdaForm$MH
instanceKlass java/lang/invoke/LambdaForm$MH
instanceKlass java/lang/invoke/LambdaForm$MH
instanceKlass java/lang/invoke/LambdaForm$MH
instanceKlass java/lang/invoke/LambdaForm$MH
instanceKlass java/lang/invoke/LambdaForm$MH
instanceKlass java/lang/invoke/LambdaForm$MH
instanceKlass java/lang/invoke/LambdaForm$MH
instanceKlass java/lang/invoke/LambdaForm$MH
instanceKlass java/lang/invoke/LambdaForm$MH
instanceKlass java/lang/invoke/LambdaForm$MH
instanceKlass java/lang/invoke/LambdaForm$MH
instanceKlass sun/awt/X11/XMSelection$1
instanceKlass sun/awt/X11/XMSelection
instanceKlass sun/awt/XSettings
instanceKlass sun/awt/X11/XMSelectionListener
instanceKlass sun/awt/X11/XToolkit$$Lambda$124
instanceKlass java/util/EventListenerProxy
instanceKlass sun/awt/KeyboardFocusManagerPeerImpl
instanceKlass java/awt/peer/KeyboardFocusManagerPeer
instanceKlass javax/swing/KeyStroke$1
instanceKlass sun/swing/SwingAccessor$KeyStrokeAccessor
instanceKlass java/awt/AWTKeyStroke
instanceKlass java/awt/FocusTraversalPolicy
instanceKlass java/awt/DefaultKeyboardFocusManager$2
instanceKlass java/awt/DefaultKeyboardFocusManager$1
instanceKlass sun/awt/AWTAccessor$DefaultKeyboardFocusManagerAccessor
instanceKlass java/awt/KeyboardFocusManager$1
instanceKlass sun/awt/AWTAccessor$KeyboardFocusManagerAccessor
instanceKlass java/awt/KeyboardFocusManager
instanceKlass java/awt/KeyEventPostProcessor
instanceKlass java/awt/KeyEventDispatcher
instanceKlass sun/awt/UNIXToolkit$$Lambda$123
instanceKlass sun/swing/DefaultLookup
instanceKlass sun/swing/SwingAccessor
instanceKlass javax/swing/UIDefaults$$Lambda$122
instanceKlass sun/swing/SwingAccessor$UIDefaultsAccessor
instanceKlass javax/swing/UIManager$LAFState
instanceKlass sun/swing/SwingUtilities2$LSBCacheEntry
instanceKlass sun/swing/StringUIClientPropertyKey
instanceKlass javax/swing/UIClientPropertyKey
instanceKlass java/awt/RenderingHints
instanceKlass java/awt/font/FontRenderContext
instanceKlass sun/swing/SwingUtilities2
instanceKlass javax/swing/SwingUtilities
instanceKlass javax/swing/SwingConstants
instanceKlass sun/awt/OSInfo$1
instanceKlass java/lang/invoke/LambdaForm$MH
instanceKlass java/lang/invoke/LambdaForm$MH
instanceKlass java/lang/invoke/LambdaForm$MH
instanceKlass java/lang/invoke/LambdaForm$MH
instanceKlass java/lang/invoke/LambdaForm$MH
instanceKlass java/lang/invoke/LambdaForm$MH
instanceKlass java/lang/invoke/LambdaForm$MH
instanceKlass java/lang/invoke/LambdaForm$MH
instanceKlass java/lang/invoke/LambdaForm$MH
instanceKlass java/lang/invoke/LambdaForm$MH
instanceKlass java/lang/invoke/LambdaForm$MH
instanceKlass java/lang/invoke/LambdaForm$MH
instanceKlass java/lang/invoke/LambdaForm$MH
instanceKlass java/lang/invoke/LambdaForm$MH
instanceKlass java/lang/invoke/LambdaForm$MH
instanceKlass java/lang/invoke/LambdaForm$MH
instanceKlass sun/awt/OSInfo$WindowsVersion
instanceKlass sun/awt/OSInfo
instanceKlass javax/swing/UIManager$LookAndFeelInfo
instanceKlass javax/swing/UIManager
instanceKlass javax/swing/plaf/synth/SynthLookAndFeel$Handler
instanceKlass javax/swing/plaf/synth/SynthStyleFactory
instanceKlass com/sun/jna/Native$2
instanceKlass com/sun/jna/Structure$FFIType$FFITypes
instanceKlass com/sun/jna/Native$ffi_callback
instanceKlass com/sun/jna/JNIEnv
instanceKlass com/sun/jna/PointerType
instanceKlass jdk/internal/module/IllegalAccessLogger$$Lambda$121
instanceKlass jdk/internal/module/IllegalAccessLogger$$Lambda$120
instanceKlass com/sun/jna/NativeMapped
instanceKlass com/sun/jna/WString
instanceKlass javax/swing/plaf/UIResource
instanceKlass javax/swing/LookAndFeel
instanceKlass com/intellij/util/ui/accessibility/ScreenReader
instanceKlass java/awt/image/WritableRenderedImage
instanceKlass java/awt/image/RenderedImage
instanceKlass java/awt/Image
instanceKlass com/intellij/util/ui/StartupUiUtil
instanceKlass com/sun/jna/CallbackProxy
instanceKlass java/awt/TrayIcon
instanceKlass java/awt/MenuComponent
instanceKlass java/awt/EventQueue$4
instanceKlass sun/awt/dnd/SunDragSourceContextPeer
instanceKlass java/awt/dnd/peer/DragSourceContextPeer
instanceKlass com/sun/jna/Callback
instanceKlass com/sun/jna/Structure$ByValue
instanceKlass java/awt/ModalEventFilter
instanceKlass java/awt/EventDispatchThread$HierarchyEventFilter
instanceKlass java/awt/EventFilter
instanceKlass sun/awt/EventQueueItem
instanceKlass java/awt/EventDispatchThread$1
instanceKlass java/awt/Conditional
instanceKlass sun/awt/AWTAutoShutdown$$Lambda$119
instanceKlass java/awt/EventQueue$6
instanceKlass sun/awt/AWTAutoShutdown
instanceKlass java/awt/event/InvocationEvent$1
instanceKlass sun/awt/AWTAccessor$InvocationEventAccessor
instanceKlass java/awt/AWTEvent$1
instanceKlass sun/awt/AWTAccessor$AWTEventAccessor
instanceKlass java/util/EventObject
instanceKlass java/awt/ActiveEvent
instanceKlass com/sun/jna/FromNativeConverter
instanceKlass com/sun/jna/ToNativeConverter
instanceKlass sun/awt/PostEventQueue
instanceKlass sun/awt/MostRecentKeyValue
instanceKlass com/sun/jna/ToNativeContext
instanceKlass java/lang/invoke/LambdaForm$MH
instanceKlass java/lang/invoke/LambdaForm$MH
instanceKlass java/lang/invoke/LambdaForm$MH
instanceKlass com/sun/jna/Structure
instanceKlass java/lang/invoke/LambdaForm$MH
instanceKlass java/lang/invoke/LambdaForm$MH
instanceKlass java/lang/invoke/LambdaForm$MH
instanceKlass java/awt/Queue
instanceKlass sun/awt/AppContext$1
instanceKlass sun/awt/AppContext$2
instanceKlass sun/awt/AppContext$3
instanceKlass sun/awt/AppContext$6
instanceKlass jdk/internal/misc/JavaAWTAccess
instanceKlass sun/awt/AppContext$GetAppContextLock
instanceKlass com/sun/jna/Pointer
instanceKlass sun/awt/AppContext
instanceKlass sun/awt/X11/XToolkit$$Lambda$118
instanceKlass java/lang/ClassLoader$NativeLibrary$Unloader
instanceKlass sun/awt/X11/XAtomList
instanceKlass java/io/DeleteOnExitHook$1
instanceKlass java/io/DeleteOnExitHook
instanceKlass sun/awt/X11/XPropertyCache
instanceKlass java/io/File$TempDirectory
instanceKlass com/sun/jna/Platform
instanceKlass sun/java2d/Disposer$$Lambda$117
instanceKlass sun/java2d/Disposer$1
instanceKlass sun/java2d/Disposer
instanceKlass sun/awt/X11/UnsafeXDisposerRecord
instanceKlass sun/java2d/DisposerRecord
instanceKlass sun/awt/X11/WindowPropertyGetter
instanceKlass com/sun/jna/Native$5
instanceKlass com/sun/jna/Native$1
instanceKlass java/util/logging/Logger$SystemLoggerHelper$1
instanceKlass java/util/logging/Logger$SystemLoggerHelper
instanceKlass java/util/logging/LogManager$4
instanceKlass jdk/internal/logger/DefaultLoggerFinder$1
instanceKlass jdk/internal/logger/BootstrapLogger$BootstrapExecutors
instanceKlass jdk/internal/logger/LoggerFinderLoader
instanceKlass java/lang/System$LoggerFinder$$Lambda$116
instanceKlass sun/awt/X11/XProtocol
instanceKlass sun/awt/X11/XLayerProtocol
instanceKlass sun/awt/X11/XStateProtocol
instanceKlass java/util/stream/Streams
instanceKlass java/util/stream/Streams$AbstractStreamBuilderImpl
instanceKlass java/util/stream/Stream$Builder
instanceKlass java/util/logging/Level$KnownLevel$$Lambda$114
instanceKlass java/lang/invoke/LambdaForm$MH
instanceKlass java/lang/invoke/LambdaForm$DMH
instanceKlass java/lang/invoke/LambdaForm$MH
instanceKlass java/lang/invoke/LambdaForm$MH
instanceKlass java/lang/invoke/LambdaForm$MH
instanceKlass java/lang/invoke/LambdaForm$MH
instanceKlass java/lang/invoke/LambdaForm$DMH
instanceKlass java/lang/invoke/LambdaForm$MH
instanceKlass java/lang/invoke/LambdaForm$DMH
instanceKlass java/lang/invoke/LambdaForm$MH
instanceKlass java/lang/invoke/LambdaForm$MH
instanceKlass java/lang/invoke/LambdaForm$DMH
instanceKlass java/lang/invoke/LambdaForm$DMH
instanceKlass java/lang/invoke/LambdaForm$MH
instanceKlass java/lang/invoke/LambdaForm$MH
instanceKlass java/lang/invoke/LambdaForm$MH
instanceKlass java/lang/invoke/LambdaForm$MH
instanceKlass java/util/logging/Level$$Lambda$113
instanceKlass java/util/Hashtable$Enumerator
instanceKlass java/util/logging/LogManager$LoggerContext$1
instanceKlass java/util/logging/LogManager$VisitedLoggers
instanceKlass java/util/logging/LogManager$2
instanceKlass java/util/logging/LogManager$LoggingProviderAccess
instanceKlass sun/awt/X11/XErrorHandler
instanceKlass java/util/logging/LogManager$LogNode
instanceKlass java/util/logging/LogManager$LoggerContext
instanceKlass sun/awt/X11/XWM$$Lambda$112
instanceKlass java/awt/Insets
instanceKlass java/util/logging/LogManager$1
instanceKlass sun/awt/X11/XAtom
instanceKlass java/util/logging/Logger$ConfigurationData
instanceKlass java/util/logging/Logger$LoggerBundle
instanceKlass sun/awt/X11/XWM
instanceKlass java/util/logging/Level
instanceKlass java/util/logging/Handler
instanceKlass java/util/logging/Logger
instanceKlass sun/awt/util/ThreadGroupUtils
instanceKlass sun/awt/X11/XToolkit$$Lambda$111
instanceKlass sun/awt/X11/XToolkit$$Lambda$110
instanceKlass sun/awt/X11/XToolkit$$Lambda$109
instanceKlass com/sun/jna/Callback$UncaughtExceptionHandler
instanceKlass java/lang/invoke/LambdaForm$MH
instanceKlass com/sun/jna/FromNativeContext
instanceKlass java/io/FilenameFilter
instanceKlass java/lang/invoke/LambdaForm$DMH
instanceKlass com/sun/jna/Native
instanceKlass com/sun/jna/Version
instanceKlass java/lang/Deprecated
instanceKlass com/intellij/util/lang/JavaVersion
instanceKlass com/intellij/util/lang/fastutil/StrippedLongOpenHashSet$SetIterator
instanceKlass java/lang/invoke/LambdaForm$MH
instanceKlass java/lang/invoke/LambdaForm$DMH
instanceKlass java/lang/invoke/LambdaForm$MH
instanceKlass com/intellij/util/BloomFilterBase
instanceKlass java/nio/channels/spi/AbstractSelector$1
instanceKlass io/netty/channel/ChannelFutureListener$3
instanceKlass io/netty/channel/ChannelFutureListener$2
instanceKlass io/netty/channel/ChannelFutureListener$1
instanceKlass io/netty/channel/AbstractChannel$AbstractUnsafe$2
instanceKlass com/intellij/util/lang/fastutil/StrippedLongOpenHashSet
instanceKlass com/intellij/openapi/util/NotNullLazyValue
instanceKlass java/util/zip/ZipFile$ZipEntryIterator
instanceKlass java/util/jar/JarFile$$Lambda$107
instanceKlass com/intellij/openapi/util/io/PathExecLazyValue$$Lambda$108
instanceKlass io/netty/bootstrap/ServerBootstrap$ServerBootstrapAcceptor$1
instanceKlass java/lang/invoke/LambdaForm$MH
instanceKlass com/intellij/openapi/util/io/PathExecLazyValue
instanceKlass java/lang/invoke/LambdaForm$MH
instanceKlass io/netty/bootstrap/AbstractBootstrap$2
instanceKlass io/netty/util/concurrent/DefaultFutureListeners
instanceKlass com/intellij/openapi/util/SystemInfo
instanceKlass io/netty/bootstrap/ServerBootstrap$1$1
instanceKlass java/lang/invoke/ConstantBootstraps
instanceKlass java/lang/invoke/LambdaForm$MH
instanceKlass java/lang/invoke/LambdaForm$MH
instanceKlass com/intellij/jna/JnaLoader
instanceKlass io/netty/bootstrap/AbstractBootstrap$1
instanceKlass com/intellij/util/lang/JdkZipResourceFile
instanceKlass java/lang/invoke/LambdaForm$MH
instanceKlass java/lang/invoke/LambdaForm$MH
instanceKlass io/netty/util/concurrent/FastThreadLocalRunnable
instanceKlass java/lang/invoke/LambdaForm$MH
instanceKlass io/netty/util/internal/ThreadExecutorMap$2
instanceKlass io/netty/util/concurrent/SingleThreadEventExecutor$4
instanceKlass io/netty/util/internal/shaded/org/jctools/queues/LinkedArrayQueueUtil
instanceKlass io/netty/util/concurrent/AbstractEventExecutor$LazyRunnable
instanceKlass io/netty/channel/AbstractChannel$AbstractUnsafe$1
instanceKlass java/lang/invoke/LambdaForm$DMH
instanceKlass java/lang/Class$AnnotationData
instanceKlass java/lang/invoke/LambdaForm$MH
instanceKlass java/lang/invoke/LambdaForm$DMH
instanceKlass java/lang/invoke/LambdaForm$MH
instanceKlass java/lang/invoke/LambdaForm$DMH
instanceKlass sun/awt/X11/XToolkit$$Lambda$106
instanceKlass sun/reflect/annotation/ExceptionProxy
instanceKlass java/lang/StackTraceElement$HashedModules
instanceKlass java/lang/annotation/Target
instanceKlass java/lang/annotation/Documented
instanceKlass sun/font/FontConfigManager$FontConfigInfo
instanceKlass java/lang/reflect/Proxy$ProxyBuilder$1
instanceKlass sun/font/FontConfigManager
instanceKlass sun/awt/SunToolkit$ModalityListenerList
instanceKlass sun/awt/ModalityListener
instanceKlass java/beans/PropertyChangeListener
instanceKlass java/beans/ChangeListenerMap
instanceKlass java/lang/invoke/LambdaForm$MH
instanceKlass java/lang/reflect/ProxyGenerator$ExceptionTableEntry
instanceKlass java/lang/reflect/ProxyGenerator$PrimitiveTypeInfo
instanceKlass java/lang/invoke/LambdaForm$DMH
instanceKlass java/beans/PropertyChangeSupport
instanceKlass java/lang/reflect/ProxyGenerator$FieldInfo
instanceKlass java/lang/reflect/ProxyGenerator$ConstantPool$Entry
instanceKlass java/lang/reflect/ProxyGenerator$MethodInfo
instanceKlass java/lang/reflect/ProxyGenerator$ProxyMethod
instanceKlass sun/awt/X11/XToolkit$2
instanceKlass sun/awt/X11/XEventDispatcher
instanceKlass sun/awt/X11/XToolkit$1
instanceKlass java/lang/reflect/ProxyGenerator$ConstantPool
instanceKlass java/lang/invoke/LambdaForm$MH
instanceKlass sun/awt/X11/Native$1
instanceKlass java/lang/reflect/ProxyGenerator
instanceKlass sun/awt/X11/Native
instanceKlass java/lang/invoke/LambdaForm$DMH
instanceKlass sun/awt/X11/XWrapperBase
instanceKlass sun/util/logging/PlatformLogger$ConfigurableBridge$LoggerConfiguration
instanceKlass java/lang/reflect/Proxy$$Lambda$105
instanceKlass jdk/internal/logger/BootstrapLogger$RedirectedLoggers
instanceKlass java/lang/PublicMethods
instanceKlass java/util/Collections$1
instanceKlass java/lang/reflect/Proxy$ProxyBuilder
instanceKlass java/lang/reflect/Proxy$$Lambda$104
instanceKlass java/lang/invoke/LambdaForm$MH
instanceKlass java/lang/invoke/LambdaForm$MH
instanceKlass java/lang/reflect/Proxy
instanceKlass java/lang/invoke/LambdaForm$MH
instanceKlass java/lang/invoke/LambdaForm$MH
instanceKlass java/lang/invoke/LambdaForm$MH
instanceKlass java/lang/invoke/LambdaForm$MH
instanceKlass java/lang/invoke/LambdaForm$MH
instanceKlass java/lang/invoke/LambdaForm$MH
instanceKlass java/lang/invoke/LambdaForm$MH
instanceKlass java/lang/invoke/LambdaForm$MH
instanceKlass java/lang/invoke/LambdaForm$BMH
instanceKlass java/lang/invoke/LambdaForm$DMH
instanceKlass java/lang/invoke/LambdaForm$MH
instanceKlass java/lang/invoke/LambdaForm$MH
instanceKlass java/lang/invoke/LambdaForm$MH
instanceKlass java/lang/invoke/LambdaForm$MH
instanceKlass java/lang/invoke/LambdaForm$MH
instanceKlass java/lang/invoke/LambdaForm$MH
instanceKlass java/lang/invoke/LambdaForm$MH
instanceKlass java/lang/invoke/LambdaForm$MH
instanceKlass java/lang/invoke/LambdaForm$MH
instanceKlass java/lang/invoke/LambdaForm$MH
instanceKlass java/lang/invoke/LambdaForm$MH
instanceKlass java/lang/invoke/LambdaForm$MH
instanceKlass java/lang/invoke/LambdaForm$MH
instanceKlass java/lang/invoke/LambdaForm$MH
instanceKlass java/lang/invoke/LambdaForm$MH
instanceKlass sun/reflect/annotation/AnnotationInvocationHandler
instanceKlass java/lang/reflect/InvocationHandler
instanceKlass java/lang/invoke/LambdaForm$MH
instanceKlass java/lang/invoke/LambdaForm$MH
instanceKlass java/lang/invoke/LambdaForm$MH
instanceKlass sun/reflect/annotation/AnnotationParser$1
instanceKlass java/lang/invoke/LambdaForm$MH
instanceKlass java/lang/annotation/Inherited
instanceKlass java/lang/invoke/LambdaForm$BMH
instanceKlass java/lang/annotation/Retention
instanceKlass java/lang/invoke/LambdaForm$DMH
instanceKlass sun/reflect/annotation/AnnotationType$1
instanceKlass sun/reflect/annotation/AnnotationType
instanceKlass java/lang/reflect/GenericArrayType
instanceKlass java/lang/invoke/LambdaForm$MH
instanceKlass sun/reflect/generics/visitor/Reifier
instanceKlass sun/reflect/generics/visitor/TypeTreeVisitor
instanceKlass sun/reflect/generics/factory/CoreReflectionFactory
instanceKlass sun/reflect/generics/factory/GenericsFactory
instanceKlass java/lang/invoke/LambdaForm$MH
instanceKlass sun/reflect/generics/scope/AbstractScope
instanceKlass sun/reflect/generics/scope/Scope
instanceKlass sun/reflect/generics/tree/ClassTypeSignature
instanceKlass sun/reflect/generics/tree/SimpleClassTypeSignature
instanceKlass sun/reflect/generics/tree/FieldTypeSignature
instanceKlass sun/reflect/generics/tree/BaseType
instanceKlass sun/reflect/generics/tree/TypeSignature
instanceKlass sun/reflect/generics/tree/ReturnType
instanceKlass sun/reflect/generics/tree/TypeArgument
instanceKlass sun/reflect/generics/tree/TypeTree
instanceKlass sun/reflect/generics/tree/Tree
instanceKlass sun/reflect/generics/parser/SignatureParser
instanceKlass java/lang/invoke/LambdaForm$MH
instanceKlass io/netty/channel/ChannelHandler$Sharable
instanceKlass java/lang/invoke/LambdaForm$MH
instanceKlass io/netty/util/NetUtil$1
instanceKlass io/netty/util/NetUtilInitializations$NetworkIfaceAndInetAddress
instanceKlass java/lang/invoke/LambdaForm$MH
instanceKlass io/netty/util/internal/SocketUtils$11
instanceKlass java/util/Collections$3
instanceKlass io/netty/util/internal/SocketUtils
instanceKlass java/net/NetworkInterface$2
instanceKlass java/lang/invoke/LambdaForm$MH
instanceKlass java/net/DefaultInterface
instanceKlass java/net/InterfaceAddress
instanceKlass java/net/NetworkInterface$1
instanceKlass java/lang/invoke/LambdaForm$MH
instanceKlass io/netty/util/NetUtilInitializations
instanceKlass java/lang/invoke/LambdaForm$MH
instanceKlass java/lang/invoke/LambdaForm$MH
instanceKlass io/netty/util/NetUtil
instanceKlass java/lang/invoke/LambdaForm$MH
instanceKlass java/lang/invoke/LambdaForm$MH
instanceKlass io/netty/buffer/ByteBufUtil$2
instanceKlass java/lang/invoke/LambdaForm$MH
instanceKlass io/netty/buffer/PooledByteBufAllocatorMetric
instanceKlass java/lang/invoke/LambdaForm$MH
instanceKlass java/lang/invoke/LambdaForm$MH
instanceKlass java/lang/invoke/LambdaForm$MH
instanceKlass java/lang/invoke/LambdaForm$MH
instanceKlass java/lang/invoke/LambdaForm$MH
instanceKlass java/lang/invoke/LambdaForm$MH
instanceKlass java/lang/invoke/LambdaForm$MH
instanceKlass io/netty/buffer/PoolChunkList
instanceKlass java/lang/invoke/LambdaForm$MH
instanceKlass io/netty/buffer/PoolChunkListMetric
instanceKlass java/lang/invoke/LambdaForm$MH
instanceKlass com/intellij/util/lang/fastutil/StrippedIntOpenHashSet$SetIterator
instanceKlass java/lang/invoke/LambdaForm$MH
instanceKlass java/lang/invoke/LambdaForm$MH
instanceKlass io/netty/buffer/PoolSubpage
instanceKlass io/netty/buffer/PoolSubpageMetric
instanceKlass java/lang/invoke/LambdaForm$MH
instanceKlass com/intellij/util/lang/fastutil/Hash
instanceKlass java/lang/invoke/LambdaForm$MH
instanceKlass com/intellij/util/lang/fastutil/StrippedIntOpenHashSet
instanceKlass io/netty/buffer/PoolThreadCache
instanceKlass java/lang/invoke/LambdaForm$MH
instanceKlass com/intellij/util/lang/ClasspathCache$LoaderDataBuilder
instanceKlass java/lang/invoke/LambdaForm$MH
instanceKlass java/lang/invoke/LambdaForm$MH
instanceKlass java/lang/invoke/LambdaForm$MH
instanceKlass java/lang/invoke/LambdaForm$MH
instanceKlass io/netty/buffer/SizeClasses
instanceKlass java/lang/invoke/LambdaForm$MH
instanceKlass java/lang/invoke/LambdaForm$MH
instanceKlass io/netty/buffer/PoolArenaMetric
instanceKlass io/netty/buffer/SizeClassesMetric
instanceKlass java/lang/invoke/LambdaForm$MH
instanceKlass java/lang/invoke/LambdaForm$MH
instanceKlass java/lang/invoke/LambdaForm$MH
instanceKlass java/lang/invoke/LambdaForm$MH
instanceKlass io/netty/buffer/PooledByteBufAllocator$1
instanceKlass java/lang/invoke/LambdaForm$MH
instanceKlass java/lang/invoke/LambdaForm$MH
instanceKlass java/lang/invoke/LambdaForm$MH
instanceKlass io/netty/buffer/ByteBufAllocatorMetric
instanceKlass java/lang/invoke/LambdaForm$MH
instanceKlass io/netty/buffer/AbstractByteBufAllocator
instanceKlass io/netty/buffer/ByteBufAllocatorMetricProvider
instanceKlass io/netty/util/ByteProcessor
instanceKlass java/lang/invoke/LambdaForm$MH
instanceKlass java/lang/invoke/LambdaForm$MH
instanceKlass java/lang/invoke/LambdaForm$MH
instanceKlass java/lang/invoke/LambdaForm$MH
instanceKlass java/lang/invoke/LambdaForm$MH
instanceKlass java/lang/invoke/LambdaForm$MH
instanceKlass java/lang/invoke/LambdaForm$MH
instanceKlass java/lang/invoke/LambdaForm$MH
instanceKlass io/netty/buffer/ByteBuf
instanceKlass java/lang/invoke/LambdaForm$MH
instanceKlass io/netty/util/ReferenceCounted
instanceKlass java/lang/invoke/LambdaForm$MH
instanceKlass io/netty/buffer/ByteBufUtil
instanceKlass java/lang/invoke/LambdaForm$MH
instanceKlass java/lang/invoke/LambdaForm$MH
instanceKlass java/lang/invoke/LambdaForm$MH
instanceKlass java/lang/invoke/LambdaForm$MH
instanceKlass java/lang/invoke/LambdaForm$MH
instanceKlass io/netty/channel/RecvByteBufAllocator$Handle
instanceKlass java/lang/invoke/LambdaForm$MH
instanceKlass io/netty/channel/DefaultMaxMessagesRecvByteBufAllocator
instanceKlass io/netty/channel/MaxMessagesRecvByteBufAllocator
instanceKlass java/net/ServerSocket$2
instanceKlass jdk/internal/misc/JavaNetSocketAccess
instanceKlass java/net/ServerSocket
instanceKlass io/netty/channel/WriteBufferWaterMark
instanceKlass io/netty/buffer/ByteBufAllocator
instanceKlass io/netty/channel/DefaultMessageSizeEstimator$HandleImpl
instanceKlass io/netty/channel/DefaultMessageSizeEstimator
instanceKlass io/netty/channel/MessageSizeEstimator
instanceKlass io/netty/channel/RecvByteBufAllocator
instanceKlass java/lang/invoke/LambdaForm$MH
instanceKlass io/netty/channel/DefaultChannelConfig
instanceKlass java/lang/invoke/LambdaForm$DMH
instanceKlass io/netty/channel/nio/AbstractNioChannel$1
instanceKlass io/netty/channel/ChannelHandlerMask$Skip
instanceKlass io/netty/channel/ChannelHandlerMask$2
instanceKlass java/lang/invoke/LambdaForm$MH
instanceKlass io/netty/channel/ChannelHandlerMask
instanceKlass java/lang/invoke/LambdaForm$DMH
instanceKlass io/netty/channel/AbstractChannelHandlerContext$Tasks
instanceKlass io/netty/channel/VoidChannelPromise$1
instanceKlass java/lang/invoke/LambdaForm$MH
instanceKlass javax/security/cert/Certificate
instanceKlass java/security/cert/X509Extension
instanceKlass io/netty/util/AsciiString
instanceKlass io/netty/util/internal/EmptyArrays
instanceKlass io/netty/util/ResourceLeak
instanceKlass io/netty/util/ResourceLeakTracker
instanceKlass io/netty/util/ResourceLeakDetector
instanceKlass io/netty/channel/MessageSizeEstimator$Handle
instanceKlass java/lang/invoke/LambdaForm$DMH
instanceKlass io/netty/channel/ChannelOutboundHandler
instanceKlass io/netty/channel/AbstractChannelHandlerContext
instanceKlass io/netty/util/ResourceLeakHint
instanceKlass java/lang/invoke/LambdaForm$MH
instanceKlass io/netty/channel/DefaultChannelPipeline$PendingHandlerCallback
instanceKlass io/netty/channel/ChannelHandlerContext
instanceKlass io/netty/channel/ChannelProgressivePromise
instanceKlass io/netty/channel/ChannelProgressiveFuture
instanceKlass io/netty/channel/DefaultChannelPipeline
instanceKlass io/netty/channel/ChannelOutboundBuffer$Entry
instanceKlass java/util/concurrent/atomic/AtomicLongFieldUpdater$CASUpdater$1
instanceKlass java/util/concurrent/atomic/AtomicLongFieldUpdater
instanceKlass io/netty/channel/ChannelOutboundBuffer
instanceKlass java/lang/invoke/LambdaForm$DMH
instanceKlass jdk/internal/reflect/ClassDefiner$1
instanceKlass jdk/internal/reflect/ClassDefiner
instanceKlass jdk/internal/reflect/MethodAccessorGenerator$1
instanceKlass io/netty/util/internal/MacAddressUtil
instanceKlass java/lang/invoke/LambdaForm$MH
instanceKlass jdk/internal/reflect/Label$PatchInfo
instanceKlass jdk/internal/reflect/Label
instanceKlass java/lang/invoke/LambdaForm$DMH
instanceKlass io/netty/channel/DefaultChannelId
instanceKlass jdk/internal/reflect/UTF8
instanceKlass io/netty/channel/ChannelFlushPromiseNotifier$FlushCheckpoint
instanceKlass io/netty/channel/ChannelFutureListener
instanceKlass sun/nio/ch/Net$1
instanceKlass java/net/ProtocolFamily
instanceKlass sun/nio/ch/Net
instanceKlass sun/nio/ch/SelChImpl
instanceKlass io/netty/channel/ChannelMetadata
instanceKlass jdk/internal/reflect/ClassFileAssembler
instanceKlass jdk/internal/reflect/ByteVectorImpl
instanceKlass jdk/internal/reflect/ByteVector
instanceKlass jdk/internal/reflect/ByteVectorFactory
instanceKlass jdk/internal/reflect/AccessorGenerator
instanceKlass jdk/internal/reflect/ClassFileConstants
instanceKlass java/lang/invoke/LambdaForm$MH
instanceKlass java/lang/invoke/LambdaForm$MH
instanceKlass java/lang/invoke/LambdaForm$MH
instanceKlass io/netty/util/ConstantPool
instanceKlass io/netty/util/AbstractConstant
instanceKlass java/lang/invoke/LambdaForm$MH
instanceKlass io/netty/util/Constant
instanceKlass java/lang/invoke/LambdaForm$MH
instanceKlass io/netty/channel/socket/ServerSocketChannelConfig
instanceKlass io/netty/channel/ChannelConfig
instanceKlass java/lang/invoke/LambdaForm$MH
instanceKlass java/nio/channels/NetworkChannel
instanceKlass java/lang/invoke/LambdaForm$MH
instanceKlass java/lang/invoke/LambdaForm$MH
instanceKlass io/netty/channel/nio/AbstractNioChannel$NioUnsafe
instanceKlass java/lang/invoke/LambdaForm$MH
instanceKlass io/netty/channel/AbstractChannel$AbstractUnsafe
instanceKlass java/lang/invoke/LambdaForm$MH
instanceKlass java/lang/invoke/LambdaForm$MH
instanceKlass java/lang/invoke/LambdaForm$MH
instanceKlass io/netty/channel/Channel$Unsafe
instanceKlass java/lang/invoke/LambdaForm$MH
instanceKlass io/netty/channel/ChannelId
instanceKlass java/lang/invoke/LambdaForm$MH
instanceKlass java/lang/invoke/LambdaForm$MH
instanceKlass java/lang/invoke/LambdaForm$MH
instanceKlass java/lang/invoke/LambdaForm$MH
instanceKlass java/lang/invoke/LambdaForm$MH
instanceKlass java/lang/invoke/LambdaForm$MH
instanceKlass io/netty/channel/ChannelPipeline
instanceKlass java/lang/invoke/LambdaForm$MH
instanceKlass java/lang/invoke/LambdaForm$MH
instanceKlass java/lang/invoke/LambdaForm$MH
instanceKlass io/netty/channel/ChannelInboundInvoker
instanceKlass java/lang/invoke/LambdaForm$MH
instanceKlass io/netty/util/Attribute
instanceKlass io/netty/channel/ReflectiveChannelFactory
instanceKlass io/netty/util/DefaultAttributeMap
instanceKlass com/intellij/util/lang/ClassPath$UncachedResourceEnumeration
instanceKlass java/awt/GraphicsDevice
instanceKlass java/text/DigitList
instanceKlass sun/java2d/SunGraphicsEnvironment$1
instanceKlass sun/awt/SunDisplayChanger
instanceKlass io/netty/channel/socket/ServerSocketChannel
instanceKlass io/netty/channel/ServerChannel
instanceKlass sun/java2d/SurfaceManagerFactory
instanceKlass io/netty/bootstrap/AbstractBootstrapConfig
instanceKlass java/awt/geom/RectangularShape
instanceKlass io/netty/channel/ChannelFactory
instanceKlass io/netty/bootstrap/ChannelFactory
instanceKlass io/netty/bootstrap/AbstractBootstrap
instanceKlass sun/util/locale/provider/JRELocaleProviderAdapter$$Lambda$103
instanceKlass sun/java2d/loops/GraphicsPrimitiveMgr$2
instanceKlass sun/java2d/loops/GraphicsPrimitiveMgr$1
instanceKlass com/intellij/util/io/NettyKt
instanceKlass com/intellij/util/containers/ObjectIntMap
instanceKlass com/intellij/util/containers/ConcurrentList
instanceKlass com/intellij/util/containers/HashingStrategy
instanceKlass com/intellij/util/containers/ConcurrentIntObjectMap
instanceKlass com/intellij/util/containers/IntObjectMap
instanceKlass com/intellij/util/containers/ConcurrentLongObjectMap
instanceKlass sun/java2d/loops/GeneralRenderer
instanceKlass sun/java2d/loops/CustomComponent
instanceKlass sun/awt/SunHints$Value
instanceKlass java/lang/invoke/LambdaForm$MH
instanceKlass java/lang/invoke/LambdaForm$MH
instanceKlass java/lang/invoke/LambdaForm$MH
instanceKlass java/lang/invoke/LambdaForm$MH
instanceKlass com/intellij/openapi/util/Condition
instanceKlass java/lang/invoke/LambdaForm$MH
instanceKlass java/lang/invoke/LambdaForm$MH
instanceKlass java/lang/invoke/LambdaForm$MH
instanceKlass java/lang/invoke/LambdaForm$MH
instanceKlass java/lang/invoke/LambdaForm$MH
instanceKlass com/intellij/util/containers/MultiMap
instanceKlass java/lang/invoke/LambdaForm$MH
instanceKlass java/lang/invoke/LambdaForm$MH
instanceKlass java/lang/invoke/LambdaForm$MH
instanceKlass java/lang/invoke/LambdaForm$MH
instanceKlass com/intellij/util/containers/ContainerUtil
instanceKlass java/lang/invoke/LambdaForm$MH
instanceKlass java/lang/invoke/LambdaForm$MH
instanceKlass java/lang/invoke/LambdaForm$MH
instanceKlass java/lang/invoke/LambdaForm$MH
instanceKlass com/intellij/ide/plugins/DescriptorListLoadingContext$$Lambda$102
instanceKlass java/awt/RenderingHints$Key
instanceKlass com/intellij/ide/plugins/DescriptorListLoadingContext$$Lambda$101
instanceKlass io/netty/channel/Channel
instanceKlass io/netty/channel/ChannelOutboundInvoker
instanceKlass io/netty/util/AttributeMap
instanceKlass sun/java2d/pipe/ValidatePipe
instanceKlass io/netty/channel/ChannelHandlerAdapter
instanceKlass sun/awt/util/PerformanceLogger$TimeData
instanceKlass sun/awt/util/PerformanceLogger
instanceKlass io/netty/channel/ChannelInboundHandler
instanceKlass sun/net/www/MessageHeader
instanceKlass java/awt/font/JavaAWTFontAccessImpl
instanceKlass jdk/internal/misc/JavaAWTFontAccess
instanceKlass sun/net/www/protocol/jrt/JavaRuntimeURLConnection$$Lambda$99
instanceKlass io/netty/util/concurrent/MultithreadEventExecutorGroup$1
instanceKlass io/netty/util/concurrent/DefaultEventExecutorChooserFactory$GenericEventExecutorChooser
instanceKlass sun/util/locale/provider/JRELocaleProviderAdapter$$Lambda$100
instanceKlass sun/font/AttributeValues
instanceKlass java/text/DateFormatSymbols
instanceKlass sun/font/FontAccess
instanceKlass io/netty/channel/nio/NioEventLoop$SelectorTuple
instanceKlass java/awt/Font
instanceKlass io/netty/channel/nio/NioEventLoop$4
instanceKlass java/nio/channels/SelectionKey
instanceKlass io/netty/channel/nio/NioEventLoop$3
instanceKlass java/awt/BasicStroke
instanceKlass java/awt/Stroke
instanceKlass sun/nio/ch/EPoll
instanceKlass java/text/AttributedCharacterIterator$Attribute
instanceKlass com/intellij/idea/ApplicationLoader$initApplication$2
instanceKlass com/intellij/ide/plugins/PluginManagerCore$$Lambda$98
instanceKlass com/intellij/idea/ApplicationLoader$initApplication$1
instanceKlass com/intellij/openapi/diagnostic/ControlFlowException
instanceKlass com/intellij/idea/ApplicationLoader
instanceKlass java/nio/file/DirectoryStream
instanceKlass java/nio/file/DirectoryStream$Filter
instanceKlass java/nio/channels/AsynchronousFileChannel
instanceKlass java/nio/channels/AsynchronousChannel
instanceKlass java/nio/file/FileStore
instanceKlass com/intellij/util/EnvironmentUtil
instanceKlass java/nio/file/spi/FileSystemProvider$1
instanceKlass com/intellij/ide/plugins/DisabledPluginsState
instanceKlass com/intellij/idea/StartupUtil$$Lambda$97
instanceKlass java/lang/invoke/LambdaForm$DMH
instanceKlass com/intellij/ide/plugins/PluginManagerCore$$Lambda$96
instanceKlass sun/nio/ch/Util$2
instanceKlass com/intellij/openapi/util/BuildNumber
instanceKlass io/netty/channel/nio/NioEventLoop$1
instanceKlass io/netty/util/internal/ThreadExecutorMap$1
instanceKlass io/netty/util/internal/shaded/org/jctools/util/UnsafeRefArrayAccess
instanceKlass io/netty/util/internal/shaded/org/jctools/util/Pow2
instanceKlass io/netty/util/internal/shaded/org/jctools/util/RangeUtil
instanceKlass io/netty/util/internal/shaded/org/jctools/util/UnsafeAccess
instanceKlass io/netty/util/internal/PlatformDependent$Mpsc$1
instanceKlass com/intellij/util/concurrency/BoundedTaskExecutor$1
instanceKlass com/intellij/util/concurrency/BoundedTaskExecutor$$Lambda$95
instanceKlass java/util/function/LongUnaryOperator
instanceKlass java/lang/invoke/LambdaForm$DMH
instanceKlass io/netty/util/internal/PlatformDependent$Mpsc
instanceKlass io/netty/util/CharsetUtil
instanceKlass io/netty/util/internal/PlatformDependent$4
instanceKlass io/netty/util/internal/CleanerJava9$1
instanceKlass io/netty/util/internal/CleanerJava9
instanceKlass java/lang/Long$LongCache
instanceKlass io/netty/util/internal/PlatformDependent$2
instanceKlass io/netty/util/internal/PlatformDependent$1
instanceKlass com/intellij/ide/plugins/PluginLoadingResult
instanceKlass java/lang/reflect/AccessibleObject$$Lambda$94
instanceKlass javax/management/MBeanServer
instanceKlass javax/management/MBeanServerConnection
instanceKlass java/lang/management/OperatingSystemMXBean
instanceKlass java/lang/management/CompilationMXBean
instanceKlass java/lang/management/ThreadMXBean
instanceKlass java/lang/management/ClassLoadingMXBean
instanceKlass java/net/URLConnection
instanceKlass io/netty/util/internal/PlatformDependent0$6
instanceKlass sun/awt/SunHints
instanceKlass io/netty/util/internal/PlatformDependent0$5
instanceKlass com/intellij/ide/plugins/PluginDescriptorLoader
instanceKlass java/awt/geom/Path2D
instanceKlass io/netty/util/internal/PlatformDependent0$4
instanceKlass java/awt/Shape
instanceKlass com/intellij/idea/StartupUtil$$Lambda$93
instanceKlass java/awt/AlphaComposite
instanceKlass sun/java2d/loops/XORComposite
instanceKlass java/awt/Composite
instanceKlass com/intellij/util/concurrency/NonUrgentExecutor
instanceKlass io/netty/util/internal/PlatformDependent0$3
instanceKlass java/awt/geom/AffineTransform
instanceKlass com/intellij/ide/plugins/PluginManagerCore$$Lambda$92
instanceKlass io/netty/util/internal/PlatformDependent0$2
instanceKlass com/intellij/ide/plugins/DescriptorListLoadingContext
instanceKlass java/awt/Color
instanceKlass java/awt/Paint
instanceKlass jdk/internal/reflect/UnsafeFieldAccessorFactory
instanceKlass com/intellij/openapi/extensions/PluginId$$Lambda$91
instanceKlass java/lang/reflect/AccessibleObject$$Lambda$90
instanceKlass java/awt/Graphics
instanceKlass io/netty/util/internal/ReflectionUtil
instanceKlass sun/java2d/DestSurfaceProvider
instanceKlass sun/awt/ConstrainableGraphics
instanceKlass sun/misc/Unsafe
instanceKlass io/netty/util/internal/PlatformDependent0$1
instanceKlass sun/java2d/loops/CompositeType
instanceKlass io/netty/util/internal/PlatformDependent0
instanceKlass sun/java2d/loops/GraphicsPrimitiveMgr
instanceKlass sun/java2d/loops/GraphicsPrimitive
instanceKlass java/util/regex/CharPredicates$$Lambda$89
instanceKlass sun/java2d/xr/XRPMBlitLoops
instanceKlass io/netty/util/internal/PlatformDependent$ThreadLocalRandomProvider
instanceKlass io/netty/util/internal/Cleaner
instanceKlass java/lang/StrictMath
instanceKlass it/unimi/dsi/fastutil/HashCommon
instanceKlass it/unimi/dsi/fastutil/objects/Object2ObjectMap$FastEntrySet
instanceKlass it/unimi/dsi/fastutil/objects/ObjectSet
instanceKlass it/unimi/dsi/fastutil/objects/ObjectCollection
instanceKlass it/unimi/dsi/fastutil/objects/ObjectIterable
instanceKlass it/unimi/dsi/fastutil/objects/AbstractObject2ObjectFunction
instanceKlass sun/font/FontManagerNativeLibrary$1
instanceKlass it/unimi/dsi/fastutil/objects/Object2ObjectMap
instanceKlass sun/font/FontManagerNativeLibrary
instanceKlass it/unimi/dsi/fastutil/objects/Object2ObjectFunction
instanceKlass sun/java2d/loops/RenderCache$Entry
instanceKlass sun/java2d/loops/RenderCache
instanceKlass sun/java2d/pipe/DrawImage
instanceKlass com/intellij/openapi/util/text/HtmlChunk
instanceKlass sun/java2d/pipe/GeneralCompositePipe
instanceKlass sun/java2d/pipe/SpanShapeRenderer
instanceKlass io/netty/util/internal/shaded/org/jctools/queues/SupportsIterator
instanceKlass sun/java2d/pipe/AlphaPaintPipe
instanceKlass io/netty/util/internal/shaded/org/jctools/queues/QueueProgressIndicators
instanceKlass io/netty/util/internal/shaded/org/jctools/queues/IndexedQueueSizeUtil$IndexedQueue
instanceKlass sun/java2d/pipe/AAShapePipe
instanceKlass com/intellij/ide/plugins/PathBasedJdomXIncluder$PathResolver
instanceKlass sun/java2d/pipe/RegionIterator
instanceKlass com/intellij/util/graph/InboundSemiGraph
instanceKlass sun/java2d/pipe/Region
instanceKlass com/intellij/openapi/util/Getter
instanceKlass sun/java2d/pipe/SpanClipRenderer
instanceKlass com/intellij/ide/plugins/IdeaPluginDescriptor
instanceKlass it/unimi/dsi/fastutil/Function
instanceKlass com/intellij/openapi/extensions/PluginDescriptor
instanceKlass sun/java2d/pipe/PixelToShapeConverter
instanceKlass com/intellij/ide/plugins/PluginManagerCore
instanceKlass sun/java2d/pipe/AlphaColorPipe
instanceKlass sun/java2d/pipe/CompositePipe
instanceKlass sun/java2d/pipe/GlyphListPipe
instanceKlass it/unimi/dsi/fastutil/Hash
instanceKlass sun/java2d/pipe/OutlineTextRenderer
instanceKlass it/unimi/dsi/fastutil/Hash$Strategy
instanceKlass sun/java2d/ReentrantContextProvider
instanceKlass com/intellij/util/containers/CollectionFactory
instanceKlass sun/java2d/marlin/FloatMath
instanceKlass sun/java2d/marlin/MarlinProperties
instanceKlass com/intellij/openapi/extensions/PluginId
instanceKlass io/netty/util/internal/shaded/org/jctools/queues/MessagePassingQueue
instanceKlass sun/java2d/marlin/MarlinConst
instanceKlass com/intellij/idea/StartupUtil$$Lambda$88
instanceKlass com/intellij/openapi/application/impl/ApplicationInfoImpl$UpdateUrlsImpl
instanceKlass java/text/DontCareFieldPosition$1
instanceKlass java/text/Format$FieldDelegate
instanceKlass java/text/FieldPosition
instanceKlass sun/java2d/pipe/RenderingEngine
instanceKlass sun/java2d/pipe/LoopPipe
instanceKlass sun/java2d/pipe/LoopBasedPipe
instanceKlass sun/java2d/pipe/ParallelogramPipe
instanceKlass io/netty/util/internal/LongCounter
instanceKlass io/netty/util/internal/PlatformDependent
instanceKlass org/apache/log4j/spi/LoggingEvent
instanceKlass sun/java2d/pipe/NullPipe
instanceKlass sun/java2d/pipe/DrawImagePipe
instanceKlass sun/java2d/pipe/TextPipe
instanceKlass sun/java2d/pipe/ShapeDrawPipe
instanceKlass sun/java2d/pipe/PixelFillPipe
instanceKlass sun/java2d/pipe/PixelDrawPipe
instanceKlass sun/java2d/StateTrackableDelegate$2
instanceKlass io/netty/channel/DefaultSelectStrategy
instanceKlass org/apache/log4j/CategoryKey
instanceKlass io/netty/channel/SelectStrategy
instanceKlass sun/java2d/StateTrackableDelegate
instanceKlass com/intellij/idea/IdeaLogger$$Lambda$87
instanceKlass io/netty/channel/nio/NioEventLoop$2
instanceKlass org/apache/log4j/spi/ThrowableRenderer
instanceKlass java/awt/color/ICC_Profile$1
instanceKlass sun/java2d/cmm/ProfileActivator
instanceKlass java/util/concurrent/CountDownLatch
instanceKlass sun/java2d/cmm/ProfileDeferralMgr
instanceKlass java/util/concurrent/atomic/AtomicIntegerFieldUpdater$AtomicIntegerFieldUpdaterImpl$1
instanceKlass com/intellij/idea/IdeaLogger$$Lambda$86
instanceKlass java/awt/color/ICC_Profile
instanceKlass java/util/concurrent/atomic/AtomicIntegerFieldUpdater
instanceKlass java/awt/color/ColorSpace
instanceKlass io/netty/util/concurrent/SingleThreadEventExecutor$1
instanceKlass com/intellij/diagnostic/DefaultIdeaErrorLogger
instanceKlass com/intellij/openapi/diagnostic/ErrorLogger
instanceKlass io/netty/util/IntSupplier
instanceKlass java/awt/image/ColorModel$1
instanceKlass java/nio/channels/Selector
instanceKlass java/awt/image/ColorModel
instanceKlass io/netty/channel/ChannelPromise
instanceKlass io/netty/channel/ChannelFuture
instanceKlass io/netty/util/concurrent/ThreadProperties
instanceKlass java/util/Date
instanceKlass sun/awt/image/PixelConverter
instanceKlass io/netty/util/internal/ThreadExecutorMap$3
instanceKlass sun/util/calendar/CalendarUtils
instanceKlass sun/util/calendar/CalendarDate
instanceKlass io/netty/util/internal/UnpaddedInternalThreadLocalMap
instanceKlass sun/java2d/loops/SurfaceType
instanceKlass io/netty/util/concurrent/FastThreadLocal
instanceKlass io/netty/util/internal/ThreadExecutorMap
instanceKlass io/netty/util/internal/StringUtil
instanceKlass sun/java2d/SurfaceData
instanceKlass sun/java2d/Surface
instanceKlass io/netty/util/concurrent/DefaultThreadFactory
instanceKlass io/netty/util/concurrent/GlobalEventExecutor$TaskRunner
instanceKlass io/netty/util/concurrent/GlobalEventExecutor$1
instanceKlass io/netty/util/concurrent/PromiseTask$SentinelRunnable
instanceKlass io/netty/util/internal/PriorityQueueNode
instanceKlass io/netty/util/concurrent/AbstractScheduledEventExecutor$2
instanceKlass sun/java2d/StateTrackable
instanceKlass sun/java2d/DisposerTarget
instanceKlass io/netty/util/concurrent/AbstractScheduledEventExecutor$1
instanceKlass java/awt/Transparency
instanceKlass io/netty/util/concurrent/ScheduledFuture
instanceKlass io/netty/util/internal/PriorityQueue
instanceKlass io/netty/util/concurrent/ProgressivePromise
instanceKlass io/netty/util/concurrent/ProgressiveFuture
instanceKlass io/netty/util/internal/ThrowableUtil
instanceKlass io/netty/util/concurrent/DefaultPromise$CauseHolder
instanceKlass java/util/concurrent/atomic/AtomicReferenceFieldUpdater$AtomicReferenceFieldUpdaterImpl$1
instanceKlass java/util/concurrent/atomic/AtomicReferenceFieldUpdater
instanceKlass org/jdom/ContentList$FilterListIterator
instanceKlass org/jdom/filter2/AbstractFilter
instanceKlass org/jdom/filter2/Filter
instanceKlass org/jdom/filter/AbstractFilter
instanceKlass sun/awt/X11/XlibWrapper
instanceKlass sun/awt/X11/XErrorHandlerUtil
instanceKlass io/netty/util/concurrent/AbstractFuture
instanceKlass org/jdom/internal/ArrayCopy
instanceKlass io/netty/util/concurrent/EventExecutorChooserFactory$EventExecutorChooser
instanceKlass io/netty/util/concurrent/DefaultEventExecutorChooserFactory
instanceKlass io/netty/util/concurrent/ThreadPerTaskExecutor
instanceKlass io/netty/util/concurrent/RejectedExecutionHandlers$1
instanceKlass io/netty/util/concurrent/RejectedExecutionHandler
instanceKlass io/netty/util/concurrent/RejectedExecutionHandlers
instanceKlass io/netty/channel/DefaultSelectStrategyFactory
instanceKlass io/netty/channel/SelectStrategyFactory
instanceKlass sun/nio/ch/DefaultSelectorProvider
instanceKlass sun/awt/X11GraphicsEnvironment$1
instanceKlass sun/font/FontUtilities$1
instanceKlass sun/font/FontUtilities
instanceKlass org/jdom/AttributeList$ALIterator
instanceKlass org/jdom/AttributeList$1
instanceKlass sun/awt/DisplayChangedListener
instanceKlass sun/util/cldr/CLDRLocaleProviderAdapter$$Lambda$85
instanceKlass sun/util/locale/provider/CalendarDataUtility$CalendarWeekParameterGetter
instanceKlass sun/util/locale/provider/LocaleServiceProviderPool$LocalizedObjectGetter
instanceKlass java/awt/GraphicsEnvironment$LocalGE
instanceKlass sun/util/locale/provider/LocaleServiceProviderPool
instanceKlass jdk/internal/logger/LazyLoggers$LazyLoggerAccessor
instanceKlass jdk/internal/logger/LazyLoggers$LoggerAccessor
instanceKlass jdk/internal/logger/AbstractLoggerWrapper
instanceKlass sun/util/calendar/CalendarSystem
instanceKlass sun/util/logging/internal/LoggingProviderImpl$LogManagerAccess
instanceKlass java/util/Calendar$Builder
instanceKlass com/sun/org/apache/xerces/internal/util/XMLChar
instanceKlass com/intellij/openapi/util/SafeJdomFactory$BaseSafeJdomFactory
instanceKlass com/intellij/openapi/util/SafeJdomFactory
instanceKlass org/jdom/CloneBase
instanceKlass java/nio/channels/spi/SelectorProvider$1
instanceKlass java/nio/channels/spi/SelectorProvider
instanceKlass com/intellij/openapi/util/SafeStAXStreamBuilder
instanceKlass sun/util/locale/provider/JRELocaleProviderAdapter$$Lambda$84
instanceKlass io/netty/util/internal/SystemPropertyUtil
instanceKlass com/sun/xml/internal/stream/util/BufferAllocator
instanceKlass com/sun/xml/internal/stream/util/ThreadLocalBufferAllocator
instanceKlass io/netty/util/NettyRuntime$AvailableProcessorsHolder
instanceKlass java/util/zip/Checksum$1
instanceKlass com/sun/xml/internal/stream/Entity
instanceKlass java/util/zip/CRC32
instanceKlass java/util/zip/Checksum
instanceKlass io/netty/util/NettyRuntime
instanceKlass sun/util/calendar/ZoneInfoFile$ZoneOffsetTransitionRule
instanceKlass io/netty/channel/EventLoop
instanceKlass com/sun/org/apache/xerces/internal/util/XMLSymbols
instanceKlass com/sun/org/apache/xerces/internal/utils/XMLLimitAnalyzer
instanceKlass io/netty/util/concurrent/OrderedEventExecutor
instanceKlass com/sun/org/apache/xerces/internal/impl/msg/XMLMessageFormatter
instanceKlass com/sun/org/apache/xerces/internal/util/MessageFormatter
instanceKlass io/netty/util/concurrent/FutureListener
instanceKlass io/netty/util/concurrent/GenericFutureListener
instanceKlass com/sun/org/apache/xerces/internal/impl/XMLErrorReporter
instanceKlass io/netty/util/concurrent/Promise
instanceKlass io/netty/util/concurrent/EventExecutor
instanceKlass com/sun/org/apache/xerces/internal/impl/XMLEntityScanner
instanceKlass com/sun/org/apache/xerces/internal/xni/XMLLocator
instanceKlass io/netty/util/concurrent/EventExecutorChooserFactory
instanceKlass io/netty/util/concurrent/Future
instanceKlass com/sun/xml/internal/stream/XMLEntityStorage
instanceKlass io/netty/util/concurrent/AbstractEventExecutorGroup
instanceKlass io/netty/channel/EventLoopGroup
instanceKlass io/netty/util/concurrent/EventExecutorGroup
instanceKlass com/sun/org/apache/xerces/internal/impl/XMLEntityManager
instanceKlass com/sun/org/apache/xerces/internal/xni/parser/XMLEntityResolver
instanceKlass org/jetbrains/io/BuiltInServerKt
instanceKlass org/jetbrains/io/BuiltInServerThreadFactory
instanceKlass com/sun/org/apache/xerces/internal/util/NamespaceContextWrapper
instanceKlass javax/xml/namespace/NamespaceContext
instanceKlass com/sun/org/apache/xerces/internal/xni/grammars/XMLDTDDescription
instanceKlass com/sun/org/apache/xerces/internal/xni/grammars/XMLGrammarDescription
instanceKlass com/sun/org/apache/xerces/internal/impl/XMLDocumentScannerImpl$TrailingMiscDriver
instanceKlass com/sun/org/apache/xerces/internal/impl/XMLDocumentScannerImpl$PrologDriver
instanceKlass io/netty/util/internal/logging/InternalLoggerFactory
instanceKlass com/sun/org/apache/xerces/internal/impl/XMLDocumentScannerImpl$XMLDeclDriver
instanceKlass com/sun/org/apache/xerces/internal/util/NamespaceSupport
instanceKlass com/sun/org/apache/xerces/internal/xni/NamespaceContext
instanceKlass io/netty/util/internal/ObjectUtil
instanceKlass jdk/internal/loader/URLClassPath$1
instanceKlass com/sun/org/apache/xerces/internal/util/AugmentationsImpl$AugmentationsItemsContainer
instanceKlass com/sun/org/apache/xerces/internal/util/AugmentationsImpl
instanceKlass com/sun/org/apache/xerces/internal/xni/Augmentations
instanceKlass java/lang/CompoundEnumeration
instanceKlass sun/util/calendar/ZoneInfoFile$1
instanceKlass com/sun/org/apache/xerces/internal/util/XMLAttributesImpl$Attribute
instanceKlass io/netty/util/internal/logging/AbstractInternalLogger
instanceKlass com/sun/org/apache/xerces/internal/util/XMLAttributesImpl
instanceKlass io/netty/util/internal/logging/InternalLogger
instanceKlass com/sun/org/apache/xerces/internal/xni/XMLAttributes
instanceKlass sun/util/calendar/ZoneInfoFile
instanceKlass jdk/internal/loader/BuiltinClassLoader$1
instanceKlass com/sun/org/apache/xerces/internal/impl/XMLDocumentFragmentScannerImpl$FragmentContentDriver
instanceKlass com/sun/org/apache/xerces/internal/impl/XMLDocumentFragmentScannerImpl$Driver
instanceKlass com/sun/org/apache/xerces/internal/impl/XMLDocumentFragmentScannerImpl$ElementStack2
instanceKlass com/sun/org/apache/xerces/internal/xni/QName
instanceKlass com/sun/org/apache/xerces/internal/impl/XMLDocumentFragmentScannerImpl$ElementStack
instanceKlass com/sun/org/apache/xerces/internal/util/XMLResourceIdentifierImpl
instanceKlass com/sun/org/apache/xerces/internal/xni/XMLResourceIdentifier
instanceKlass kotlin/jvm/internal/Intrinsics
instanceKlass java/lang/ModuleLayer$$Lambda$83
instanceKlass com/sun/org/apache/xerces/internal/xni/XMLString
instanceKlass java/util/TimeZone
instanceKlass com/sun/org/apache/xerces/internal/impl/XMLScanner
instanceKlass java/util/Spliterators$1Adapter
instanceKlass java/lang/System$LoggerFinder
instanceKlass jdk/internal/logger/BootstrapLogger$DetectBackend$1
instanceKlass java/util/Vector$1
instanceKlass jdk/internal/logger/BootstrapLogger$DetectBackend
instanceKlass com/sun/xml/internal/stream/XMLBufferListener
instanceKlass jdk/internal/logger/BootstrapLogger
instanceKlass org/apache/log4j/spi/Filter
instanceKlass sun/util/logging/PlatformLogger$ConfigurableBridge
instanceKlass sun/util/logging/PlatformLogger$Bridge
instanceKlass com/sun/org/apache/xerces/internal/impl/XMLEntityHandler
instanceKlass java/lang/System$Logger
instanceKlass org/jdom/adapters/DOMAdapter
instanceKlass com/sun/org/apache/xerces/internal/xni/parser/XMLComponent
instanceKlass com/sun/org/apache/xerces/internal/xni/parser/XMLDocumentScanner
instanceKlass com/sun/org/apache/xerces/internal/xni/parser/XMLDocumentSource
instanceKlass jdk/internal/logger/LazyLoggers$LazyLoggerFactories
instanceKlass jdk/internal/logger/LazyLoggers$1
instanceKlass jdk/internal/logger/LazyLoggers
instanceKlass org/jetbrains/io/BuiltInServer$Companion
instanceKlass com/intellij/idea/LoggerFactory
instanceKlass com/intellij/idea/SocketLock$$Lambda$82
instanceKlass com/intellij/idea/StartupUtil$$Lambda$81
instanceKlass sun/util/logging/PlatformLogger
instanceKlass java/lang/Shutdown$Lock
instanceKlass java/lang/Shutdown
instanceKlass java/lang/ApplicationShutdownHooks$1
instanceKlass java/lang/ApplicationShutdownHooks
instanceKlass com/sun/org/apache/xerces/internal/util/SymbolTable$Entry
instanceKlass com/intellij/openapi/util/ShutDownTracker$ShutDownTrackerHolder
instanceKlass com/sun/org/apache/xerces/internal/util/SymbolTable
instanceKlass java/util/Collections$SynchronizedMap
instanceKlass sun/awt/WeakIdentityHashMap
instanceKlass sun/awt/KeyboardFocusManagerPeerProvider
instanceKlass sun/awt/InputMethodSupport
instanceKlass sun/awt/ComponentFactory
instanceKlass com/sun/org/apache/xerces/internal/impl/XMLStreamReaderImpl
instanceKlass javax/xml/stream/XMLStreamReader
instanceKlass javax/xml/stream/XMLStreamConstants
instanceKlass com/intellij/openapi/util/ShutDownTracker
instanceKlass com/sun/org/apache/xerces/internal/xni/parser/XMLInputSource
instanceKlass com/intellij/openapi/util/text/StringUtilRt
instanceKlass com/intellij/util/ArrayUtilRt
instanceKlass com/intellij/util/text/CharArrayCharSequence
instanceKlass com/intellij/openapi/util/text/CharSequenceWithStringHash
instanceKlass com/intellij/util/text/CharSequenceBackedByArray
instanceKlass com/intellij/openapi/util/text/Strings
instanceKlass com/intellij/idea/StartupUtil$2
instanceKlass java/awt/Toolkit$2
instanceKlass javax/xml/stream/FactoryFinder$$Lambda$80
instanceKlass javax/xml/parsers/SAXParserFactory
instanceKlass jdk/xml/internal/JdkXmlUtils
instanceKlass com/sun/org/apache/xerces/internal/utils/XMLSecurityPropertyManager
instanceKlass jdk/xml/internal/SecuritySupport$$Lambda$79
instanceKlass java/lang/invoke/LambdaForm$MH
instanceKlass java/lang/invoke/LambdaForm$DMH
instanceKlass com/intellij/idea/SocketLock$$Lambda$78
instanceKlass org/jetbrains/io/BuiltInServer
instanceKlass java/util/AbstractMap$SimpleEntry
instanceKlass sun/net/util/SocketExceptions
instanceKlass java/lang/invoke/LambdaForm$MH
instanceKlass sun/net/NetHooks$Provider
instanceKlass java/lang/invoke/LambdaForm$DMH
instanceKlass sun/net/NetHooks
instanceKlass sun/net/spi/DefaultProxySelector$4
instanceKlass sun/net/spi/DefaultProxySelector$NonProxyInfo
instanceKlass sun/net/NetProperties$1
instanceKlass sun/net/NetProperties
instanceKlass sun/net/spi/DefaultProxySelector$1
instanceKlass java/net/Proxy
instanceKlass java/lang/invoke/LambdaForm$MH
instanceKlass java/net/ProxySelector
instanceKlass java/net/SocksSocketImpl$3
instanceKlass java/lang/invoke/LambdaForm$DMH
instanceKlass jdk/net/LinuxSocketOptions$$Lambda$77
instanceKlass jdk/net/ExtendedSocketOptions$PlatformSocketOptions$1
instanceKlass jdk/net/ExtendedSocketOptions$PlatformSocketOptions
instanceKlass java/lang/invoke/LambdaForm$MH
instanceKlass jdk/net/SocketFlow
instanceKlass jdk/net/ExtendedSocketOptions$ExtSocketOption
instanceKlass jdk/net/ExtendedSocketOptions
instanceKlass java/lang/invoke/LambdaForm$DMH
instanceKlass sun/net/ext/ExtendedSocketOptions
instanceKlass java/net/AbstractPlainSocketImpl$1
instanceKlass java/net/NetworkInterface
instanceKlass java/net/StandardSocketOptions$StdSocketOption
instanceKlass java/net/SocketOption
instanceKlass java/net/StandardSocketOptions
instanceKlass java/net/SocketImpl
instanceKlass java/net/SocketOptions
instanceKlass java/lang/invoke/ClassSpecializer$Factory$1Var
instanceKlass java/lang/invoke/LambdaForm$MH
instanceKlass java/net/SocksConsts
instanceKlass java/net/InetSocketAddress$InetSocketAddressHolder
instanceKlass java/net/SocketAddress
instanceKlass java/lang/invoke/LambdaForm$BMH
instanceKlass java/lang/invoke/LambdaForm$DMH
instanceKlass java/net/Inet4AddressImpl
instanceKlass java/net/Socket
instanceKlass com/intellij/openapi/application/JetBrainsProtocolHandler
instanceKlass java/lang/invoke/LambdaForm$DMH
instanceKlass java/lang/invoke/LambdaForm$MH
instanceKlass com/intellij/idea/SocketLock$$Lambda$76
instanceKlass java/lang/invoke/LambdaForm$DMH
instanceKlass java/lang/invoke/LambdaForm$MH
instanceKlass java/lang/invoke/LambdaForm$DMH
instanceKlass java/lang/invoke/LambdaForm$MH
instanceKlass com/intellij/idea/SocketLock$$Lambda$75
instanceKlass com/sun/org/apache/xerces/internal/utils/XMLSecurityManager
instanceKlass java/lang/invoke/LambdaForm$MH
instanceKlass io/netty/channel/ChannelHandler
instanceKlass com/sun/org/apache/xerces/internal/impl/PropertyManager
instanceKlass java/lang/invoke/LambdaForm$MH
instanceKlass com/intellij/idea/SocketLock
instanceKlass java/lang/invoke/LambdaForm$MH
instanceKlass java/lang/ProcessImpl$$Lambda$74
instanceKlass java/lang/ProcessHandleImpl$1
instanceKlass java/lang/invoke/LambdaForm$MH
instanceKlass java/lang/invoke/LambdaForm$DMH
instanceKlass java/lang/invoke/LambdaForm$MH
instanceKlass java/lang/invoke/LambdaForm$DMH
instanceKlass java/lang/invoke/LambdaForm$MH
instanceKlass java/lang/ProcessImpl$$Lambda$73
instanceKlass java/lang/invoke/LambdaForm$MH
instanceKlass java/lang/invoke/LambdaForm$MH
instanceKlass java/lang/invoke/LambdaForm$MH
instanceKlass java/lang/invoke/LambdaForm$DMH
instanceKlass java/lang/invoke/LambdaForm$MH
instanceKlass java/lang/invoke/LambdaForm$DMH
instanceKlass java/lang/invoke/LambdaForm$MH
instanceKlass java/lang/ProcessHandleImpl$$Lambda$72
instanceKlass java/lang/invoke/LambdaForm$MH
instanceKlass java/lang/invoke/LambdaForm$DMH
instanceKlass java/lang/invoke/LambdaForm$DMH
instanceKlass java/lang/invoke/LambdaForm$MH
instanceKlass java/lang/invoke/LambdaForm$MH
instanceKlass java/lang/ProcessHandleImpl$$Lambda$67
instanceKlass java/lang/invoke/LambdaForm$MH
instanceKlass jdk/xml/internal/SecuritySupport$$Lambda$71
instanceKlass java/lang/invoke/LambdaForm$MH
instanceKlass javax/xml/stream/FactoryFinder$$Lambda$70
instanceKlass java/lang/invoke/LambdaForm$MH
instanceKlass javax/xml/stream/FactoryFinder$$Lambda$69
instanceKlass java/lang/invoke/LambdaForm$MH
instanceKlass jdk/xml/internal/SecuritySupport$$Lambda$68
instanceKlass java/lang/invoke/LambdaForm$MH
instanceKlass jdk/xml/internal/SecuritySupport
instanceKlass java/lang/invoke/LambdaForm$MH
instanceKlass javax/xml/stream/FactoryFinder
instanceKlass java/lang/invoke/LambdaForm$MH
instanceKlass javax/xml/stream/XMLInputFactory
instanceKlass java/lang/ProcessHandleImpl
instanceKlass java/lang/ProcessHandle
instanceKlass java/lang/invoke/LambdaForm$MH
instanceKlass com/intellij/openapi/util/JDOMUtil$EmptyTextFilter
instanceKlass java/util/regex/Pattern$CharPredicate$$Lambda$66
instanceKlass java/lang/invoke/LambdaForm$MH
instanceKlass java/lang/invoke/LambdaForm$MH
instanceKlass java/lang/invoke/LambdaForm$MH
instanceKlass java/lang/ProcessImpl$1
instanceKlass java/lang/invoke/LambdaForm$DMH
instanceKlass java/lang/ProcessImpl$Platform$$Lambda$65
instanceKlass java/lang/Process
instanceKlass java/lang/ProcessBuilder
instanceKlass sun/nio/fs/UnixFileModeAttribute$1
instanceKlass java/nio/file/attribute/PosixFileAttributeView
instanceKlass java/nio/file/attribute/FileOwnerAttributeView
instanceKlass java/lang/invoke/LambdaForm$MH
instanceKlass org/jdom/Verifier
instanceKlass java/lang/invoke/LambdaForm$MH
instanceKlass java/lang/invoke/LambdaForm$MH
instanceKlass org/jdom/Namespace
instanceKlass java/lang/invoke/LambdaForm$MH
instanceKlass java/lang/invoke/LambdaForm$MH
instanceKlass org/jdom/output/XMLOutputter
instanceKlass sun/nio/ch/FileKey
instanceKlass org/jdom/Parent
instanceKlass org/jdom/NamespaceAware
instanceKlass sun/nio/ch/FileLockTable
instanceKlass java/lang/invoke/LambdaForm$MH
instanceKlass java/nio/channels/FileLock
instanceKlass java/lang/invoke/LambdaForm$MH
instanceKlass java/lang/invoke/LambdaForm$MH
instanceKlass java/lang/invoke/LambdaForm$MH
instanceKlass org/jdom/filter/Filter
instanceKlass java/lang/invoke/LambdaForm$MH
instanceKlass java/awt/Toolkit$1
instanceKlass com/intellij/openapi/util/JDOMUtil
instanceKlass java/lang/invoke/LambdaForm$MH
instanceKlass com/intellij/util/lang/ZipResourceFile$ZipFileResource
instanceKlass java/lang/invoke/LambdaForm$MH
instanceKlass java/lang/invoke/LambdaForm$MH
instanceKlass java/lang/invoke/LambdaForm$MH
instanceKlass java/lang/invoke/LambdaForm$MH
instanceKlass java/lang/invoke/LambdaForm$MH
instanceKlass java/lang/invoke/LambdaForm$MH
instanceKlass java/lang/invoke/LambdaForm$MH
instanceKlass java/lang/invoke/LambdaForm$MH
instanceKlass java/lang/invoke/LambdaForm$MH
instanceKlass java/lang/invoke/LambdaForm$MH
instanceKlass java/lang/invoke/LambdaForm$MH
instanceKlass com/intellij/openapi/util/SystemInfoRt
instanceKlass java/awt/Toolkit$3
instanceKlass jdk/internal/module/SystemModuleFinders$SystemModuleReader$$Lambda$64
instanceKlass jdk/internal/module/Checks
instanceKlass java/util/ResourceBundle$ResourceBundleProviderHelper$$Lambda$63
instanceKlass com/intellij/util/SystemProperties
instanceKlass com/intellij/openapi/application/PathManager
instanceKlass java/util/ResourceBundle$ResourceBundleProviderHelper$$Lambda$62
instanceKlass java/util/ResourceBundle$3
instanceKlass com/sun/jdi/Field
instanceKlass com/sun/jdi/TypeComponent
instanceKlass com/sun/jdi/Accessible
instanceKlass java/util/ResourceBundle$CacheKeyReference
instanceKlass java/util/ResourceBundle$CacheKey
instanceKlass com/sun/jdi/Mirror
instanceKlass java/util/ResourceBundle$$Lambda$61
instanceKlass java/awt/Toolkit$5
instanceKlass java/awt/Toolkit$4
instanceKlass sun/awt/AWTAccessor$ToolkitAccessor
instanceKlass java/awt/Toolkit
instanceKlass java/awt/EventQueue$3
instanceKlass sun/awt/AWTAccessor
instanceKlass java/awt/EventQueue$2
instanceKlass sun/awt/AWTAccessor$EventQueueAccessor
instanceKlass java/awt/EventQueue$1
instanceKlass com/intellij/idea/StartupUtil$$Lambda$60
instanceKlass java/awt/EventQueue
instanceKlass com/intellij/idea/StartupUtil$$Lambda$59
instanceKlass com/intellij/idea/StartupUtil$$Lambda$58
instanceKlass com/intellij/idea/StartupUtil$$Lambda$57
instanceKlass sun/management/NotificationEmitterSupport$ListenerInfo
instanceKlass java/util/concurrent/CompletableFuture$AsynchronousCompletionTask
instanceKlass java/util/concurrent/ForkJoinPool$WorkQueue
instanceKlass java/lang/management/MemoryUsage
instanceKlass com/intellij/openapi/application/ApplicationNamesInfo
instanceKlass com/intellij/concurrency/IdeaForkJoinWorkerThreadFactory
instanceKlass com/intellij/openapi/application/ex/ApplicationInfoEx$UpdateUrls
instanceKlass java/util/ComparableTimSort
instanceKlass com/sun/jmx/mbeanserver/Util
instanceKlass java/util/concurrent/ForkJoinPool$1
instanceKlass java/util/concurrent/ForkJoinPool$DefaultForkJoinWorkerThreadFactory
instanceKlass javax/management/ObjectName$Property
instanceKlass com/sun/jmx/mbeanserver/GetPropertyAction
instanceKlass java/util/Calendar
instanceKlass javax/management/ObjectName
instanceKlass javax/management/QueryExp
instanceKlass java/util/concurrent/ForkJoinTask
instanceKlass java/util/concurrent/CompletableFuture$AltResult
instanceKlass java/lang/invoke/LambdaForm$MH
instanceKlass java/util/concurrent/CompletableFuture
instanceKlass java/lang/invoke/LambdaForm$MH
instanceKlass com/intellij/idea/StartupUtil$$Lambda$56
instanceKlass java/lang/invoke/LambdaForm$MH
instanceKlass org/apache/log4j/helpers/AppenderAttachableImpl
instanceKlass java/lang/invoke/LambdaForm$MH
instanceKlass org/apache/log4j/helpers/OnlyOnceErrorHandler
instanceKlass java/lang/invoke/LambdaForm$MH
instanceKlass org/apache/log4j/helpers/FormattingInfo
instanceKlass java/lang/invoke/LambdaForm$MH
instanceKlass java/lang/invoke/LambdaForm$MH
instanceKlass java/lang/invoke/LambdaForm$MH
instanceKlass java/text/Format
instanceKlass org/apache/log4j/helpers/PatternConverter
instanceKlass org/apache/log4j/helpers/PatternParser
instanceKlass java/lang/invoke/LambdaForm$MH
instanceKlass java/lang/invoke/LambdaForm$MH
instanceKlass org/apache/log4j/spi/ErrorHandler
instanceKlass java/lang/invoke/LambdaForm$MH
instanceKlass org/apache/log4j/AppenderSkeleton
instanceKlass java/lang/invoke/LambdaForm$MH
instanceKlass org/apache/log4j/helpers/NullEnumeration
instanceKlass java/lang/invoke/LambdaForm$MH
instanceKlass org/apache/log4j/helpers/LogLog
instanceKlass java/lang/invoke/LambdaForm$MH
instanceKlass org/apache/log4j/spi/Configurator
instanceKlass com/intellij/util/PlatformUtils
instanceKlass java/lang/invoke/LambdaForm$MH
instanceKlass java/lang/invoke/LambdaForm$MH
instanceKlass org/apache/log4j/helpers/OptionConverter
instanceKlass java/lang/invoke/LambdaForm$MH
instanceKlass org/apache/log4j/spi/DefaultRepositorySelector
instanceKlass org/apache/log4j/DefaultCategoryFactory
instanceKlass java/lang/invoke/LambdaForm$MH
instanceKlass org/apache/log4j/or/DefaultRenderer
instanceKlass org/apache/log4j/or/ObjectRenderer
instanceKlass org/apache/log4j/or/RendererMap
instanceKlass sun/management/Util
instanceKlass com/intellij/idea/MainImpl
instanceKlass org/apache/log4j/spi/LoggerFactory
instanceKlass org/apache/log4j/Hierarchy
instanceKlass org/apache/log4j/spi/ThrowableRendererSupport
instanceKlass sun/management/Sensor
instanceKlass org/apache/log4j/spi/RendererSupport
instanceKlass sun/management/MemoryPoolImpl
instanceKlass org/apache/log4j/spi/RepositorySelector
instanceKlass org/apache/log4j/spi/LoggerRepository
instanceKlass java/lang/management/MemoryMXBean
instanceKlass org/apache/log4j/LogManager
instanceKlass java/lang/management/ManagementFactory$$Lambda$55
instanceKlass java/util/stream/FindOps$FindSink$OfRef$$Lambda$54
instanceKlass java/util/stream/FindOps$FindSink$OfRef$$Lambda$53
instanceKlass java/util/stream/FindOps$FindSink$OfRef$$Lambda$52
instanceKlass org/apache/log4j/Priority
instanceKlass java/util/stream/FindOps$FindSink$OfRef$$Lambda$51
instanceKlass org/apache/log4j/Category
instanceKlass org/apache/log4j/spi/AppenderAttachable
instanceKlass java/util/stream/FindOps$FindOp
instanceKlass java/util/stream/FindOps$FindSink
instanceKlass java/util/stream/FindOps
instanceKlass java/lang/management/ManagementFactory$PlatformMBeanFinder$$Lambda$50
instanceKlass com/intellij/idea/StartupUtil$$Lambda$49
instanceKlass java/lang/management/MemoryPoolMXBean
instanceKlass com/intellij/idea/StartupUtil$AppStarter
instanceKlass java/util/concurrent/Executors$PrivilegedThreadFactory$1$1
instanceKlass java/util/concurrent/Executors$PrivilegedThreadFactory$1
instanceKlass java/util/concurrent/Executors$RunnableAdapter
instanceKlass java/util/concurrent/FutureTask$WaitNode
instanceKlass java/util/concurrent/FutureTask
instanceKlass java/util/concurrent/RunnableFuture
instanceKlass com/intellij/openapi/util/LowMemoryWatcherManager$2
instanceKlass java/util/concurrent/LinkedBlockingQueue$Node
instanceKlass com/intellij/util/concurrency/SequentialTaskExecutor
instanceKlass com/intellij/openapi/util/LowMemoryWatcherManager$3
instanceKlass com/intellij/openapi/util/LowMemoryWatcherManager$1
instanceKlass javax/management/NotificationListener
instanceKlass java/util/EventListener
instanceKlass com/intellij/openapi/util/LowMemoryWatcherManager
instanceKlass com/intellij/util/concurrency/AppDelayQueue$$Lambda$48
instanceKlass java/lang/invoke/LambdaForm$DMH
instanceKlass com/intellij/openapi/diagnostic/Logger$$Lambda$47
instanceKlass com/intellij/openapi/diagnostic/Attachment
instanceKlass com/intellij/openapi/diagnostic/Logger$DefaultFactory
instanceKlass com/intellij/openapi/diagnostic/Logger
instanceKlass java/util/concurrent/locks/AbstractQueuedSynchronizer$ConditionObject
instanceKlass java/util/concurrent/locks/Condition
instanceKlass java/util/concurrent/locks/AbstractQueuedSynchronizer$Node
instanceKlass java/util/concurrent/SynchronousQueue$TransferStack$SNode
instanceKlass java/util/concurrent/SynchronousQueue$Transferer
instanceKlass java/util/concurrent/Executors$DefaultThreadFactory
instanceKlass java/util/concurrent/Executors
instanceKlass com/intellij/util/concurrency/CountingThreadFactory
instanceKlass java/util/concurrent/ThreadPoolExecutor$AbortPolicy
instanceKlass java/util/concurrent/RejectedExecutionHandler
instanceKlass java/util/concurrent/AbstractExecutorService
instanceKlass com/intellij/util/concurrency/AppScheduledExecutorService$Holder
instanceKlass com/intellij/openapi/Disposable
instanceKlass java/util/concurrent/ScheduledFuture
instanceKlass java/util/concurrent/Delayed
instanceKlass com/intellij/util/concurrency/SchedulingWrapper
instanceKlass java/util/concurrent/BlockingQueue
instanceKlass java/util/concurrent/ScheduledExecutorService
instanceKlass java/util/concurrent/ExecutorService
instanceKlass com/intellij/util/concurrency/AppExecutorUtil
instanceKlass com/intellij/concurrency/IdeaForkJoinWorkerThreadFactory
instanceKlass java/util/concurrent/ForkJoinPool$ForkJoinWorkerThreadFactory
instanceKlass com/intellij/idea/StartupUtil$$Lambda$46
instanceKlass java/util/concurrent/Executor
instanceKlass com/intellij/openapi/application/ApplicationInfo
instanceKlass javax/swing/RepaintManager
instanceKlass com/intellij/openapi/diagnostic/Logger$Factory
instanceKlass org/apache/log4j/Appender
instanceKlass org/apache/log4j/Layout
instanceKlass org/apache/log4j/spi/OptionHandler
instanceKlass java/util/concurrent/CompletionStage
instanceKlass com/intellij/util/ui/EdtInvocationManager
instanceKlass java/util/concurrent/Future
instanceKlass com/intellij/idea/StartupUtil
instanceKlass java/util/IdentityHashMap$IdentityHashMapIterator
instanceKlass com/intellij/ide/plugins/MainRunner$$Lambda$45
instanceKlass com/intellij/idea/CommandLineArgs
instanceKlass com/intellij/idea/Main
instanceKlass com/intellij/diagnostic/ActivityImpl
instanceKlass java/util/concurrent/ConcurrentLinkedQueue$Node
instanceKlass java/util/concurrent/atomic/AtomicReference
instanceKlass com/intellij/diagnostic/Activity
instanceKlass com/intellij/diagnostic/StartUpMeasurer
instanceKlass com/intellij/ide/plugins/MainRunner$$Lambda$44
instanceKlass java/lang/invoke/LambdaForm$MH
instanceKlass java/lang/invoke/LambdaForm$DMH
instanceKlass java/lang/invoke/LambdaForm$DMH
instanceKlass com/intellij/ide/WindowsCommandLineProcessor
instanceKlass com/intellij/ide/plugins/MainRunner
instanceKlass com/intellij/util/lang/ZipResourceFile$$Lambda$43
instanceKlass java/util/AbstractMap$SimpleImmutableEntry
instanceKlass java/nio/charset/StandardCharsets
instanceKlass com/intellij/util/zip/ImmutableZipEntry
instanceKlass sun/nio/ch/Util$4
instanceKlass sun/nio/ch/FileChannelImpl$Unmapper
instanceKlass java/nio/channels/FileChannel$MapMode
instanceKlass java/util/RegularEnumSet$EnumSetIterator
instanceKlass com/intellij/util/zip/ImmutableZipFile
instanceKlass com/intellij/util/lang/ZipResourceFile$$Lambda$42
instanceKlass com/intellij/util/lang/Resource
instanceKlass com/intellij/util/lang/ZipResourceFile
instanceKlass com/intellij/util/io/Murmur3_32Hash
instanceKlass com/intellij/util/lang/ClassLoadingLocks
instanceKlass com/intellij/util/lang/IntObjectHashMap
instanceKlass com/intellij/util/lang/ClasspathCache$$Lambda$41
instanceKlass java/util/function/IntFunction
instanceKlass java/lang/invoke/LambdaForm$DMH
instanceKlass com/intellij/util/lang/ClasspathCache
instanceKlass com/intellij/util/lang/ClassPath$Measurer
instanceKlass com/intellij/util/lang/ClasspathCache$IndexRegistrar
instanceKlass com/intellij/util/lang/Loader
instanceKlass com/intellij/util/lang/ClassPath
instanceKlass com/intellij/util/lang/PathClassLoader$$Lambda$40
instanceKlass com/intellij/util/lang/ClassPath$ResourceFileFactory
instanceKlass com/intellij/util/lang/ResourceFile
instanceKlass com/intellij/util/lang/UrlClassLoader$Builder
instanceKlass com/intellij/util/lang/UrlClassLoader$CachePool
instanceKlass java/nio/file/FileChannelLinesSpliterator$1
instanceKlass com/intellij/ide/BootstrapClassLoaderUtil$$Lambda$39
instanceKlass java/lang/invoke/LambdaForm$DMH
instanceKlass java/nio/file/Files$$Lambda$38
instanceKlass java/nio/channels/spi/AbstractInterruptibleChannel$1
instanceKlass sun/nio/ch/Interruptible
instanceKlass sun/nio/fs/UnixChannelFactory$1
instanceKlass java/nio/file/FileChannelLinesSpliterator
instanceKlass java/lang/invoke/LambdaForm$MH
instanceKlass java/lang/invoke/LambdaForm$MH
instanceKlass java/lang/invoke/LambdaForm$MH
instanceKlass java/lang/invoke/LambdaForm$MH
instanceKlass java/lang/invoke/LambdaForm$MH
instanceKlass java/lang/invoke/LambdaForm$MH
instanceKlass java/lang/invoke/LambdaForm$MH
instanceKlass java/lang/invoke/LambdaForm$MH
instanceKlass java/lang/invoke/LambdaForm$MH
instanceKlass java/lang/invoke/LambdaForm$MH
instanceKlass java/lang/invoke/LambdaForm$MH
instanceKlass java/lang/invoke/LambdaForm$MH
instanceKlass com/intellij/ide/BootstrapClassLoaderUtil
instanceKlass java/io/ObjectInputStream$$Lambda$37
instanceKlass jdk/internal/misc/JavaObjectInputStreamReadString
instanceKlass java/io/ObjectInputStream$$Lambda$36
instanceKlass jdk/internal/misc/JavaObjectInputStreamAccess
instanceKlass java/lang/invoke/LambdaForm$DMH
instanceKlass java/io/ObjectStreamConstants
instanceKlass com/intellij/ide/startup/StartupActionScriptManager$ActionCommand
instanceKlass java/io/ObjectOutput
instanceKlass java/io/ObjectInput
instanceKlass com/intellij/ide/startup/StartupActionScriptManager
instanceKlass java/io/FileOutputStream$1
instanceKlass java/lang/invoke/LambdaForm$MH
instanceKlass java/lang/invoke/LambdaForm$MH
instanceKlass sun/invoke/util/ValueConversions$WrapperCache
instanceKlass java/lang/invoke/LambdaForm$MH
instanceKlass java/lang/invoke/MethodHandles$1
instanceKlass java/lang/Byte$ByteCache
instanceKlass java/lang/invoke/LambdaForm$MH
instanceKlass java/lang/invoke/LambdaForm$MH
instanceKlass java/lang/invoke/LambdaForm$MH
instanceKlass java/lang/invoke/LambdaForm$MH
instanceKlass java/lang/invoke/LambdaForm$MH
instanceKlass java/lang/invoke/LambdaForm$MH
instanceKlass java/lang/invoke/LambdaForm$MH
instanceKlass java/lang/invoke/LambdaForm$MH
instanceKlass java/lang/invoke/LambdaForm$MH
instanceKlass java/lang/invoke/LambdaForm$MH
instanceKlass java/lang/invoke/LambdaForm$MH
instanceKlass java/lang/invoke/LambdaForm$MH
instanceKlass java/lang/invoke/LambdaForm$MH
instanceKlass java/lang/invoke/LambdaForm$MH
instanceKlass java/lang/invoke/LambdaForm$MH
instanceKlass java/util/Arrays$ArrayItr
instanceKlass java/lang/ClassValue$Version
instanceKlass java/lang/ClassValue$Identity
instanceKlass java/lang/ClassValue
instanceKlass java/lang/invoke/StringConcatFactory$Stringifiers
instanceKlass java/lang/StringConcatHelper
instanceKlass java/lang/invoke/StringConcatFactory$MethodHandleInlineCopyStrategy$3
instanceKlass java/lang/invoke/StringConcatFactory$MethodHandleInlineCopyStrategy$2
instanceKlass java/lang/invoke/StringConcatFactory$MethodHandleInlineCopyStrategy$1
instanceKlass java/lang/invoke/StringConcatFactory$MethodHandleInlineCopyStrategy
instanceKlass java/lang/invoke/StringConcatFactory$RecipeElement
instanceKlass java/lang/invoke/StringConcatFactory$Recipe
instanceKlass java/lang/invoke/StringConcatFactory$1
instanceKlass java/lang/invoke/StringConcatFactory
instanceKlass java/net/InetAddress$CachedLocalHost
instanceKlass java/util/concurrent/atomic/Striped64$1
instanceKlass java/lang/invoke/VarHandle$AccessDescriptor
instanceKlass java/net/InetAddress$CachedAddresses
instanceKlass sun/net/InetAddressCachePolicy$2
instanceKlass sun/net/InetAddressCachePolicy$1
instanceKlass sun/net/InetAddressCachePolicy
instanceKlass java/net/Inet6Address$Inet6AddressHolder
instanceKlass java/net/InetAddress$NameServiceAddresses
instanceKlass java/net/InetAddress$Addresses
instanceKlass java/util/concurrent/ConcurrentSkipListMap$Iter
instanceKlass java/net/InetAddress$PlatformNameService
instanceKlass java/net/InetAddress$NameService
instanceKlass java/net/Inet6AddressImpl
instanceKlass java/net/InetAddressImpl
instanceKlass java/net/InetAddressImplFactory
instanceKlass java/util/concurrent/ConcurrentSkipListMap$Node
instanceKlass java/util/concurrent/ConcurrentSkipListMap$Index
instanceKlass java/util/concurrent/ConcurrentNavigableMap
instanceKlass java/util/NavigableMap
instanceKlass java/util/SortedMap
instanceKlass java/util/NavigableSet
instanceKlass java/util/SortedSet
instanceKlass java/net/InetAddress$InetAddressHolder
instanceKlass java/net/InetAddress$2
instanceKlass jdk/internal/misc/JavaNetInetAddressAccess
instanceKlass java/net/InetAddress$1
instanceKlass java/net/InetAddress
instanceKlass java/util/stream/Collectors$$Lambda$35
instanceKlass java/util/stream/Collectors$$Lambda$34
instanceKlass java/util/stream/Collectors$$Lambda$33
instanceKlass sun/management/spi/PlatformMBeanProvider$PlatformComponent$$Lambda$32
instanceKlass sun/management/spi/PlatformMBeanProvider$PlatformComponent$$Lambda$31
instanceKlass sun/management/RuntimeImpl
instanceKlass java/util/stream/ReduceOps$2ReducingSink
instanceKlass java/lang/management/ManagementFactory$PlatformMBeanFinder$$Lambda$30
instanceKlass java/lang/management/ManagementFactory$PlatformMBeanFinder$$Lambda$29
instanceKlass java/util/function/Predicate
instanceKlass java/util/Collections$2
instanceKlass jdk/management/jfr/internal/FlightRecorderMXBeanProvider$SingleMBeanComponent
instanceKlass jdk/management/jfr/FlightRecorderMXBean
instanceKlass java/util/HashMap$HashMapSpliterator
instanceKlass java/lang/management/ManagementFactory$PlatformMBeanFinder$$Lambda$28
instanceKlass java/lang/management/ManagementFactory$PlatformMBeanFinder$$Lambda$27
instanceKlass java/util/stream/Sink$ChainedReference
instanceKlass java/util/stream/Collectors$$Lambda$26
instanceKlass java/util/stream/Collectors$$Lambda$25
instanceKlass java/lang/invoke/LambdaForm$DMH
instanceKlass java/util/stream/Collectors$$Lambda$24
instanceKlass java/lang/management/ManagementFactory$PlatformMBeanFinder$$Lambda$23
instanceKlass java/lang/invoke/LambdaForm$DMH
instanceKlass sun/reflect/misc/ReflectUtil
instanceKlass java/util/function/Function$$Lambda$22
instanceKlass java/lang/management/ManagementFactory$PlatformMBeanFinder$$Lambda$21
instanceKlass java/lang/WeakPairMap$Pair$Lookup
instanceKlass java/lang/WeakPairMap$Pair
instanceKlass java/lang/WeakPairMap
instanceKlass java/lang/Module$ReflectionData
instanceKlass java/lang/management/ManagementFactory$PlatformMBeanFinder$$Lambda$20
instanceKlass java/util/ArrayList$ArrayListSpliterator
instanceKlass java/lang/management/DefaultPlatformMBeanProvider$11
instanceKlass java/lang/management/DefaultPlatformMBeanProvider$10
instanceKlass java/lang/management/DefaultPlatformMBeanProvider$9
instanceKlass java/util/logging/LogManager
instanceKlass sun/management/ManagementFactoryHelper$LoggingMXBeanAccess$1
instanceKlass sun/management/ManagementFactoryHelper$LoggingMXBeanAccess
instanceKlass java/lang/management/DefaultPlatformMBeanProvider$8
instanceKlass java/lang/management/DefaultPlatformMBeanProvider$7
instanceKlass java/lang/management/DefaultPlatformMBeanProvider$6
instanceKlass java/lang/management/DefaultPlatformMBeanProvider$5
instanceKlass java/lang/management/DefaultPlatformMBeanProvider$4
instanceKlass java/lang/management/DefaultPlatformMBeanProvider$3
instanceKlass java/lang/management/DefaultPlatformMBeanProvider$2
instanceKlass java/lang/management/DefaultPlatformMBeanProvider$1
instanceKlass java/util/Collections$EmptyEnumeration
instanceKlass java/util/concurrent/Callable
instanceKlass com/sun/management/internal/PlatformMBeanProviderImpl$5
instanceKlass sun/management/VMManagementImpl
instanceKlass sun/management/VMManagement
instanceKlass sun/management/ManagementFactoryHelper
instanceKlass sun/management/NotificationEmitterSupport
instanceKlass javax/management/NotificationEmitter
instanceKlass javax/management/NotificationBroadcaster
instanceKlass com/sun/management/DiagnosticCommandMBean
instanceKlass javax/management/DynamicMBean
instanceKlass com/sun/management/internal/PlatformMBeanProviderImpl$4
instanceKlass com/sun/management/internal/PlatformMBeanProviderImpl$3
instanceKlass com/sun/management/internal/PlatformMBeanProviderImpl$2
instanceKlass java/util/stream/ReduceOps$Box
instanceKlass java/util/stream/ReduceOps$AccumulatingSink
instanceKlass java/util/stream/TerminalSink
instanceKlass java/util/stream/Sink
instanceKlass java/util/stream/ReduceOps$ReduceOp
instanceKlass java/util/stream/TerminalOp
instanceKlass java/util/stream/ReduceOps
instanceKlass java/util/stream/Collectors$$Lambda$19
instanceKlass java/util/stream/Collectors$$Lambda$18
instanceKlass java/util/function/BinaryOperator
instanceKlass java/util/stream/Collectors$$Lambda$17
instanceKlass java/util/function/BiConsumer
instanceKlass java/util/stream/Collectors$$Lambda$16
instanceKlass java/util/stream/Collectors$CollectorImpl
instanceKlass java/util/stream/Collector
instanceKlass java/util/stream/Collectors
instanceKlass sun/reflect/annotation/AnnotationParser
instanceKlass java/lang/Class$3
instanceKlass java/util/EnumMap$1
instanceKlass java/util/stream/StreamOpFlag$MaskBuilder
instanceKlass java/util/stream/PipelineHelper
instanceKlass java/util/stream/StreamSupport
instanceKlass java/util/Spliterators$ArraySpliterator
instanceKlass java/util/Spliterator$OfDouble
instanceKlass java/util/Spliterator$OfLong
instanceKlass java/util/Spliterator$OfInt
instanceKlass java/util/Spliterator$OfPrimitive
instanceKlass java/util/Spliterators$EmptySpliterator
instanceKlass java/util/Spliterator
instanceKlass java/util/Spliterators
instanceKlass java/util/stream/Stream
instanceKlass java/util/stream/BaseStream
instanceKlass com/sun/management/internal/PlatformMBeanProviderImpl$1
instanceKlass sun/management/spi/PlatformMBeanProvider$PlatformComponent
instanceKlass com/sun/management/internal/PlatformMBeanProviderImpl$$Lambda$15
instanceKlass java/lang/management/ManagementFactory$PlatformMBeanFinder$$Lambda$14
instanceKlass java/util/function/Consumer
instanceKlass sun/management/spi/PlatformMBeanProvider
instanceKlass java/security/AccessController$1
instanceKlass sun/security/util/SecurityProperties
instanceKlass sun/security/util/FilePermCompat
instanceKlass java/io/FilePermission$1
instanceKlass jdk/internal/misc/JavaIOFilePermissionAccess
instanceKlass java/lang/management/ManagementFactory$PlatformMBeanFinder$$Lambda$13
instanceKlass java/lang/management/ManagementFactory$PlatformMBeanFinder
instanceKlass java/lang/management/RuntimeMXBean
instanceKlass java/lang/management/PlatformManagedObject
instanceKlass java/lang/management/ManagementFactory$$Lambda$12
instanceKlass java/lang/management/ManagementFactory
instanceKlass java/util/Formattable
instanceKlass java/util/Formatter$FixedString
instanceKlass java/util/Formatter$Conversion
instanceKlass java/util/Formatter$Flags
instanceKlass java/util/Formatter$FormatSpecifier
instanceKlass java/util/Formatter$FormatString
instanceKlass java/util/regex/ASCII
instanceKlass sun/util/resources/Bundles$2
instanceKlass sun/util/resources/Bundles$CacheKeyReference
instanceKlass java/util/ResourceBundle$ResourceBundleProviderHelper$$Lambda$11
instanceKlass java/util/ResourceBundle$ResourceBundleProviderHelper
instanceKlass java/util/ArrayList$SubList$1
instanceKlass java/util/LinkedList$Node
instanceKlass sun/util/resources/LocaleData$LocaleDataResourceBundleProvider
instanceKlass java/util/spi/ResourceBundleProvider
instanceKlass sun/util/resources/Bundles$CacheKey
instanceKlass java/util/ResourceBundle$1
instanceKlass jdk/internal/misc/JavaUtilResourceBundleAccess
instanceKlass sun/util/resources/Bundles
instanceKlass sun/util/resources/LocaleData$LocaleDataStrategy
instanceKlass sun/util/resources/Bundles$Strategy
instanceKlass sun/util/resources/LocaleData$1
instanceKlass sun/util/locale/provider/CalendarDataUtility
instanceKlass java/util/StringTokenizer
instanceKlass sun/util/locale/provider/AvailableLanguageTags
instanceKlass sun/util/locale/provider/JRELocaleProviderAdapter$$Lambda$10
instanceKlass java/util/ServiceLoader$ProviderImpl
instanceKlass java/util/ServiceLoader$Provider
instanceKlass java/util/ServiceLoader$1
instanceKlass sun/util/resources/cldr/provider/CLDRLocaleDataMetaInfo
instanceKlass java/util/zip/Inflater$InflaterZStreamRef
instanceKlass java/util/zip/Inflater
instanceKlass jdk/internal/jimage/decompressor/ZipDecompressor
instanceKlass jdk/internal/jimage/decompressor/ResourceDecompressor
instanceKlass jdk/internal/jimage/decompressor/ResourceDecompressorFactory
instanceKlass jdk/internal/jimage/decompressor/ResourceDecompressorRepository
instanceKlass jdk/internal/jimage/decompressor/CompressedResourceHeader
instanceKlass jdk/internal/jimage/BasicImageReader$$Lambda$9
instanceKlass jdk/internal/jimage/decompressor/ResourceDecompressor$StringsProvider
instanceKlass java/util/TimSort
instanceKlass java/util/Arrays$LegacyMergeSort
instanceKlass jdk/internal/jimage/ImageBufferCache$2
instanceKlass jdk/internal/jimage/ImageBufferCache
instanceKlass jdk/internal/module/ModulePatcher$PatchedModuleReader
instanceKlass java/util/ServiceLoader$3
instanceKlass java/util/ServiceLoader$2
instanceKlass java/util/ServiceLoader$LazyClassPathLookupIterator
instanceKlass java/util/concurrent/CopyOnWriteArrayList$COWIterator
instanceKlass jdk/internal/loader/AbstractClassLoaderValue$Memoizer
instanceKlass java/util/ServiceLoader$ModuleServicesLookupIterator
instanceKlass java/util/ServiceLoader
instanceKlass sun/util/cldr/CLDRLocaleProviderAdapter$1
instanceKlass sun/util/locale/StringTokenIterator
instanceKlass sun/util/locale/ParseStatus
instanceKlass sun/util/cldr/CLDRBaseLocaleDataMetaInfo
instanceKlass sun/util/locale/provider/LocaleDataMetaInfo
instanceKlass sun/util/locale/provider/LocaleProviderAdapter$1
instanceKlass java/util/ResourceBundle
instanceKlass java/util/ResourceBundle$Control
instanceKlass sun/util/resources/LocaleData
instanceKlass sun/util/locale/provider/LocaleResources
instanceKlass sun/util/locale/LanguageTag
instanceKlass sun/util/locale/provider/ResourceBundleBasedAdapter
instanceKlass sun/util/locale/provider/LocaleProviderAdapter
instanceKlass java/util/spi/LocaleServiceProvider
instanceKlass java/text/DecimalFormatSymbols
instanceKlass java/util/Locale$1
instanceKlass java/util/regex/Pattern$BmpCharPredicate$$Lambda$8
instanceKlass java/util/regex/Pattern$$Lambda$7
instanceKlass java/util/regex/Pattern$$Lambda$6
instanceKlass java/util/regex/Pattern$BitClass$$Lambda$5
instanceKlass java/util/regex/CharPredicates$$Lambda$4
instanceKlass java/util/regex/CharPredicates
instanceKlass java/util/Formatter
instanceKlass sun/security/provider/ByteArrayAccess
instanceKlass sun/security/util/MessageDigestSpi2
instanceKlass sun/security/jca/GetInstance$Instance
instanceKlass sun/security/jca/GetInstance
instanceKlass java/security/MessageDigestSpi
instanceKlass java/util/StringJoiner
instanceKlass java/security/SecureRandomParameters
instanceKlass java/security/Provider$UString
instanceKlass java/security/Provider$Service
instanceKlass sun/security/provider/FileInputStreamPool
instanceKlass sun/security/provider/NativePRNG$RandomIO
instanceKlass sun/security/provider/NativePRNG$2
instanceKlass sun/security/provider/NativePRNG$1
instanceKlass java/security/SecureRandomSpi
instanceKlass sun/security/provider/SunEntries$1
instanceKlass sun/security/provider/SunEntries
instanceKlass sun/security/util/SecurityConstants
instanceKlass java/util/AbstractList$Itr
instanceKlass java/io/FileInputStream$1
instanceKlass java/security/Security$1
instanceKlass java/security/Security
instanceKlass sun/security/jca/ProviderList$2
instanceKlass jdk/internal/math/FloatingDecimal$ASCIIToBinaryBuffer
instanceKlass jdk/internal/math/FloatingDecimal$PreparedASCIIToBinaryBuffer
instanceKlass jdk/internal/math/FloatingDecimal$ASCIIToBinaryConverter
instanceKlass jdk/internal/math/FloatingDecimal$BinaryToASCIIBuffer
instanceKlass jdk/internal/math/FloatingDecimal$ExceptionalBinaryToASCIIBuffer
instanceKlass jdk/internal/math/FloatingDecimal$BinaryToASCIIConverter
instanceKlass jdk/internal/math/FloatingDecimal
instanceKlass java/security/Provider$EngineDescription
instanceKlass java/security/Provider$ServiceKey
instanceKlass sun/security/jca/ProviderConfig
instanceKlass sun/security/jca/ProviderList
instanceKlass sun/security/jca/Providers
instanceKlass java/util/Random
instanceKlass java/util/UUID$Holder
instanceKlass java/util/UUID
instanceKlass java/io/FileFilter
instanceKlass com/intellij/internal/statistic/analytics/StudioCrashDetection
instanceKlass java/util/regex/IntHashSet
instanceKlass java/util/regex/Matcher
instanceKlass java/util/regex/MatchResult
instanceKlass java/util/regex/Pattern$TreeInfo
instanceKlass java/util/regex/Pattern$$Lambda$3
instanceKlass jdk/internal/org/objectweb/asm/FieldVisitor
instanceKlass java/util/regex/Pattern$BmpCharPredicate
instanceKlass java/util/regex/Pattern$$Lambda$2
instanceKlass java/util/regex/Pattern$CharPredicate
instanceKlass java/util/regex/Pattern$Node
instanceKlass java/util/regex/Pattern
instanceKlass com/intellij/openapi/application/PathManager$Lazy
instanceKlass sun/nio/ch/IOStatus
instanceKlass java/nio/DirectByteBuffer$Deallocator
instanceKlass sun/nio/ch/Util$BufferCache
instanceKlass sun/nio/ch/Util
instanceKlass sun/nio/ch/NativeThread
instanceKlass java/util/Properties$LineReader
instanceKlass com/intellij/openapi/util/PropertiesUtil
instanceKlass java/nio/channels/Channels
instanceKlass sun/nio/ch/FileChannelImpl$Closer
instanceKlass sun/nio/ch/NativeDispatcher
instanceKlass sun/nio/ch/NativeThreadSet
instanceKlass sun/nio/ch/IOUtil$1
instanceKlass sun/nio/ch/IOUtil
instanceKlass java/nio/channels/spi/AbstractInterruptibleChannel
instanceKlass java/nio/channels/InterruptibleChannel
instanceKlass java/nio/channels/ScatteringByteChannel
instanceKlass java/nio/channels/GatheringByteChannel
instanceKlass java/nio/channels/SeekableByteChannel
instanceKlass java/nio/channels/ByteChannel
instanceKlass java/nio/channels/WritableByteChannel
instanceKlass java/nio/channels/ReadableByteChannel
instanceKlass java/nio/channels/Channel
instanceKlass java/util/Collections$EmptyIterator
instanceKlass sun/nio/fs/UnixChannelFactory$Flags
instanceKlass sun/nio/fs/UnixChannelFactory
instanceKlass sun/nio/fs/UnixFileModeAttribute
instanceKlass java/nio/file/attribute/FileAttribute
instanceKlass java/util/LinkedHashMap$LinkedHashIterator
instanceKlass jdk/internal/jimage/ImageLocation
instanceKlass jdk/internal/jimage/decompressor/Decompressor
instanceKlass jdk/internal/jimage/ImageStringsReader
instanceKlass jdk/internal/jimage/ImageStrings
instanceKlass jdk/internal/jimage/ImageHeader
instanceKlass jdk/internal/jimage/NativeImageBuffer$1
instanceKlass jdk/internal/jimage/NativeImageBuffer
instanceKlass jdk/internal/jimage/BasicImageReader$1
instanceKlass jdk/internal/jimage/BasicImageReader
instanceKlass jdk/internal/jimage/ImageReader
instanceKlass jdk/internal/jimage/ImageReaderFactory$1
instanceKlass jdk/internal/jimage/ImageReaderFactory
instanceKlass jdk/internal/module/SystemModuleFinders$SystemImage
instanceKlass jdk/internal/module/SystemModuleFinders$SystemModuleReader
instanceKlass java/lang/module/ModuleReader
instanceKlass jdk/internal/loader/BuiltinClassLoader$5
instanceKlass jdk/internal/loader/BuiltinClassLoader$2
instanceKlass jdk/internal/module/Resources
instanceKlass com/intellij/openapi/util/SystemInfoRt
instanceKlass com/intellij/util/SystemProperties
instanceKlass java/io/Reader
instanceKlass com/intellij/openapi/application/PathManager
instanceKlass java/lang/ProcessEnvironment$ExternalData
instanceKlass java/lang/ProcessEnvironment
instanceKlass java/lang/invoke/LambdaForm$MH
instanceKlass java/lang/invoke/InvokerBytecodeGenerator$CpPatch
instanceKlass java/lang/invoke/LambdaFormBuffer
instanceKlass java/lang/invoke/LambdaFormEditor
instanceKlass java/lang/invoke/DelegatingMethodHandle$Holder
instanceKlass sun/invoke/util/Wrapper$1
instanceKlass java/lang/invoke/DirectMethodHandle$1
instanceKlass sun/invoke/empty/Empty
instanceKlass sun/invoke/util/VerifyType
instanceKlass java/lang/invoke/ClassSpecializer$Factory
instanceKlass java/lang/invoke/ClassSpecializer$SpeciesData
instanceKlass java/lang/invoke/ClassSpecializer$1
instanceKlass java/lang/invoke/ClassSpecializer
instanceKlass java/lang/invoke/InnerClassLambdaMetafactory$1
instanceKlass java/awt/GraphicsEnvironment$$Lambda$1
instanceKlass jdk/internal/org/objectweb/asm/AnnotationVisitor
instanceKlass jdk/internal/org/objectweb/asm/Frame
instanceKlass jdk/internal/org/objectweb/asm/Label
instanceKlass jdk/internal/org/objectweb/asm/MethodVisitor
instanceKlass jdk/internal/org/objectweb/asm/Item
instanceKlass jdk/internal/org/objectweb/asm/ByteVector
instanceKlass jdk/internal/org/objectweb/asm/ClassVisitor
instanceKlass sun/invoke/util/BytecodeDescriptor
instanceKlass java/lang/invoke/InfoFromMemberName
instanceKlass java/lang/invoke/MethodHandleInfo
instanceKlass sun/security/action/GetBooleanAction
instanceKlass jdk/internal/org/objectweb/asm/Type
instanceKlass java/lang/invoke/AbstractValidatingLambdaMetafactory
instanceKlass java/lang/invoke/MethodHandleImpl$1
instanceKlass jdk/internal/misc/JavaLangInvokeAccess
instanceKlass java/lang/invoke/Invokers$Holder
instanceKlass java/lang/invoke/BootstrapMethodInvoker
instanceKlass java/lang/invoke/InvokerBytecodeGenerator$2
instanceKlass java/lang/invoke/InvokerBytecodeGenerator
instanceKlass java/lang/invoke/LambdaForm$Holder
instanceKlass java/lang/invoke/LambdaForm$Name
instanceKlass java/lang/invoke/Invokers
instanceKlass java/lang/invoke/MethodHandleImpl
instanceKlass sun/invoke/util/ValueConversions
instanceKlass java/lang/invoke/DirectMethodHandle$Holder
instanceKlass java/lang/invoke/LambdaForm$NamedFunction
instanceKlass java/lang/invoke/LambdaMetafactory
instanceKlass java/awt/GraphicsEnvironment
instanceKlass java/nio/file/Paths
instanceKlass java/lang/PublicMethods$Key
instanceKlass java/lang/PublicMethods$MethodList
instanceKlass javax/swing/TransferHandler$HasGetTransferHandler
instanceKlass javax/accessibility/Accessible
instanceKlass javax/swing/Scrollable
instanceKlass java/awt/Component
instanceKlass java/awt/MenuContainer
instanceKlass java/awt/image/ImageObserver
instanceKlass com/intellij/util/lang/ClassPath$ClassDataConsumer
instanceKlass com/intellij/idea/Main
instanceKlass sun/security/util/Debug
instanceKlass java/security/SecureClassLoader$DebugHolder
instanceKlass java/security/Permissions$1
instanceKlass java/security/PermissionCollection
instanceKlass java/security/SecureClassLoader$1
instanceKlass java/security/SecureClassLoader$CodeSourceKey
instanceKlass sun/nio/ByteBuffered
instanceKlass java/lang/Package$VersionInfo
instanceKlass java/lang/NamedPackage
instanceKlass java/util/jar/Attributes$Name
instanceKlass java/util/jar/Attributes
instanceKlass jdk/internal/loader/Resource
instanceKlass java/util/zip/ZipEntry
instanceKlass java/util/jar/JarFile$1
instanceKlass jdk/internal/util/jar/JarIndex
instanceKlass java/nio/Bits$1
instanceKlass jdk/internal/misc/JavaNioAccess$BufferPool
instanceKlass java/nio/Bits
instanceKlass sun/nio/ch/DirectBuffer
instanceKlass jdk/internal/perf/PerfCounter$CoreCounters
instanceKlass jdk/internal/perf/Perf
instanceKlass jdk/internal/perf/Perf$GetPerfAction
instanceKlass jdk/internal/perf/PerfCounter
instanceKlass java/util/zip/ZipUtils
instanceKlass java/util/zip/ZipFile$Source$End
instanceKlass sun/invoke/util/Wrapper$Format
instanceKlass java/lang/invoke/MethodTypeForm
instanceKlass java/lang/invoke/MethodType$ConcurrentWeakInternSet
instanceKlass java/lang/Void
instanceKlass java/lang/invoke/VarForm
instanceKlass java/lang/invoke/VarHandleGuards
instanceKlass jdk/internal/util/Preconditions$1
instanceKlass java/util/function/BiFunction
instanceKlass java/lang/invoke/VarHandle$1
instanceKlass java/lang/invoke/VarHandles
instanceKlass sun/invoke/util/VerifyAccess
instanceKlass java/lang/invoke/MethodHandles$Lookup
instanceKlass java/security/Permission
instanceKlass java/security/Guard
instanceKlass java/lang/invoke/MemberName$Factory
instanceKlass java/lang/invoke/MethodHandles
instanceKlass java/util/concurrent/atomic/AtomicBoolean
instanceKlass java/io/RandomAccessFile$2
instanceKlass jdk/internal/misc/JavaIORandomAccessFileAccess
instanceKlass java/io/RandomAccessFile
instanceKlass java/io/DataInput
instanceKlass java/io/DataOutput
instanceKlass java/nio/file/attribute/FileTime
instanceKlass sun/nio/fs/UnixFileAttributes$UnixAsBasicFileAttributes
instanceKlass sun/nio/fs/NativeBuffer$Deallocator
instanceKlass sun/nio/fs/NativeBuffer
instanceKlass sun/nio/fs/NativeBuffers
instanceKlass sun/nio/fs/AbstractBasicFileAttributeView
instanceKlass sun/nio/fs/DynamicFileAttributeView
instanceKlass sun/nio/fs/UnixFileAttributeViews
instanceKlass java/nio/file/attribute/UserDefinedFileAttributeView
instanceKlass java/nio/file/attribute/DosFileAttributeView
instanceKlass java/nio/file/attribute/BasicFileAttributeView
instanceKlass java/nio/file/attribute/FileAttributeView
instanceKlass java/nio/file/attribute/AttributeView
instanceKlass java/nio/file/attribute/DosFileAttributes
instanceKlass java/nio/file/Files
instanceKlass java/nio/file/CopyOption
instanceKlass java/net/URI$Parser
instanceKlass sun/nio/fs/UnixMountEntry
instanceKlass sun/nio/fs/UnixFileStoreAttributes
instanceKlass sun/nio/fs/UnixFileAttributes
instanceKlass java/nio/file/attribute/PosixFileAttributes
instanceKlass java/nio/file/attribute/BasicFileAttributes
instanceKlass java/util/Enumeration
instanceKlass java/util/ArrayDeque$DeqIterator
instanceKlass java/lang/ClassLoader$NativeLibrary
instanceKlass java/lang/ClassLoader$2
instanceKlass sun/nio/fs/UnixNativeDispatcher$1
instanceKlass sun/nio/fs/UnixNativeDispatcher
instanceKlass sun/nio/fs/Util
instanceKlass sun/nio/fs/UnixPath
instanceKlass java/nio/file/Path
instanceKlass java/nio/file/Watchable
instanceKlass java/nio/file/FileSystem
instanceKlass java/nio/file/OpenOption
instanceKlass java/nio/file/spi/FileSystemProvider
instanceKlass sun/nio/fs/DefaultFileSystemProvider
instanceKlass java/nio/file/FileSystems$DefaultFileSystemHolder$1
instanceKlass java/nio/file/FileSystems$DefaultFileSystemHolder
instanceKlass java/nio/file/FileSystems
instanceKlass java/util/zip/ZipFile$Source$Key
instanceKlass java/util/zip/ZipFile$Source
instanceKlass jdk/internal/misc/InnocuousThread$2
instanceKlass jdk/internal/misc/InnocuousThread$3
instanceKlass jdk/internal/ref/CleanerFactory$1$1
instanceKlass java/lang/ref/Cleaner$Cleanable
instanceKlass jdk/internal/ref/CleanerImpl
instanceKlass java/lang/ref/Cleaner$1
instanceKlass java/lang/ref/Cleaner
instanceKlass jdk/internal/ref/CleanerFactory$1
instanceKlass java/util/concurrent/ThreadFactory
instanceKlass jdk/internal/ref/CleanerFactory
instanceKlass java/util/zip/ZipFile$CleanableResource
instanceKlass java/util/zip/ZipCoder
instanceKlass java/lang/Runtime$Version
instanceKlass java/util/jar/JavaUtilJarAccessImpl
instanceKlass jdk/internal/misc/JavaUtilJarAccess
instanceKlass java/nio/charset/CoderResult
instanceKlass java/nio/charset/CharsetDecoder
instanceKlass sun/nio/cs/ThreadLocalCoders$Cache
instanceKlass sun/nio/cs/ThreadLocalCoders
instanceKlass java/lang/Readable
instanceKlass jdk/internal/loader/FileURLMapper
instanceKlass jdk/internal/loader/URLClassPath$JarLoader$1
instanceKlass java/util/zip/ZipFile$1
instanceKlass jdk/internal/misc/JavaUtilZipFileAccess
instanceKlass java/util/zip/ZipFile
instanceKlass java/util/zip/ZipConstants
instanceKlass jdk/internal/loader/URLClassPath$Loader
instanceKlass jdk/internal/loader/URLClassPath$3
instanceKlass java/security/PrivilegedExceptionAction
instanceKlass sun/util/locale/InternalLocaleBuilder$CaseInsensitiveChar
instanceKlass sun/util/locale/InternalLocaleBuilder
instanceKlass sun/util/locale/LocaleUtils
instanceKlass sun/util/locale/BaseLocale$Key
instanceKlass sun/util/locale/BaseLocale
instanceKlass sun/util/locale/LocaleObjectCache
instanceKlass java/util/Locale
instanceKlass sun/net/util/URLUtil
instanceKlass java/lang/StringCoding$Result
instanceKlass java/lang/ThreadLocal$ThreadLocalMap
instanceKlass java/lang/StringCoding
instanceKlass sun/launcher/LauncherHelper
instanceKlass jdk/internal/module/IllegalAccessLogger
instanceKlass jdk/internal/module/ModuleBootstrap$2
instanceKlass jdk/internal/module/IllegalAccessLogger$Builder
instanceKlass java/lang/ModuleLayer$Controller
instanceKlass java/util/HashMap$HashIterator
instanceKlass jdk/internal/module/ServicesCatalog$ServiceProvider
instanceKlass java/util/concurrent/CopyOnWriteArrayList
instanceKlass java/util/Collections$UnmodifiableCollection$1
instanceKlass java/util/Collections$UnmodifiableCollection
instanceKlass java/util/ArrayList$Itr
instanceKlass java/util/ImmutableCollections$ListItr
instanceKlass java/util/ListIterator
instanceKlass java/lang/ModuleLayer
instanceKlass jdk/internal/module/ModuleLoaderMap$Mapper
instanceKlass java/util/function/Function
instanceKlass jdk/internal/module/ModuleLoaderMap
instanceKlass java/util/ImmutableCollections$Set12$1
instanceKlass java/util/ImmutableCollections$MapN$MapNIterator
instanceKlass java/util/AbstractMap$1$1
instanceKlass java/lang/module/ResolvedModule
instanceKlass java/lang/module/Configuration
instanceKlass java/util/ImmutableCollections$SetN$SetNIterator
instanceKlass jdk/internal/loader/BuiltinClassLoader$LoadedModule
instanceKlass jdk/internal/util/Preconditions
instanceKlass java/util/Deque
instanceKlass java/util/Queue
instanceKlass sun/net/util/IPAddressUtil
instanceKlass java/lang/Class$1
instanceKlass java/lang/reflect/ReflectAccess
instanceKlass jdk/internal/reflect/LangReflectAccess
instanceKlass java/lang/reflect/Modifier
instanceKlass java/lang/Class$Atomic
instanceKlass java/lang/Class$ReflectionData
instanceKlass java/net/URLStreamHandler
instanceKlass java/lang/StringUTF16
instanceKlass sun/net/www/ParseUtil
instanceKlass java/io/ExpiringCache$Entry
instanceKlass java/net/URL$3
instanceKlass jdk/internal/misc/JavaNetURLAccess
instanceKlass java/net/URL$DefaultFactory
instanceKlass java/net/URLStreamHandlerFactory
instanceKlass jdk/internal/loader/URLClassPath
instanceKlass java/security/Principal
instanceKlass java/security/ProtectionDomain$Key
instanceKlass java/security/ProtectionDomain$JavaSecurityAccessImpl
instanceKlass jdk/internal/misc/JavaSecurityAccess
instanceKlass java/lang/ClassLoader$ParallelLoaders
instanceKlass jdk/internal/reflect/Reflection
instanceKlass jdk/internal/loader/AbstractClassLoaderValue
instanceKlass jdk/internal/module/ServicesCatalog
instanceKlass jdk/internal/loader/BootLoader
instanceKlass java/util/Optional
instanceKlass jdk/internal/module/ModuleBootstrap$Counters
instanceKlass jdk/internal/module/SystemModuleFinders$SystemModuleFinder
instanceKlass java/lang/module/ModuleFinder
instanceKlass jdk/internal/module/SystemModuleFinders$3
instanceKlass jdk/internal/module/ModuleHashes$HashSupplier
instanceKlass java/util/KeyValueHolder
instanceKlass jdk/internal/module/SystemModuleFinders$2
instanceKlass java/util/function/Supplier
instanceKlass java/lang/module/ModuleReference
instanceKlass jdk/internal/module/ModuleResolution
instanceKlass java/util/Collections$UnmodifiableMap
instanceKlass java/util/HashMap$Node
instanceKlass jdk/internal/module/ModuleHashes$Builder
instanceKlass jdk/internal/module/ModuleHashes
instanceKlass jdk/internal/module/ModuleTarget
instanceKlass java/lang/Enum
instanceKlass java/lang/module/ModuleDescriptor$Version
instanceKlass java/lang/module/ModuleDescriptor$Provides
instanceKlass java/lang/module/ModuleDescriptor$Opens
instanceKlass java/lang/module/ModuleDescriptor$Exports
instanceKlass java/lang/module/ModuleDescriptor$Requires
instanceKlass jdk/internal/module/Builder
instanceKlass jdk/internal/module/SystemModules$default
instanceKlass jdk/internal/module/SystemModules
instanceKlass jdk/internal/module/SystemModulesMap
instanceKlass java/net/URI$1
instanceKlass jdk/internal/misc/JavaNetUriAccess
instanceKlass java/net/URI
instanceKlass jdk/internal/module/SystemModuleFinders
instanceKlass jdk/internal/module/ArchivedModuleGraph
instanceKlass jdk/internal/module/ModulePatcher
instanceKlass java/util/ImmutableCollections
instanceKlass java/lang/module/ModuleDescriptor$1
instanceKlass jdk/internal/misc/JavaLangModuleAccess
instanceKlass java/lang/module/ModuleDescriptor
instanceKlass jdk/internal/module/ModuleBootstrap
instanceKlass java/lang/CharacterData
instanceKlass java/lang/invoke/MethodHandleStatics
instanceKlass java/io/ExpiringCache
instanceKlass java/io/FileSystem
instanceKlass java/io/DefaultFileSystem
instanceKlass java/io/File
instanceKlass java/lang/System$2
instanceKlass jdk/internal/misc/JavaLangAccess
instanceKlass jdk/internal/misc/OSEnvironment
instanceKlass java/lang/Integer$IntegerCache
instanceKlass jdk/internal/misc/Signal$NativeHandler
instanceKlass java/util/Hashtable$Entry
instanceKlass jdk/internal/misc/Signal
instanceKlass java/lang/Terminator$1
instanceKlass jdk/internal/misc/Signal$Handler
instanceKlass java/lang/Terminator
instanceKlass java/nio/ByteOrder
instanceKlass java/nio/Buffer$1
instanceKlass jdk/internal/misc/JavaNioAccess
instanceKlass java/util/Arrays
instanceKlass java/nio/charset/CodingErrorAction
instanceKlass java/nio/charset/CharsetEncoder
instanceKlass sun/nio/cs/HistoricallyNamedCharset
instanceKlass sun/security/action/GetPropertyAction
instanceKlass java/lang/ThreadLocal
instanceKlass java/nio/charset/spi/CharsetProvider
instanceKlass java/nio/charset/Charset
instanceKlass java/io/Writer
instanceKlass java/io/OutputStream
instanceKlass java/io/Flushable
instanceKlass java/io/FileDescriptor$1
instanceKlass jdk/internal/misc/JavaIOFileDescriptorAccess
instanceKlass java/io/FileDescriptor
instanceKlass java/lang/VersionProps
instanceKlass jdk/internal/util/StaticProperty
instanceKlass java/lang/Math
instanceKlass java/util/concurrent/ConcurrentHashMap$MapEntry
instanceKlass java/util/concurrent/ConcurrentHashMap$Traverser
instanceKlass java/util/Iterator
instanceKlass java/lang/reflect/Array
instanceKlass java/util/Collections$SynchronizedCollection
instanceKlass java/util/List
instanceKlass java/util/RandomAccess
instanceKlass java/util/Collections
instanceKlass java/util/concurrent/ConcurrentHashMap$CollectionView
instanceKlass java/util/Properties$EntrySet
instanceKlass java/lang/StringLatin1
instanceKlass jdk/internal/misc/VM
instanceKlass jdk/internal/misc/SharedSecrets
instanceKlass java/lang/ref/Reference$1
instanceKlass jdk/internal/misc/JavaLangRefAccess
instanceKlass java/lang/ref/ReferenceQueue$Lock
instanceKlass java/lang/ref/ReferenceQueue
instanceKlass jdk/internal/reflect/ReflectionFactory
instanceKlass java/util/concurrent/locks/LockSupport
instanceKlass java/util/concurrent/ConcurrentHashMap$Node
instanceKlass java/util/Map$Entry
instanceKlass java/util/concurrent/ConcurrentHashMap$CounterCell
instanceKlass java/util/concurrent/locks/ReentrantLock
instanceKlass java/util/concurrent/locks/Lock
instanceKlass java/lang/Runtime
instanceKlass java/util/concurrent/ConcurrentMap
instanceKlass java/util/AbstractMap
instanceKlass java/security/cert/Certificate
instanceKlass jdk/internal/reflect/ReflectionFactory$GetReflectionFactoryAction
instanceKlass java/security/PrivilegedAction
instanceKlass java/util/Objects
instanceKlass java/util/AbstractCollection
instanceKlass java/util/Set
instanceKlass java/util/Collection
instanceKlass java/lang/Iterable
instanceKlass java/security/AccessController
instanceKlass java/lang/String$CaseInsensitiveComparator
instanceKlass java/util/Comparator
instanceKlass java/io/ObjectStreamField
instanceKlass java/lang/Number
instanceKlass java/lang/Character
instanceKlass java/lang/Boolean
instanceKlass java/util/concurrent/locks/AbstractOwnableSynchronizer
instanceKlass java/lang/LiveStackFrame
instanceKlass java/lang/StackFrameInfo
instanceKlass java/lang/StackWalker$StackFrame
instanceKlass java/lang/StackStreamFactory$AbstractStackWalker
instanceKlass java/lang/StackWalker
instanceKlass java/nio/Buffer
instanceKlass java/lang/StackTraceElement
instanceKlass java/security/CodeSource
instanceKlass jdk/internal/loader/ClassLoaders
instanceKlass java/util/jar/Manifest
instanceKlass java/net/URL
instanceKlass java/io/InputStream
instanceKlass java/io/Closeable
instanceKlass java/lang/AutoCloseable
instanceKlass jdk/internal/module/Modules
instanceKlass jdk/internal/misc/Unsafe
instanceKlass java/lang/AbstractStringBuilder
instanceKlass java/lang/Appendable
instanceKlass java/lang/AssertionStatusDirectives
instanceKlass java/lang/invoke/MethodHandleNatives$CallSiteContext
instanceKlass java/lang/invoke/CallSite
instanceKlass java/lang/invoke/MethodType
instanceKlass java/lang/invoke/LambdaForm
instanceKlass java/lang/invoke/MethodHandleNatives
instanceKlass java/lang/invoke/ResolvedMethodName
instanceKlass java/lang/invoke/MemberName
instanceKlass java/lang/invoke/VarHandle
instanceKlass java/lang/invoke/MethodHandle
instanceKlass jdk/internal/reflect/CallerSensitive
instanceKlass java/lang/annotation/Annotation
instanceKlass jdk/internal/reflect/FieldAccessor
instanceKlass jdk/internal/reflect/ConstantPool
instanceKlass jdk/internal/reflect/ConstructorAccessor
instanceKlass jdk/internal/reflect/MethodAccessor
instanceKlass jdk/internal/reflect/MagicAccessorImpl
instanceKlass java/lang/reflect/Parameter
instanceKlass java/lang/reflect/Member
instanceKlass java/lang/reflect/AccessibleObject
instanceKlass java/lang/Module
instanceKlass java/util/Dictionary
instanceKlass java/util/Map
instanceKlass java/lang/ThreadGroup
instanceKlass java/lang/Thread$UncaughtExceptionHandler
instanceKlass java/lang/Thread
instanceKlass java/lang/Runnable
instanceKlass java/lang/ref/Reference
instanceKlass java/security/AccessControlContext
instanceKlass java/security/ProtectionDomain
instanceKlass java/lang/SecurityManager
instanceKlass java/lang/Throwable
instanceKlass java/lang/System
instanceKlass java/lang/ClassLoader
instanceKlass java/lang/Cloneable
instanceKlass java/lang/Class
instanceKlass java/lang/reflect/Type
instanceKlass java/lang/reflect/GenericDeclaration
instanceKlass java/lang/reflect/AnnotatedEleme